method,removal_percent,missing_only,n_pairs,with_windows_run,without_windows_run,mean_with_windows_abs_error,std_with_windows_abs_error,mean_without_windows_abs_error,std_without_windows_abs_error,mean_error_difference_with_minus_without,median_error_difference_with_minus_without,std_error_difference_with_minus_without,better_window_condition_by_mean,paired_t_p_value,wilcoxon_p_value,cohen_dz_with_minus_without,bootstrap_mean_diff_ci_low,bootstrap_mean_diff_ci_high
learned_regression,15.0,True,30,with_windows_removed_15pct,without_windows_removed_15pct,3.714131164550781,2.7451260499725456,3.302258110046387,2.53062597116373,0.41187305450439454,0.5727787017822266,4.29519906479489,without_windows,0.6034235575926941,0.46454504504799843,0.09589149380299161,-1.0881348927815755,1.9509839948018375
learned_regression,30.0,True,60,with_windows_removed_30pct,without_windows_removed_30pct,3.716706720987956,2.923365717864872,3.5452128410339356,3.2176005726547463,0.17149387995402024,-0.17505073547363276,3.4364410704080237,without_windows,0.7004736615123636,0.8597609516621914,0.04990450190774202,-0.6770459103584289,1.0213285255432119
learned_regression,45.0,True,90,with_windows_removed_45pct,without_windows_removed_45pct,3.8797103669908313,3.0134301040184184,4.738187111748589,3.255971382982788,-0.8584767447577583,-0.5097866058349614,4.287035160835989,with_windows,0.06070630856585745,0.10191715432435804,-0.20024952270052102,-1.7270595460467868,0.015101111200120575
learned_regression,60.0,True,120,with_windows_removed_60pct,without_windows_removed_60pct,3.33119961420695,2.5275592626603225,3.514900048573812,2.8126336155680334,-0.183700434366862,0.07314300537109375,3.8990716416231015,with_windows,0.6067374766904485,0.8238438214999022,-0.04711389049789077,-0.8622315903504689,0.5199699982007343
learned_regression,75.0,True,150,with_windows_removed_75pct,without_windows_removed_75pct,3.2504984537760415,2.384133197886234,2.9458372243245443,2.341161882661786,0.3046612294514974,0.2851066589355473,3.289229681322124,without_windows,0.2584459036449571,0.24739427999435748,0.09262388430382798,-0.21819140911102294,0.851391954421997
