method,removal_percent,missing_only,n_pairs,with_windows_run,without_windows_run,mean_with_windows_abs_error,std_with_windows_abs_error,mean_without_windows_abs_error,std_without_windows_abs_error,mean_error_difference_with_minus_without,median_error_difference_with_minus_without,std_error_difference_with_minus_without,better_window_condition_by_mean,paired_t_p_value,wilcoxon_p_value,cohen_dz_with_minus_without,bootstrap_mean_diff_ci_low,bootstrap_mean_diff_ci_high
query_point,0.0,False,200,with_windows_original,without_windows_original,1.29,3.739763247282994,0.935,2.571739532127141,0.355,0.0,4.2837750458230275,without_windows,0.242610064539668,0.5102637415669471,0.08287083149852818,-0.22012499999999996,0.97
query_point,15.0,False,200,with_windows_removed_15pct,without_windows_removed_15pct,1.92,4.13874935592333,1.995,4.053037201009117,-0.075,0.0,4.454050722566592,with_windows,0.8120223150713757,0.7704681567331418,-0.01683860482773806,-0.705,0.54
query_point,30.0,False,200,with_windows_removed_30pct,without_windows_removed_30pct,2.905,5.073923382596776,3.635,5.556631693651692,-0.73,0.0,6.266854660568044,with_windows,0.10106239645077443,0.06096811292456072,-0.11648586723947271,-1.605,0.13
query_point,45.0,False,200,with_windows_removed_45pct,without_windows_removed_45pct,4.48,5.544665597032392,4.2,6.723542976047209,0.28,0.0,7.6204960336578464,without_windows,0.6039026712117695,0.4251028972915577,0.03674301499053464,-0.770125,1.325
query_point,60.0,False,200,with_windows_removed_60pct,without_windows_removed_60pct,5.835,6.9135200002581785,5.76,6.584770002050147,0.075,0.0,7.641422096592457,without_windows,0.8897453741237149,0.9808520189906299,0.009814926992901594,-0.975,1.1201249999999983
query_point,75.0,False,200,with_windows_removed_75pct,without_windows_removed_75pct,8.73,8.397002336620256,7.735,6.96832568226187,0.995,0.0,9.408911364516442,without_windows,0.13635712491973095,0.2334008270715605,0.10575081021088317,-0.295,2.32
