method,removal_percent,missing_only,n_pairs,with_windows_run,without_windows_run,mean_with_windows_abs_error,std_with_windows_abs_error,mean_without_windows_abs_error,std_without_windows_abs_error,mean_error_difference_with_minus_without,median_error_difference_with_minus_without,std_error_difference_with_minus_without,better_window_condition_by_mean,paired_t_p_value,wilcoxon_p_value,cohen_dz_with_minus_without,bootstrap_mean_diff_ci_low,bootstrap_mean_diff_ci_high
learned_regression,15.0,True,15,with_windows_removed_15pct,without_windows_removed_15pct,4.234682591756185,2.961366248258642,3.597137196858724,2.888482735786914,0.637545394897461,1.2594985961914062,4.438540171113052,without_windows,0.5867815764324592,0.42120361328125,0.1436385321116929,-1.6384968344370523,2.6876494661966936
learned_regression,30.0,True,30,with_windows_removed_30pct,without_windows_removed_30pct,3.495396614074707,2.7305381652865313,6.952402623494466,4.380371339877214,-3.457006009419759,-2.1705398559570312,5.347034323871281,with_windows,0.0013678150127630349,0.0007978975772857666,-0.646527738560853,-5.3874218591054275,-1.6307514413197837
learned_regression,45.0,True,45,with_windows_removed_45pct,without_windows_removed_45pct,4.6961817423502605,3.0355913589734227,4.076985804239909,3.329783065055361,0.6191959381103516,1.7413406372070312,4.353859192716954,without_windows,0.3452828515554942,0.15633603877535052,0.14221772241650113,-0.6778337732950847,1.8496000989278114
learned_regression,60.0,True,60,with_windows_removed_60pct,without_windows_removed_60pct,4.330159028371175,3.2179313346038274,4.3656355539957685,3.394916389291477,-0.03547652562459309,0.7686729431152344,4.434639162970421,with_windows,0.9507987920085234,0.8023596079110755,-0.007999867479822217,-1.151645971139272,1.0501936133702579
learned_regression,75.0,True,75,with_windows_removed_75pct,without_windows_removed_75pct,4.412036666870117,3.3640466950402224,4.715787531534831,3.676823117801894,-0.3037508646647135,0.67022705078125,5.042906727940734,with_windows,0.6034818849250254,0.7634207945050966,-0.060233290253367405,-1.4673214009602864,0.826479943593343
