method,removal_percent,missing_only,n_pairs,with_windows_run,without_windows_run,mean_with_windows_abs_error,std_with_windows_abs_error,mean_without_windows_abs_error,std_without_windows_abs_error,mean_error_difference_with_minus_without,median_error_difference_with_minus_without,std_error_difference_with_minus_without,better_window_condition_by_mean,paired_t_p_value,wilcoxon_p_value,cohen_dz_with_minus_without,bootstrap_mean_diff_ci_low,bootstrap_mean_diff_ci_high
learned_regression,0.0,False,100,with_windows_original,without_windows_original,0.20889732360839844,0.3742164690658928,0.24817773818969727,0.2149659620604374,-0.03928041458129883,-0.0455207824707031,0.368410253071494,with_windows,0.288920271635904,0.01355983191000595,-0.10662139355192168,-0.1014860463142395,0.037654568195342936
learned_regression,15.0,False,100,with_windows_removed_15pct,without_windows_removed_15pct,0.764986686706543,1.8439022160209926,0.6827289199829102,1.646740410503172,0.08225776672363282,0.016754150390625,1.6925679023640958,without_windows,0.6280454756007977,0.5751746153622864,0.04859938948903569,-0.2489215717315674,0.4161427211761474
learned_regression,30.0,False,100,with_windows_removed_30pct,without_windows_removed_30pct,1.107231979370117,2.157831404787832,2.1974754524230957,3.926602284009161,-1.0902434730529784,-0.10064506530761715,3.2884032657620965,with_windows,0.00127979323973451,3.3978523164404245e-06,-0.3315419019328554,-1.7342901248931883,-0.47311107206344666
learned_regression,45.0,False,100,with_windows_removed_45pct,without_windows_removed_45pct,2.1626619720458984,3.0662823642581416,1.8801502037048339,2.986519362914443,0.28251176834106445,0.034101486206054646,2.9195149374694718,without_windows,0.3355688559141813,0.05907425074396596,0.09676668021638392,-0.2987234768867493,0.856103833198547
learned_regression,60.0,False,100,with_windows_removed_60pct,without_windows_removed_60pct,2.619651184082031,3.256509735388068,2.6429961204528807,3.3713554577638707,-0.0233449363708496,0.0159149169921875,3.4237945526671147,with_windows,0.9457763718871653,0.579872956766072,-0.006818439603119305,-0.7074365963935851,0.6405293788909912
learned_regression,75.0,False,100,with_windows_removed_75pct,without_windows_removed_75pct,3.321356792449951,3.4733354616989156,3.545343475341797,3.775806530092771,-0.2239866828918457,0.0182561874389648,4.362188550570511,with_windows,0.6087644193287294,0.9260348271927795,-0.051347318048081965,-1.087044572353363,0.6084897475242611
