method,removal_percent,missing_only,n_pairs,with_windows_run,without_windows_run,mean_with_windows_abs_error,std_with_windows_abs_error,mean_without_windows_abs_error,std_without_windows_abs_error,mean_error_difference_with_minus_without,median_error_difference_with_minus_without,std_error_difference_with_minus_without,better_window_condition_by_mean,paired_t_p_value,wilcoxon_p_value,cohen_dz_with_minus_without,bootstrap_mean_diff_ci_low,bootstrap_mean_diff_ci_high
query_point,15.0,True,15,with_windows_removed_15pct,without_windows_removed_15pct,11.0,8.560707580902077,13.0,12.711075036023844,-2.0,0.0,16.405573965663535,with_windows,0.644091577474485,0.5287383731031882,-0.12190978530747848,-9.935,6.0
query_point,30.0,True,30,with_windows_removed_30pct,without_windows_removed_30pct,10.2,7.631152125244307,10.6,6.916247736932267,-0.4,-1.0,11.087737868225545,with_windows,0.844739840237033,0.9363811612911287,-0.036075888946318954,-4.333333333333333,3.466666666666667
query_point,45.0,True,45,with_windows_removed_45pct,without_windows_removed_45pct,11.777777777777779,8.620506441800929,13.044444444444444,12.910453050911807,-1.2666666666666666,-1.0,12.162535620801807,with_windows,0.48846242939290085,0.4676550975151086,-0.1041449502108971,-4.777777777777778,2.2222222222222223
query_point,60.0,True,60,with_windows_removed_60pct,without_windows_removed_60pct,14.75,10.162451659359249,10.1,7.340853873577675,4.65,6.0,10.53295876470534,without_windows,0.0011433254899558126,0.0014035798807027684,0.4414713950634254,2.05,7.366666666666666
query_point,75.0,True,75,with_windows_removed_75pct,without_windows_removed_75pct,14.84,12.859994535747653,16.2,12.751258549437173,-1.36,0.0,10.605505964203536,with_windows,0.27035762530060176,0.9737936562931735,-0.12823527746722974,-3.84,0.88
