method,removal_percent,missing_only,n_pairs,with_windows_run,without_windows_run,mean_with_windows_abs_error,std_with_windows_abs_error,mean_without_windows_abs_error,std_without_windows_abs_error,mean_error_difference_with_minus_without,median_error_difference_with_minus_without,std_error_difference_with_minus_without,better_window_condition_by_mean,paired_t_p_value,wilcoxon_p_value,cohen_dz_with_minus_without,bootstrap_mean_diff_ci_low,bootstrap_mean_diff_ci_high
query_point,0.0,False,100,with_windows_original,without_windows_original,2.79,5.470388607325033,1.98,3.9131480003607413,0.81,0.0,5.818283616533681,without_windows,0.16699243388846285,0.24988243182050696,0.139216314188989,-0.3,1.94
query_point,15.0,False,100,with_windows_removed_15pct,without_windows_removed_15pct,3.49,5.663091563855034,4.64,7.541829480914556,-1.15,0.0,8.46904643243544,with_windows,0.17758670575758312,0.13002125179318424,-0.13578860491254796,-2.82,0.5
query_point,30.0,False,100,with_windows_removed_30pct,without_windows_removed_30pct,6.2,7.333333333333333,7.71,6.695837693988888,-1.51,0.0,10.182669967978324,with_windows,0.14127436603909818,0.148347311191664,-0.14829116575009615,-3.5,0.45
query_point,45.0,False,100,with_windows_removed_45pct,without_windows_removed_45pct,8.62,8.430080819675611,8.85,11.138589758949818,-0.23,0.0,10.749540746591283,with_windows,0.8310162562233665,0.7040548818293859,-0.021396262912248956,-2.35,1.85
query_point,60.0,False,100,with_windows_removed_60pct,without_windows_removed_60pct,12.02,10.111479624764133,7.71,7.319953358575255,4.31,4.0,10.302196490324407,without_windows,6.21418430341532e-05,0.0001032145647586221,0.4183573866066188,2.29,6.32
query_point,75.0,False,100,with_windows_removed_75pct,without_windows_removed_75pct,12.41,12.255771676803521,13.54,12.462809320599275,-1.13,0.0,10.157004847628432,with_windows,0.26860338747490314,0.9727024219418464,-0.1112532697337291,-3.25,0.75
