age,pc1_raw,pc1_oriented,v_node,model,run,window_condition,removal_percent
1.0,-0.3200346229503601,-0.3200346229503601,v1,transe,with_windows_original,with_windows,0.0
2.0,-0.32048933874737756,-0.32048933874737756,v2,transe,with_windows_original,with_windows,0.0
3.0,-0.4367857200188635,-0.4367857200188635,v3,transe,with_windows_original,with_windows,0.0
4.0,-0.4637986834196015,-0.4637986834196015,v4,transe,with_windows_original,with_windows,0.0
5.0,-0.31529129132184563,-0.31529129132184563,v5,transe,with_windows_original,with_windows,0.0
6.0,-0.3731880210024765,-0.3731880210024765,v6,transe,with_windows_original,with_windows,0.0
7.0,-0.39829954726911376,-0.39829954726911376,v7,transe,with_windows_original,with_windows,0.0
8.0,-0.41195728358743994,-0.41195728358743994,v8,transe,with_windows_original,with_windows,0.0
9.0,-0.4154990680073511,-0.4154990680073511,v9,transe,with_windows_original,with_windows,0.0
10.0,-0.3118638452871089,-0.3118638452871089,v10,transe,with_windows_original,with_windows,0.0
11.0,-0.3615948164110117,-0.3615948164110117,v11,transe,with_windows_original,with_windows,0.0
12.0,-0.4609171703894908,-0.4609171703894908,v12,transe,with_windows_original,with_windows,0.0
13.0,-0.34925889162430773,-0.34925889162430773,v13,transe,with_windows_original,with_windows,0.0
14.0,-0.3535675421898474,-0.3535675421898474,v14,transe,with_windows_original,with_windows,0.0
15.0,-0.22067036626408149,-0.22067036626408149,v15,transe,with_windows_original,with_windows,0.0
16.0,-0.3471804727401359,-0.3471804727401359,v16,transe,with_windows_original,with_windows,0.0
17.0,-0.264470219620648,-0.264470219620648,v17,transe,with_windows_original,with_windows,0.0
18.0,-0.2988626652684712,-0.2988626652684712,v18,transe,with_windows_original,with_windows,0.0
19.0,-0.39672434806435847,-0.39672434806435847,v19,transe,with_windows_original,with_windows,0.0
20.0,-0.3369900359210811,-0.3369900359210811,v20,transe,with_windows_original,with_windows,0.0
21.0,-0.2489365590419873,-0.2489365590419873,v21,transe,with_windows_original,with_windows,0.0
22.0,-0.2847587290427211,-0.2847587290427211,v22,transe,with_windows_original,with_windows,0.0
23.0,-0.34193196721594893,-0.34193196721594893,v23,transe,with_windows_original,with_windows,0.0
24.0,-0.3371669666333666,-0.3371669666333666,v24,transe,with_windows_original,with_windows,0.0
25.0,-0.3196035009258021,-0.3196035009258021,v25,transe,with_windows_original,with_windows,0.0
26.0,-0.2887946065118331,-0.2887946065118331,v26,transe,with_windows_original,with_windows,0.0
27.0,-0.3919878315709319,-0.3919878315709319,v27,transe,with_windows_original,with_windows,0.0
28.0,-0.23679549736523609,-0.23679549736523609,v28,transe,with_windows_original,with_windows,0.0
29.0,-0.32643892010660325,-0.32643892010660325,v29,transe,with_windows_original,with_windows,0.0
30.0,-0.3667693193204445,-0.3667693193204445,v30,transe,with_windows_original,with_windows,0.0
31.0,-0.21953339794132465,-0.21953339794132465,v31,transe,with_windows_original,with_windows,0.0
32.0,-0.1836822343504202,-0.1836822343504202,v32,transe,with_windows_original,with_windows,0.0
33.0,-0.3071482112377234,-0.3071482112377234,v33,transe,with_windows_original,with_windows,0.0
34.0,-0.17826276471754338,-0.17826276471754338,v34,transe,with_windows_original,with_windows,0.0
35.0,-0.2667712444529816,-0.2667712444529816,v35,transe,with_windows_original,with_windows,0.0
36.0,-0.17692539980648725,-0.17692539980648725,v36,transe,with_windows_original,with_windows,0.0
37.0,-0.16765276538222088,-0.16765276538222088,v37,transe,with_windows_original,with_windows,0.0
38.0,-0.08711502635578676,-0.08711502635578676,v38,transe,with_windows_original,with_windows,0.0
39.0,-0.12530924345930222,-0.12530924345930222,v39,transe,with_windows_original,with_windows,0.0
40.0,-0.12906178204849406,-0.12906178204849406,v40,transe,with_windows_original,with_windows,0.0
41.0,-0.05015845356491399,-0.05015845356491399,v41,transe,with_windows_original,with_windows,0.0
42.0,-0.12353706392804836,-0.12353706392804836,v42,transe,with_windows_original,with_windows,0.0
43.0,-0.10716119328412221,-0.10716119328412221,v43,transe,with_windows_original,with_windows,0.0
44.0,-0.048221762120610266,-0.048221762120610266,v44,transe,with_windows_original,with_windows,0.0
45.0,-0.12894125691524136,-0.12894125691524136,v45,transe,with_windows_original,with_windows,0.0
46.0,-0.11073073682887574,-0.11073073682887574,v46,transe,with_windows_original,with_windows,0.0
47.0,-0.026838889622154482,-0.026838889622154482,v47,transe,with_windows_original,with_windows,0.0
48.0,0.007092781684466804,0.007092781684466804,v48,transe,with_windows_original,with_windows,0.0
49.0,0.04998565257226429,0.04998565257226429,v49,transe,with_windows_original,with_windows,0.0
50.0,0.03918921727108636,0.03918921727108636,v50,transe,with_windows_original,with_windows,0.0
51.0,-0.03707328722226217,-0.03707328722226217,v51,transe,with_windows_original,with_windows,0.0
52.0,0.058635397625291054,0.058635397625291054,v52,transe,with_windows_original,with_windows,0.0
53.0,0.07496705373674852,0.07496705373674852,v53,transe,with_windows_original,with_windows,0.0
54.0,0.040477977121653096,0.040477977121653096,v54,transe,with_windows_original,with_windows,0.0
55.0,-0.026281338370350037,-0.026281338370350037,v55,transe,with_windows_original,with_windows,0.0
56.0,0.0660589895650218,0.0660589895650218,v56,transe,with_windows_original,with_windows,0.0
57.0,0.13938349734375982,0.13938349734375982,v57,transe,with_windows_original,with_windows,0.0
58.0,0.043489313151003156,0.043489313151003156,v58,transe,with_windows_original,with_windows,0.0
59.0,0.16640190893955323,0.16640190893955323,v59,transe,with_windows_original,with_windows,0.0
60.0,0.13888085032074413,0.13888085032074413,v60,transe,with_windows_original,with_windows,0.0
61.0,0.1798116232390747,0.1798116232390747,v61,transe,with_windows_original,with_windows,0.0
62.0,0.14904124082868409,0.14904124082868409,v62,transe,with_windows_original,with_windows,0.0
63.0,0.15099881236212162,0.15099881236212162,v63,transe,with_windows_original,with_windows,0.0
64.0,0.1486532210416304,0.1486532210416304,v64,transe,with_windows_original,with_windows,0.0
65.0,0.22635220481362134,0.22635220481362134,v65,transe,with_windows_original,with_windows,0.0
66.0,0.1844806268013544,0.1844806268013544,v66,transe,with_windows_original,with_windows,0.0
67.0,0.275483806519986,0.275483806519986,v67,transe,with_windows_original,with_windows,0.0
68.0,0.22746733788432522,0.22746733788432522,v68,transe,with_windows_original,with_windows,0.0
69.0,0.2120395705427606,0.2120395705427606,v69,transe,with_windows_original,with_windows,0.0
70.0,0.24340361300886398,0.24340361300886398,v70,transe,with_windows_original,with_windows,0.0
71.0,0.19401046053086285,0.19401046053086285,v71,transe,with_windows_original,with_windows,0.0
72.0,0.2218553600135767,0.2218553600135767,v72,transe,with_windows_original,with_windows,0.0
73.0,0.1774797934595696,0.1774797934595696,v73,transe,with_windows_original,with_windows,0.0
74.0,0.26151050636313655,0.26151050636313655,v74,transe,with_windows_original,with_windows,0.0
75.0,0.18798889614572317,0.18798889614572317,v75,transe,with_windows_original,with_windows,0.0
76.0,0.29219254903553654,0.29219254903553654,v76,transe,with_windows_original,with_windows,0.0
77.0,0.24886371691492037,0.24886371691492037,v77,transe,with_windows_original,with_windows,0.0
78.0,0.2973023678414051,0.2973023678414051,v78,transe,with_windows_original,with_windows,0.0
79.0,0.39082357366652304,0.39082357366652304,v79,transe,with_windows_original,with_windows,0.0
80.0,0.27897070125218904,0.27897070125218904,v80,transe,with_windows_original,with_windows,0.0
81.0,0.3740083665019177,0.3740083665019177,v81,transe,with_windows_original,with_windows,0.0
82.0,0.30934213965696233,0.30934213965696233,v82,transe,with_windows_original,with_windows,0.0
83.0,0.29675873723497714,0.29675873723497714,v83,transe,with_windows_original,with_windows,0.0
84.0,0.3837088412823235,0.3837088412823235,v84,transe,with_windows_original,with_windows,0.0
85.0,0.2982883327367595,0.2982883327367595,v85,transe,with_windows_original,with_windows,0.0
86.0,0.4483236765033463,0.4483236765033463,v86,transe,with_windows_original,with_windows,0.0
87.0,0.31717893033058325,0.31717893033058325,v87,transe,with_windows_original,with_windows,0.0
88.0,0.2672819918869904,0.2672819918869904,v88,transe,with_windows_original,with_windows,0.0
89.0,0.412294007127658,0.412294007127658,v89,transe,with_windows_original,with_windows,0.0
90.0,0.4301741971309394,0.4301741971309394,v90,transe,with_windows_original,with_windows,0.0
91.0,0.4073035364656601,0.4073035364656601,v91,transe,with_windows_original,with_windows,0.0
92.0,0.3472068051719479,0.3472068051719479,v92,transe,with_windows_original,with_windows,0.0
93.0,0.3266159910831595,0.3266159910831595,v93,transe,with_windows_original,with_windows,0.0
94.0,0.4538098438916813,0.4538098438916813,v94,transe,with_windows_original,with_windows,0.0
95.0,0.31109441795512094,0.31109441795512094,v95,transe,with_windows_original,with_windows,0.0
96.0,0.3936113905668443,0.3936113905668443,v96,transe,with_windows_original,with_windows,0.0
97.0,0.42975622119178997,0.42975622119178997,v97,transe,with_windows_original,with_windows,0.0
98.0,0.40472508996934364,0.40472508996934364,v98,transe,with_windows_original,with_windows,0.0
99.0,0.3965331041698785,0.3965331041698785,v99,transe,with_windows_original,with_windows,0.0
100.0,0.4197256569933708,0.4197256569933708,v100,transe,with_windows_original,with_windows,0.0
1.0,0.37079291830545885,-0.37079291830545885,v1,transe,without_windows_original,without_windows,0.0
2.0,0.3855451325761244,-0.3855451325761244,v2,transe,without_windows_original,without_windows,0.0
3.0,0.44455922973756457,-0.44455922973756457,v3,transe,without_windows_original,without_windows,0.0
4.0,0.3762382633305559,-0.3762382633305559,v4,transe,without_windows_original,without_windows,0.0
5.0,0.441201927690114,-0.441201927690114,v5,transe,without_windows_original,without_windows,0.0
6.0,0.396058052116471,-0.396058052116471,v6,transe,without_windows_original,without_windows,0.0
7.0,0.3767137957402507,-0.3767137957402507,v7,transe,without_windows_original,without_windows,0.0
8.0,0.35183470181169135,-0.35183470181169135,v8,transe,without_windows_original,without_windows,0.0
9.0,0.35593955195717336,-0.35593955195717336,v9,transe,without_windows_original,without_windows,0.0
10.0,0.32483458376746144,-0.32483458376746144,v10,transe,without_windows_original,without_windows,0.0
11.0,0.37128023937258914,-0.37128023937258914,v11,transe,without_windows_original,without_windows,0.0
12.0,0.3243402932631374,-0.3243402932631374,v12,transe,without_windows_original,without_windows,0.0
13.0,0.42663005649498653,-0.42663005649498653,v13,transe,without_windows_original,without_windows,0.0
14.0,0.30284219660036293,-0.30284219660036293,v14,transe,without_windows_original,without_windows,0.0
15.0,0.3781497341411705,-0.3781497341411705,v15,transe,without_windows_original,without_windows,0.0
16.0,0.39959338621228563,-0.39959338621228563,v16,transe,without_windows_original,without_windows,0.0
17.0,0.30068301710623213,-0.30068301710623213,v17,transe,without_windows_original,without_windows,0.0
18.0,0.3844312638633054,-0.3844312638633054,v18,transe,without_windows_original,without_windows,0.0
19.0,0.32342716546488526,-0.32342716546488526,v19,transe,without_windows_original,without_windows,0.0
20.0,0.4388808232572301,-0.4388808232572301,v20,transe,without_windows_original,without_windows,0.0
21.0,0.3653047392472057,-0.3653047392472057,v21,transe,without_windows_original,without_windows,0.0
22.0,0.33033015101552077,-0.33033015101552077,v22,transe,without_windows_original,without_windows,0.0
23.0,0.29561617955532365,-0.29561617955532365,v23,transe,without_windows_original,without_windows,0.0
24.0,0.29964780934836927,-0.29964780934836927,v24,transe,without_windows_original,without_windows,0.0
25.0,0.29614310267718646,-0.29614310267718646,v25,transe,without_windows_original,without_windows,0.0
26.0,0.2734961684041486,-0.2734961684041486,v26,transe,without_windows_original,without_windows,0.0
27.0,0.38358966663414473,-0.38358966663414473,v27,transe,without_windows_original,without_windows,0.0
28.0,0.29992596116434317,-0.29992596116434317,v28,transe,without_windows_original,without_windows,0.0
29.0,0.1961440854401235,-0.1961440854401235,v29,transe,without_windows_original,without_windows,0.0
30.0,0.19822215977879828,-0.19822215977879828,v30,transe,without_windows_original,without_windows,0.0
31.0,0.3104991327368171,-0.3104991327368171,v31,transe,without_windows_original,without_windows,0.0
32.0,0.22928980896928056,-0.22928980896928056,v32,transe,without_windows_original,without_windows,0.0
33.0,0.25465750130033415,-0.25465750130033415,v33,transe,without_windows_original,without_windows,0.0
34.0,0.21003548832306615,-0.21003548832306615,v34,transe,without_windows_original,without_windows,0.0
35.0,0.13385020885483778,-0.13385020885483778,v35,transe,without_windows_original,without_windows,0.0
36.0,0.18543508313128368,-0.18543508313128368,v36,transe,without_windows_original,without_windows,0.0
37.0,0.21197324471777237,-0.21197324471777237,v37,transe,without_windows_original,without_windows,0.0
38.0,0.13214232109932192,-0.13214232109932192,v38,transe,without_windows_original,without_windows,0.0
39.0,0.09471315572545073,-0.09471315572545073,v39,transe,without_windows_original,without_windows,0.0
40.0,0.022038033859813504,-0.022038033859813504,v40,transe,without_windows_original,without_windows,0.0
41.0,0.10433501480100824,-0.10433501480100824,v41,transe,without_windows_original,without_windows,0.0
42.0,0.06183478319162941,-0.06183478319162941,v42,transe,without_windows_original,without_windows,0.0
43.0,0.04816413655466229,-0.04816413655466229,v43,transe,without_windows_original,without_windows,0.0
44.0,0.04142307828637404,-0.04142307828637404,v44,transe,without_windows_original,without_windows,0.0
45.0,-0.00029769108003826914,0.00029769108003826914,v45,transe,without_windows_original,without_windows,0.0
46.0,0.18110234630295768,-0.18110234630295768,v46,transe,without_windows_original,without_windows,0.0
47.0,0.018444692336164106,-0.018444692336164106,v47,transe,without_windows_original,without_windows,0.0
48.0,0.1180795881777805,-0.1180795881777805,v48,transe,without_windows_original,without_windows,0.0
49.0,0.10937542806433422,-0.10937542806433422,v49,transe,without_windows_original,without_windows,0.0
50.0,-0.0102887610502703,0.0102887610502703,v50,transe,without_windows_original,without_windows,0.0
51.0,-0.04916708452764449,0.04916708452764449,v51,transe,without_windows_original,without_windows,0.0
52.0,-0.060651882247424994,0.060651882247424994,v52,transe,without_windows_original,without_windows,0.0
53.0,-0.0811747070609741,0.0811747070609741,v53,transe,without_windows_original,without_windows,0.0
54.0,-0.14259376397462073,0.14259376397462073,v54,transe,without_windows_original,without_windows,0.0
55.0,-0.05423433447569507,0.05423433447569507,v55,transe,without_windows_original,without_windows,0.0
56.0,-0.016365217282661916,0.016365217282661916,v56,transe,without_windows_original,without_windows,0.0
57.0,-0.1232452332690378,0.1232452332690378,v57,transe,without_windows_original,without_windows,0.0
58.0,-0.09820835448823118,0.09820835448823118,v58,transe,without_windows_original,without_windows,0.0
59.0,-0.04963288405127373,0.04963288405127373,v59,transe,without_windows_original,without_windows,0.0
60.0,-0.22276789834489177,0.22276789834489177,v60,transe,without_windows_original,without_windows,0.0
61.0,-0.20285826156587067,0.20285826156587067,v61,transe,without_windows_original,without_windows,0.0
62.0,-0.2413850661393333,0.2413850661393333,v62,transe,without_windows_original,without_windows,0.0
63.0,-0.13933528671738227,0.13933528671738227,v63,transe,without_windows_original,without_windows,0.0
64.0,-0.16749958388496816,0.16749958388496816,v64,transe,without_windows_original,without_windows,0.0
65.0,-0.16474819718097505,0.16474819718097505,v65,transe,without_windows_original,without_windows,0.0
66.0,-0.21064237457433668,0.21064237457433668,v66,transe,without_windows_original,without_windows,0.0
67.0,-0.0963209093645761,0.0963209093645761,v67,transe,without_windows_original,without_windows,0.0
68.0,-0.2614806815834784,0.2614806815834784,v68,transe,without_windows_original,without_windows,0.0
69.0,-0.21831294242382127,0.21831294242382127,v69,transe,without_windows_original,without_windows,0.0
70.0,-0.25342774308197,0.25342774308197,v70,transe,without_windows_original,without_windows,0.0
71.0,-0.2786888801481221,0.2786888801481221,v71,transe,without_windows_original,without_windows,0.0
72.0,-0.29377176402264105,0.29377176402264105,v72,transe,without_windows_original,without_windows,0.0
73.0,-0.272630862582768,0.272630862582768,v73,transe,without_windows_original,without_windows,0.0
74.0,-0.20213212618968368,0.20213212618968368,v74,transe,without_windows_original,without_windows,0.0
75.0,-0.3532995214598333,0.3532995214598333,v75,transe,without_windows_original,without_windows,0.0
76.0,-0.21416264368535165,0.21416264368535165,v76,transe,without_windows_original,without_windows,0.0
77.0,-0.37232269448110333,0.37232269448110333,v77,transe,without_windows_original,without_windows,0.0
78.0,-0.36746645283708057,0.36746645283708057,v78,transe,without_windows_original,without_windows,0.0
79.0,-0.2541509323980526,0.2541509323980526,v79,transe,without_windows_original,without_windows,0.0
80.0,-0.3037988408131648,0.3037988408131648,v80,transe,without_windows_original,without_windows,0.0
81.0,-0.4128643396069555,0.4128643396069555,v81,transe,without_windows_original,without_windows,0.0
82.0,-0.36732336948119676,0.36732336948119676,v82,transe,without_windows_original,without_windows,0.0
83.0,-0.3584235058958102,0.3584235058958102,v83,transe,without_windows_original,without_windows,0.0
84.0,-0.35036764737122644,0.35036764737122644,v84,transe,without_windows_original,without_windows,0.0
85.0,-0.36778707299131397,0.36778707299131397,v85,transe,without_windows_original,without_windows,0.0
86.0,-0.26971492391084345,0.26971492391084345,v86,transe,without_windows_original,without_windows,0.0
87.0,-0.34077494416990667,0.34077494416990667,v87,transe,without_windows_original,without_windows,0.0
88.0,-0.31528104395399226,0.31528104395399226,v88,transe,without_windows_original,without_windows,0.0
89.0,-0.2900316917501018,0.2900316917501018,v89,transe,without_windows_original,without_windows,0.0
90.0,-0.352641801819086,0.352641801819086,v90,transe,without_windows_original,without_windows,0.0
91.0,-0.3136578143478138,0.3136578143478138,v91,transe,without_windows_original,without_windows,0.0
92.0,-0.37313698998742967,0.37313698998742967,v92,transe,without_windows_original,without_windows,0.0
93.0,-0.39250162291295443,0.39250162291295443,v93,transe,without_windows_original,without_windows,0.0
94.0,-0.3877410700253518,0.3877410700253518,v94,transe,without_windows_original,without_windows,0.0
95.0,-0.39176097658069176,0.39176097658069176,v95,transe,without_windows_original,without_windows,0.0
96.0,-0.34911544806149536,0.34911544806149536,v96,transe,without_windows_original,without_windows,0.0
97.0,-0.3957873168377215,0.3957873168377215,v97,transe,without_windows_original,without_windows,0.0
98.0,-0.41517019932322846,0.41517019932322846,v98,transe,without_windows_original,without_windows,0.0
99.0,-0.31456203261600757,0.31456203261600757,v99,transe,without_windows_original,without_windows,0.0
100.0,-0.3440820138766984,0.3440820138766984,v100,transe,without_windows_original,without_windows,0.0
1.0,-0.35128544828616093,-0.35128544828616093,v1,transe,with_windows_removed_25pct,with_windows,25.0
2.0,-0.44667658036578034,-0.44667658036578034,v2,transe,with_windows_removed_25pct,with_windows,25.0
3.0,-0.40102542877441466,-0.40102542877441466,v3,transe,with_windows_removed_25pct,with_windows,25.0
4.0,-0.4744667603759505,-0.4744667603759505,v4,transe,with_windows_removed_25pct,with_windows,25.0
5.0,-0.3637352795935394,-0.3637352795935394,v5,transe,with_windows_removed_25pct,with_windows,25.0
6.0,-0.3997556673992652,-0.3997556673992652,v6,transe,with_windows_removed_25pct,with_windows,25.0
7.0,-0.3625465568575824,-0.3625465568575824,v7,transe,with_windows_removed_25pct,with_windows,25.0
8.0,-0.46970643187546984,-0.46970643187546984,v8,transe,with_windows_removed_25pct,with_windows,25.0
9.0,-0.3045028836977044,-0.3045028836977044,v9,transe,with_windows_removed_25pct,with_windows,25.0
10.0,-0.2815712670071013,-0.2815712670071013,v10,transe,with_windows_removed_25pct,with_windows,25.0
11.0,-0.36817031558293767,-0.36817031558293767,v11,transe,with_windows_removed_25pct,with_windows,25.0
12.0,-0.3099501012209013,-0.3099501012209013,v12,transe,with_windows_removed_25pct,with_windows,25.0
13.0,-0.40689812237140593,-0.40689812237140593,v13,transe,with_windows_removed_25pct,with_windows,25.0
14.0,-0.2800975363941694,-0.2800975363941694,v14,transe,with_windows_removed_25pct,with_windows,25.0
15.0,-0.3495163549099362,-0.3495163549099362,v15,transe,with_windows_removed_25pct,with_windows,25.0
16.0,-0.4038290755620317,-0.4038290755620317,v16,transe,with_windows_removed_25pct,with_windows,25.0
17.0,-0.32768955384349735,-0.32768955384349735,v17,transe,with_windows_removed_25pct,with_windows,25.0
18.0,-0.45432130137823834,-0.45432130137823834,v18,transe,with_windows_removed_25pct,with_windows,25.0
19.0,-0.35794100113149313,-0.35794100113149313,v19,transe,with_windows_removed_25pct,with_windows,25.0
20.0,-0.31151789458655593,-0.31151789458655593,v20,transe,with_windows_removed_25pct,with_windows,25.0
21.0,-0.3091185352488128,-0.3091185352488128,v21,transe,with_windows_removed_25pct,with_windows,25.0
22.0,-0.2849039092505589,-0.2849039092505589,v22,transe,with_windows_removed_25pct,with_windows,25.0
23.0,-0.30193028815502887,-0.30193028815502887,v23,transe,with_windows_removed_25pct,with_windows,25.0
24.0,-0.258779241496915,-0.258779241496915,v24,transe,with_windows_removed_25pct,with_windows,25.0
25.0,-0.24196750458687982,-0.24196750458687982,v25,transe,with_windows_removed_25pct,with_windows,25.0
26.0,-0.2527842803684427,-0.2527842803684427,v26,transe,with_windows_removed_25pct,with_windows,25.0
27.0,-0.2855162428029609,-0.2855162428029609,v27,transe,with_windows_removed_25pct,with_windows,25.0
28.0,-0.2654020880208478,-0.2654020880208478,v28,transe,with_windows_removed_25pct,with_windows,25.0
29.0,-0.33831164073430253,-0.33831164073430253,v29,transe,with_windows_removed_25pct,with_windows,25.0
30.0,-0.24914175663735777,-0.24914175663735777,v30,transe,with_windows_removed_25pct,with_windows,25.0
31.0,-0.23077827970307746,-0.23077827970307746,v31,transe,with_windows_removed_25pct,with_windows,25.0
32.0,-0.1735141244944483,-0.1735141244944483,v32,transe,with_windows_removed_25pct,with_windows,25.0
33.0,-0.17006680405471764,-0.17006680405471764,v33,transe,with_windows_removed_25pct,with_windows,25.0
34.0,-0.25084503640404543,-0.25084503640404543,v34,transe,with_windows_removed_25pct,with_windows,25.0
35.0,-0.12797423539064015,-0.12797423539064015,v35,transe,with_windows_removed_25pct,with_windows,25.0
36.0,-0.21421730563639044,-0.21421730563639044,v36,transe,with_windows_removed_25pct,with_windows,25.0
37.0,-0.11563751265145145,-0.11563751265145145,v37,transe,with_windows_removed_25pct,with_windows,25.0
38.0,-0.15907871112874908,-0.15907871112874908,v38,transe,with_windows_removed_25pct,with_windows,25.0
39.0,-0.19221143159947454,-0.19221143159947454,v39,transe,with_windows_removed_25pct,with_windows,25.0
40.0,-0.06988598823920361,-0.06988598823920361,v40,transe,with_windows_removed_25pct,with_windows,25.0
41.0,-0.07017897336224625,-0.07017897336224625,v41,transe,with_windows_removed_25pct,with_windows,25.0
42.0,-0.13623217741747146,-0.13623217741747146,v42,transe,with_windows_removed_25pct,with_windows,25.0
43.0,-0.09152262927407578,-0.09152262927407578,v43,transe,with_windows_removed_25pct,with_windows,25.0
44.0,-0.13343085872370722,-0.13343085872370722,v44,transe,with_windows_removed_25pct,with_windows,25.0
45.0,-0.05614080622336283,-0.05614080622336283,v45,transe,with_windows_removed_25pct,with_windows,25.0
46.0,-0.1286897263118744,-0.1286897263118744,v46,transe,with_windows_removed_25pct,with_windows,25.0
47.0,-0.0735726433219217,-0.0735726433219217,v47,transe,with_windows_removed_25pct,with_windows,25.0
48.0,-0.1200336333558093,-0.1200336333558093,v48,transe,with_windows_removed_25pct,with_windows,25.0
49.0,-0.04921426280580606,-0.04921426280580606,v49,transe,with_windows_removed_25pct,with_windows,25.0
50.0,0.011113522327436854,0.011113522327436854,v50,transe,with_windows_removed_25pct,with_windows,25.0
51.0,0.009516911026232297,0.009516911026232297,v51,transe,with_windows_removed_25pct,with_windows,25.0
52.0,-0.022359740374367887,-0.022359740374367887,v52,transe,with_windows_removed_25pct,with_windows,25.0
53.0,0.12339103038561747,0.12339103038561747,v53,transe,with_windows_removed_25pct,with_windows,25.0
54.0,0.08713629862997399,0.08713629862997399,v54,transe,with_windows_removed_25pct,with_windows,25.0
55.0,-0.025178009188966118,-0.025178009188966118,v55,transe,with_windows_removed_25pct,with_windows,25.0
56.0,0.03362146180950992,0.03362146180950992,v56,transe,with_windows_removed_25pct,with_windows,25.0
57.0,0.1642292095266918,0.1642292095266918,v57,transe,with_windows_removed_25pct,with_windows,25.0
58.0,0.10519059902953375,0.10519059902953375,v58,transe,with_windows_removed_25pct,with_windows,25.0
59.0,0.12145316477760021,0.12145316477760021,v59,transe,with_windows_removed_25pct,with_windows,25.0
60.0,0.05603099204112094,0.05603099204112094,v60,transe,with_windows_removed_25pct,with_windows,25.0
61.0,0.1208668427222718,0.1208668427222718,v61,transe,with_windows_removed_25pct,with_windows,25.0
62.0,0.14860723944493257,0.14860723944493257,v62,transe,with_windows_removed_25pct,with_windows,25.0
63.0,0.23445093458513389,0.23445093458513389,v63,transe,with_windows_removed_25pct,with_windows,25.0
64.0,0.1283623207635784,0.1283623207635784,v64,transe,with_windows_removed_25pct,with_windows,25.0
65.0,0.16526358326536927,0.16526358326536927,v65,transe,with_windows_removed_25pct,with_windows,25.0
66.0,0.22000315891586533,0.22000315891586533,v66,transe,with_windows_removed_25pct,with_windows,25.0
67.0,0.19158770590349114,0.19158770590349114,v67,transe,with_windows_removed_25pct,with_windows,25.0
68.0,0.23875120702706196,0.23875120702706196,v68,transe,with_windows_removed_25pct,with_windows,25.0
69.0,0.17364030378049905,0.17364030378049905,v69,transe,with_windows_removed_25pct,with_windows,25.0
70.0,0.23518489018261848,0.23518489018261848,v70,transe,with_windows_removed_25pct,with_windows,25.0
71.0,0.16436412945457685,0.16436412945457685,v71,transe,with_windows_removed_25pct,with_windows,25.0
72.0,0.24488725027300712,0.24488725027300712,v72,transe,with_windows_removed_25pct,with_windows,25.0
73.0,0.27488235328797617,0.27488235328797617,v73,transe,with_windows_removed_25pct,with_windows,25.0
74.0,0.1756489614294047,0.1756489614294047,v74,transe,with_windows_removed_25pct,with_windows,25.0
75.0,0.2505368300144704,0.2505368300144704,v75,transe,with_windows_removed_25pct,with_windows,25.0
76.0,0.2697298899664317,0.2697298899664317,v76,transe,with_windows_removed_25pct,with_windows,25.0
77.0,0.32311306714702953,0.32311306714702953,v77,transe,with_windows_removed_25pct,with_windows,25.0
78.0,0.32608106747481064,0.32608106747481064,v78,transe,with_windows_removed_25pct,with_windows,25.0
79.0,0.3237271527088764,0.3237271527088764,v79,transe,with_windows_removed_25pct,with_windows,25.0
80.0,0.29042505633724675,0.29042505633724675,v80,transe,with_windows_removed_25pct,with_windows,25.0
81.0,0.2996236983100596,0.2996236983100596,v81,transe,with_windows_removed_25pct,with_windows,25.0
82.0,0.38992620934682626,0.38992620934682626,v82,transe,with_windows_removed_25pct,with_windows,25.0
83.0,0.309283841645948,0.309283841645948,v83,transe,with_windows_removed_25pct,with_windows,25.0
84.0,0.2775429578144183,0.2775429578144183,v84,transe,with_windows_removed_25pct,with_windows,25.0
85.0,0.41841519789828285,0.41841519789828285,v85,transe,with_windows_removed_25pct,with_windows,25.0
86.0,0.44654989214880747,0.44654989214880747,v86,transe,with_windows_removed_25pct,with_windows,25.0
87.0,0.36565790047302815,0.36565790047302815,v87,transe,with_windows_removed_25pct,with_windows,25.0
88.0,0.39626665618402296,0.39626665618402296,v88,transe,with_windows_removed_25pct,with_windows,25.0
89.0,0.4650076149427299,0.4650076149427299,v89,transe,with_windows_removed_25pct,with_windows,25.0
90.0,0.3383962150146634,0.3383962150146634,v90,transe,with_windows_removed_25pct,with_windows,25.0
91.0,0.39404966318664597,0.39404966318664597,v91,transe,with_windows_removed_25pct,with_windows,25.0
92.0,0.3019606288684914,0.3019606288684914,v92,transe,with_windows_removed_25pct,with_windows,25.0
93.0,0.4581090660458949,0.4581090660458949,v93,transe,with_windows_removed_25pct,with_windows,25.0
94.0,0.4322200780844403,0.4322200780844403,v94,transe,with_windows_removed_25pct,with_windows,25.0
95.0,0.4421295527389624,0.4421295527389624,v95,transe,with_windows_removed_25pct,with_windows,25.0
96.0,0.40826908600309,0.40826908600309,v96,transe,with_windows_removed_25pct,with_windows,25.0
97.0,0.3242510558897491,0.3242510558897491,v97,transe,with_windows_removed_25pct,with_windows,25.0
98.0,0.38424190492573024,0.38424190492573024,v98,transe,with_windows_removed_25pct,with_windows,25.0
99.0,0.3836996296751655,0.3836996296751655,v99,transe,with_windows_removed_25pct,with_windows,25.0
100.0,0.3764239547427221,0.3764239547427221,v100,transe,with_windows_removed_25pct,with_windows,25.0
1.0,0.3872489106472329,-0.3872489106472329,v1,transe,without_windows_removed_25pct,without_windows,25.0
2.0,0.31426329782707696,-0.31426329782707696,v2,transe,without_windows_removed_25pct,without_windows,25.0
3.0,0.38634068454299475,-0.38634068454299475,v3,transe,without_windows_removed_25pct,without_windows,25.0
4.0,0.3833074668731134,-0.3833074668731134,v4,transe,without_windows_removed_25pct,without_windows,25.0
5.0,0.4357596352478499,-0.4357596352478499,v5,transe,without_windows_removed_25pct,without_windows,25.0
6.0,0.43523317494074537,-0.43523317494074537,v6,transe,without_windows_removed_25pct,without_windows,25.0
7.0,0.39442840394521145,-0.39442840394521145,v7,transe,without_windows_removed_25pct,without_windows,25.0
8.0,0.3751963656420247,-0.3751963656420247,v8,transe,without_windows_removed_25pct,without_windows,25.0
9.0,0.34572643582472773,-0.34572643582472773,v9,transe,without_windows_removed_25pct,without_windows,25.0
10.0,0.4519343191596657,-0.4519343191596657,v10,transe,without_windows_removed_25pct,without_windows,25.0
11.0,0.33851420712427555,-0.33851420712427555,v11,transe,without_windows_removed_25pct,without_windows,25.0
12.0,0.35106018234455166,-0.35106018234455166,v12,transe,without_windows_removed_25pct,without_windows,25.0
13.0,0.4460468107042128,-0.4460468107042128,v13,transe,without_windows_removed_25pct,without_windows,25.0
14.0,0.34736118354464596,-0.34736118354464596,v14,transe,without_windows_removed_25pct,without_windows,25.0
15.0,0.3926281978144161,-0.3926281978144161,v15,transe,without_windows_removed_25pct,without_windows,25.0
16.0,0.40546728622790346,-0.40546728622790346,v16,transe,without_windows_removed_25pct,without_windows,25.0
17.0,0.2600264325124912,-0.2600264325124912,v17,transe,without_windows_removed_25pct,without_windows,25.0
18.0,0.3169650930978609,-0.3169650930978609,v18,transe,without_windows_removed_25pct,without_windows,25.0
19.0,0.32893277800982296,-0.32893277800982296,v19,transe,without_windows_removed_25pct,without_windows,25.0
20.0,0.4007347802962312,-0.4007347802962312,v20,transe,without_windows_removed_25pct,without_windows,25.0
21.0,0.4032989571655492,-0.4032989571655492,v21,transe,without_windows_removed_25pct,without_windows,25.0
22.0,0.31068357066715613,-0.31068357066715613,v22,transe,without_windows_removed_25pct,without_windows,25.0
23.0,0.2668762611162488,-0.2668762611162488,v23,transe,without_windows_removed_25pct,without_windows,25.0
24.0,0.3208644962232006,-0.3208644962232006,v24,transe,without_windows_removed_25pct,without_windows,25.0
25.0,0.23344131225234674,-0.23344131225234674,v25,transe,without_windows_removed_25pct,without_windows,25.0
26.0,0.283536185230041,-0.283536185230041,v26,transe,without_windows_removed_25pct,without_windows,25.0
27.0,0.23365417249581713,-0.23365417249581713,v27,transe,without_windows_removed_25pct,without_windows,25.0
28.0,0.17525627275519998,-0.17525627275519998,v28,transe,without_windows_removed_25pct,without_windows,25.0
29.0,0.2425806531092299,-0.2425806531092299,v29,transe,without_windows_removed_25pct,without_windows,25.0
30.0,0.2715781970160679,-0.2715781970160679,v30,transe,without_windows_removed_25pct,without_windows,25.0
31.0,0.1901890952284476,-0.1901890952284476,v31,transe,without_windows_removed_25pct,without_windows,25.0
32.0,0.3129521353472454,-0.3129521353472454,v32,transe,without_windows_removed_25pct,without_windows,25.0
33.0,0.2462823857481872,-0.2462823857481872,v33,transe,without_windows_removed_25pct,without_windows,25.0
34.0,0.2090033251703661,-0.2090033251703661,v34,transe,without_windows_removed_25pct,without_windows,25.0
35.0,0.10906421574561027,-0.10906421574561027,v35,transe,without_windows_removed_25pct,without_windows,25.0
36.0,0.08448275601515226,-0.08448275601515226,v36,transe,without_windows_removed_25pct,without_windows,25.0
37.0,0.25074377167625056,-0.25074377167625056,v37,transe,without_windows_removed_25pct,without_windows,25.0
38.0,0.11591183765080162,-0.11591183765080162,v38,transe,without_windows_removed_25pct,without_windows,25.0
39.0,0.08628037880676366,-0.08628037880676366,v39,transe,without_windows_removed_25pct,without_windows,25.0
40.0,0.025557111016220085,-0.025557111016220085,v40,transe,without_windows_removed_25pct,without_windows,25.0
41.0,0.10391434936770177,-0.10391434936770177,v41,transe,without_windows_removed_25pct,without_windows,25.0
42.0,0.0824154071161231,-0.0824154071161231,v42,transe,without_windows_removed_25pct,without_windows,25.0
43.0,0.04647185166470917,-0.04647185166470917,v43,transe,without_windows_removed_25pct,without_windows,25.0
44.0,0.07104371387851847,-0.07104371387851847,v44,transe,without_windows_removed_25pct,without_windows,25.0
45.0,-0.012365270061333672,0.012365270061333672,v45,transe,without_windows_removed_25pct,without_windows,25.0
46.0,0.02835783786833813,-0.02835783786833813,v46,transe,without_windows_removed_25pct,without_windows,25.0
47.0,-0.0064919541706071685,0.0064919541706071685,v47,transe,without_windows_removed_25pct,without_windows,25.0
48.0,0.04251046521139132,-0.04251046521139132,v48,transe,without_windows_removed_25pct,without_windows,25.0
49.0,0.058006373946875446,-0.058006373946875446,v49,transe,without_windows_removed_25pct,without_windows,25.0
50.0,0.03649710608763526,-0.03649710608763526,v50,transe,without_windows_removed_25pct,without_windows,25.0
51.0,-0.026356718858223525,0.026356718858223525,v51,transe,without_windows_removed_25pct,without_windows,25.0
52.0,-0.05201147992949202,0.05201147992949202,v52,transe,without_windows_removed_25pct,without_windows,25.0
53.0,0.024031411779748785,-0.024031411779748785,v53,transe,without_windows_removed_25pct,without_windows,25.0
54.0,-0.01465516211942266,0.01465516211942266,v54,transe,without_windows_removed_25pct,without_windows,25.0
55.0,-0.00442323637019318,0.00442323637019318,v55,transe,without_windows_removed_25pct,without_windows,25.0
56.0,-0.003175432641224487,0.003175432641224487,v56,transe,without_windows_removed_25pct,without_windows,25.0
57.0,-0.06523289993550756,0.06523289993550756,v57,transe,without_windows_removed_25pct,without_windows,25.0
58.0,-0.14529711826819233,0.14529711826819233,v58,transe,without_windows_removed_25pct,without_windows,25.0
59.0,-0.1966076644308283,0.1966076644308283,v59,transe,without_windows_removed_25pct,without_windows,25.0
60.0,-0.10107293684759386,0.10107293684759386,v60,transe,without_windows_removed_25pct,without_windows,25.0
61.0,-0.15142278694999847,0.15142278694999847,v61,transe,without_windows_removed_25pct,without_windows,25.0
62.0,-0.18833138560910762,0.18833138560910762,v62,transe,without_windows_removed_25pct,without_windows,25.0
63.0,-0.23241150938323543,0.23241150938323543,v63,transe,without_windows_removed_25pct,without_windows,25.0
64.0,-0.22241920488225764,0.22241920488225764,v64,transe,without_windows_removed_25pct,without_windows,25.0
65.0,-0.09017134522040302,0.09017134522040302,v65,transe,without_windows_removed_25pct,without_windows,25.0
66.0,-0.14836850440594976,0.14836850440594976,v66,transe,without_windows_removed_25pct,without_windows,25.0
67.0,-0.1942383238592243,0.1942383238592243,v67,transe,without_windows_removed_25pct,without_windows,25.0
68.0,-0.20433048416054464,0.20433048416054464,v68,transe,without_windows_removed_25pct,without_windows,25.0
69.0,-0.2173146820887932,0.2173146820887932,v69,transe,without_windows_removed_25pct,without_windows,25.0
70.0,-0.23191277262174526,0.23191277262174526,v70,transe,without_windows_removed_25pct,without_windows,25.0
71.0,-0.11484051328239878,0.11484051328239878,v71,transe,without_windows_removed_25pct,without_windows,25.0
72.0,-0.17526108649600702,0.17526108649600702,v72,transe,without_windows_removed_25pct,without_windows,25.0
73.0,-0.28078167344846355,0.28078167344846355,v73,transe,without_windows_removed_25pct,without_windows,25.0
74.0,-0.2249966779786698,0.2249966779786698,v74,transe,without_windows_removed_25pct,without_windows,25.0
75.0,-0.2304782954287087,0.2304782954287087,v75,transe,without_windows_removed_25pct,without_windows,25.0
76.0,-0.2358487669100628,0.2358487669100628,v76,transe,without_windows_removed_25pct,without_windows,25.0
77.0,-0.42447665689727554,0.42447665689727554,v77,transe,without_windows_removed_25pct,without_windows,25.0
78.0,-0.2747691162889907,0.2747691162889907,v78,transe,without_windows_removed_25pct,without_windows,25.0
79.0,-0.34794840486779,0.34794840486779,v79,transe,without_windows_removed_25pct,without_windows,25.0
80.0,-0.22291978796606107,0.22291978796606107,v80,transe,without_windows_removed_25pct,without_windows,25.0
81.0,-0.34230887692245704,0.34230887692245704,v81,transe,without_windows_removed_25pct,without_windows,25.0
82.0,-0.3123702983351628,0.3123702983351628,v82,transe,without_windows_removed_25pct,without_windows,25.0
83.0,-0.3387372534466307,0.3387372534466307,v83,transe,without_windows_removed_25pct,without_windows,25.0
84.0,-0.34846691446370087,0.34846691446370087,v84,transe,without_windows_removed_25pct,without_windows,25.0
85.0,-0.34041803725572567,0.34041803725572567,v85,transe,without_windows_removed_25pct,without_windows,25.0
86.0,-0.43304963375124794,0.43304963375124794,v86,transe,without_windows_removed_25pct,without_windows,25.0
87.0,-0.32599197822966736,0.32599197822966736,v87,transe,without_windows_removed_25pct,without_windows,25.0
88.0,-0.3235381314747417,0.3235381314747417,v88,transe,without_windows_removed_25pct,without_windows,25.0
89.0,-0.4182741253396642,0.4182741253396642,v89,transe,without_windows_removed_25pct,without_windows,25.0
90.0,-0.3341769930816703,0.3341769930816703,v90,transe,without_windows_removed_25pct,without_windows,25.0
91.0,-0.3452672833832138,0.3452672833832138,v91,transe,without_windows_removed_25pct,without_windows,25.0
92.0,-0.3713877427983944,0.3713877427983944,v92,transe,without_windows_removed_25pct,without_windows,25.0
93.0,-0.3724369427725119,0.3724369427725119,v93,transe,without_windows_removed_25pct,without_windows,25.0
94.0,-0.3216428749686738,0.3216428749686738,v94,transe,without_windows_removed_25pct,without_windows,25.0
95.0,-0.4889762340248716,0.4889762340248716,v95,transe,without_windows_removed_25pct,without_windows,25.0
96.0,-0.3859892360326727,0.3859892360326727,v96,transe,without_windows_removed_25pct,without_windows,25.0
97.0,-0.38998065254523673,0.38998065254523673,v97,transe,without_windows_removed_25pct,without_windows,25.0
98.0,-0.371732526141467,0.371732526141467,v98,transe,without_windows_removed_25pct,without_windows,25.0
99.0,-0.3185245784151004,0.3185245784151004,v99,transe,without_windows_removed_25pct,without_windows,25.0
100.0,-0.438459087922881,0.438459087922881,v100,transe,without_windows_removed_25pct,without_windows,25.0
1.0,-0.40750956567563196,-0.40750956567563196,v1,transe,with_windows_removed_50pct,with_windows,50.0
2.0,-0.48626066327195694,-0.48626066327195694,v2,transe,with_windows_removed_50pct,with_windows,50.0
3.0,-0.39136265987550045,-0.39136265987550045,v3,transe,with_windows_removed_50pct,with_windows,50.0
4.0,-0.4749707238045425,-0.4749707238045425,v4,transe,with_windows_removed_50pct,with_windows,50.0
5.0,-0.30503557883574267,-0.30503557883574267,v5,transe,with_windows_removed_50pct,with_windows,50.0
6.0,-0.28368645909979107,-0.28368645909979107,v6,transe,with_windows_removed_50pct,with_windows,50.0
7.0,-0.4154447885117485,-0.4154447885117485,v7,transe,with_windows_removed_50pct,with_windows,50.0
8.0,-0.2831974320269848,-0.2831974320269848,v8,transe,with_windows_removed_50pct,with_windows,50.0
9.0,-0.39061484906490174,-0.39061484906490174,v9,transe,with_windows_removed_50pct,with_windows,50.0
10.0,-0.3893782243331659,-0.3893782243331659,v10,transe,with_windows_removed_50pct,with_windows,50.0
11.0,-0.34515291534003456,-0.34515291534003456,v11,transe,with_windows_removed_50pct,with_windows,50.0
12.0,-0.4449689841643896,-0.4449689841643896,v12,transe,with_windows_removed_50pct,with_windows,50.0
13.0,-0.3374378215964007,-0.3374378215964007,v13,transe,with_windows_removed_50pct,with_windows,50.0
14.0,-0.36360988898793456,-0.36360988898793456,v14,transe,with_windows_removed_50pct,with_windows,50.0
15.0,-0.3559342905805819,-0.3559342905805819,v15,transe,with_windows_removed_50pct,with_windows,50.0
16.0,-0.2523191602005993,-0.2523191602005993,v16,transe,with_windows_removed_50pct,with_windows,50.0
17.0,-0.43609391659791863,-0.43609391659791863,v17,transe,with_windows_removed_50pct,with_windows,50.0
18.0,-0.31184571434987657,-0.31184571434987657,v18,transe,with_windows_removed_50pct,with_windows,50.0
19.0,-0.39959615686346633,-0.39959615686346633,v19,transe,with_windows_removed_50pct,with_windows,50.0
20.0,-0.28261690663303546,-0.28261690663303546,v20,transe,with_windows_removed_50pct,with_windows,50.0
21.0,-0.31247681875946415,-0.31247681875946415,v21,transe,with_windows_removed_50pct,with_windows,50.0
22.0,-0.25431665389285063,-0.25431665389285063,v22,transe,with_windows_removed_50pct,with_windows,50.0
23.0,-0.3483945983000667,-0.3483945983000667,v23,transe,with_windows_removed_50pct,with_windows,50.0
24.0,-0.23885972251315046,-0.23885972251315046,v24,transe,with_windows_removed_50pct,with_windows,50.0
25.0,-0.24540480627112143,-0.24540480627112143,v25,transe,with_windows_removed_50pct,with_windows,50.0
26.0,-0.34827529835634036,-0.34827529835634036,v26,transe,with_windows_removed_50pct,with_windows,50.0
27.0,-0.3379350766207361,-0.3379350766207361,v27,transe,with_windows_removed_50pct,with_windows,50.0
28.0,-0.24464117851309805,-0.24464117851309805,v28,transe,with_windows_removed_50pct,with_windows,50.0
29.0,-0.3050653079169187,-0.3050653079169187,v29,transe,with_windows_removed_50pct,with_windows,50.0
30.0,-0.24683266806604143,-0.24683266806604143,v30,transe,with_windows_removed_50pct,with_windows,50.0
31.0,-0.2057583797304797,-0.2057583797304797,v31,transe,with_windows_removed_50pct,with_windows,50.0
32.0,-0.20329895747036072,-0.20329895747036072,v32,transe,with_windows_removed_50pct,with_windows,50.0
33.0,-0.2536286274437439,-0.2536286274437439,v33,transe,with_windows_removed_50pct,with_windows,50.0
34.0,-0.13530136452931316,-0.13530136452931316,v34,transe,with_windows_removed_50pct,with_windows,50.0
35.0,-0.2673909962964477,-0.2673909962964477,v35,transe,with_windows_removed_50pct,with_windows,50.0
36.0,-0.209004664066288,-0.209004664066288,v36,transe,with_windows_removed_50pct,with_windows,50.0
37.0,-0.2152921234141736,-0.2152921234141736,v37,transe,with_windows_removed_50pct,with_windows,50.0
38.0,-0.03825503669960678,-0.03825503669960678,v38,transe,with_windows_removed_50pct,with_windows,50.0
39.0,-0.0959871817523814,-0.0959871817523814,v39,transe,with_windows_removed_50pct,with_windows,50.0
40.0,-0.17634293828266823,-0.17634293828266823,v40,transe,with_windows_removed_50pct,with_windows,50.0
41.0,-0.1254912125216957,-0.1254912125216957,v41,transe,with_windows_removed_50pct,with_windows,50.0
42.0,-0.057109243286996986,-0.057109243286996986,v42,transe,with_windows_removed_50pct,with_windows,50.0
43.0,-0.1598476820353423,-0.1598476820353423,v43,transe,with_windows_removed_50pct,with_windows,50.0
44.0,-0.06799513379941832,-0.06799513379941832,v44,transe,with_windows_removed_50pct,with_windows,50.0
45.0,-0.10824868691389292,-0.10824868691389292,v45,transe,with_windows_removed_50pct,with_windows,50.0
46.0,-0.1116367566190709,-0.1116367566190709,v46,transe,with_windows_removed_50pct,with_windows,50.0
47.0,-0.05932808126858827,-0.05932808126858827,v47,transe,with_windows_removed_50pct,with_windows,50.0
48.0,-0.09319606182224843,-0.09319606182224843,v48,transe,with_windows_removed_50pct,with_windows,50.0
49.0,-0.08191341863270693,-0.08191341863270693,v49,transe,with_windows_removed_50pct,with_windows,50.0
50.0,0.05665505695110591,0.05665505695110591,v50,transe,with_windows_removed_50pct,with_windows,50.0
51.0,0.04697885466224257,0.04697885466224257,v51,transe,with_windows_removed_50pct,with_windows,50.0
52.0,0.01300833433691027,0.01300833433691027,v52,transe,with_windows_removed_50pct,with_windows,50.0
53.0,0.0964393870732035,0.0964393870732035,v53,transe,with_windows_removed_50pct,with_windows,50.0
54.0,0.10118945326360973,0.10118945326360973,v54,transe,with_windows_removed_50pct,with_windows,50.0
55.0,0.08176732003474266,0.08176732003474266,v55,transe,with_windows_removed_50pct,with_windows,50.0
56.0,0.020464637653910774,0.020464637653910774,v56,transe,with_windows_removed_50pct,with_windows,50.0
57.0,0.1272006544726515,0.1272006544726515,v57,transe,with_windows_removed_50pct,with_windows,50.0
58.0,0.031191394159567582,0.031191394159567582,v58,transe,with_windows_removed_50pct,with_windows,50.0
59.0,0.1259937205491082,0.1259937205491082,v59,transe,with_windows_removed_50pct,with_windows,50.0
60.0,-0.00826585410659374,-0.00826585410659374,v60,transe,with_windows_removed_50pct,with_windows,50.0
61.0,0.13211851887896794,0.13211851887896794,v61,transe,with_windows_removed_50pct,with_windows,50.0
62.0,0.13657256080406469,0.13657256080406469,v62,transe,with_windows_removed_50pct,with_windows,50.0
63.0,0.1823106577768763,0.1823106577768763,v63,transe,with_windows_removed_50pct,with_windows,50.0
64.0,0.1359761580779075,0.1359761580779075,v64,transe,with_windows_removed_50pct,with_windows,50.0
65.0,0.18121619862346103,0.18121619862346103,v65,transe,with_windows_removed_50pct,with_windows,50.0
66.0,0.19329221169062694,0.19329221169062694,v66,transe,with_windows_removed_50pct,with_windows,50.0
67.0,0.17858990625060944,0.17858990625060944,v67,transe,with_windows_removed_50pct,with_windows,50.0
68.0,0.1467708545810698,0.1467708545810698,v68,transe,with_windows_removed_50pct,with_windows,50.0
69.0,0.16294714714373124,0.16294714714373124,v69,transe,with_windows_removed_50pct,with_windows,50.0
70.0,0.21653844158789592,0.21653844158789592,v70,transe,with_windows_removed_50pct,with_windows,50.0
71.0,0.24552321113901396,0.24552321113901396,v71,transe,with_windows_removed_50pct,with_windows,50.0
72.0,0.2975619131984497,0.2975619131984497,v72,transe,with_windows_removed_50pct,with_windows,50.0
73.0,0.16611889987678802,0.16611889987678802,v73,transe,with_windows_removed_50pct,with_windows,50.0
74.0,0.2691333670090552,0.2691333670090552,v74,transe,with_windows_removed_50pct,with_windows,50.0
75.0,0.2587561860469746,0.2587561860469746,v75,transe,with_windows_removed_50pct,with_windows,50.0
76.0,0.31809484114368236,0.31809484114368236,v76,transe,with_windows_removed_50pct,with_windows,50.0
77.0,0.24239905431456538,0.24239905431456538,v77,transe,with_windows_removed_50pct,with_windows,50.0
78.0,0.30607187677397907,0.30607187677397907,v78,transe,with_windows_removed_50pct,with_windows,50.0
79.0,0.3383128278633407,0.3383128278633407,v79,transe,with_windows_removed_50pct,with_windows,50.0
80.0,0.34948643072643915,0.34948643072643915,v80,transe,with_windows_removed_50pct,with_windows,50.0
81.0,0.3722565211709545,0.3722565211709545,v81,transe,with_windows_removed_50pct,with_windows,50.0
82.0,0.4037811520022279,0.4037811520022279,v82,transe,with_windows_removed_50pct,with_windows,50.0
83.0,0.32926194895238436,0.32926194895238436,v83,transe,with_windows_removed_50pct,with_windows,50.0
84.0,0.35972824902180817,0.35972824902180817,v84,transe,with_windows_removed_50pct,with_windows,50.0
85.0,0.40392909922553366,0.40392909922553366,v85,transe,with_windows_removed_50pct,with_windows,50.0
86.0,0.4449942757586066,0.4449942757586066,v86,transe,with_windows_removed_50pct,with_windows,50.0
87.0,0.33319655517918945,0.33319655517918945,v87,transe,with_windows_removed_50pct,with_windows,50.0
88.0,0.2848784796191729,0.2848784796191729,v88,transe,with_windows_removed_50pct,with_windows,50.0
89.0,0.3738985058886621,0.3738985058886621,v89,transe,with_windows_removed_50pct,with_windows,50.0
90.0,0.43542314926161646,0.43542314926161646,v90,transe,with_windows_removed_50pct,with_windows,50.0
91.0,0.4156223185581469,0.4156223185581469,v91,transe,with_windows_removed_50pct,with_windows,50.0
92.0,0.35295247535202645,0.35295247535202645,v92,transe,with_windows_removed_50pct,with_windows,50.0
93.0,0.39985816921715306,0.39985816921715306,v93,transe,with_windows_removed_50pct,with_windows,50.0
94.0,0.4617478109389473,0.4617478109389473,v94,transe,with_windows_removed_50pct,with_windows,50.0
95.0,0.3589400885376039,0.3589400885376039,v95,transe,with_windows_removed_50pct,with_windows,50.0
96.0,0.4225051366211508,0.4225051366211508,v96,transe,with_windows_removed_50pct,with_windows,50.0
97.0,0.42620275015418685,0.42620275015418685,v97,transe,with_windows_removed_50pct,with_windows,50.0
98.0,0.4899532171357489,0.4899532171357489,v98,transe,with_windows_removed_50pct,with_windows,50.0
99.0,0.28666654620645043,0.28666654620645043,v99,transe,with_windows_removed_50pct,with_windows,50.0
100.0,0.39805470424988787,0.39805470424988787,v100,transe,with_windows_removed_50pct,with_windows,50.0
1.0,-0.36332399404236476,-0.36332399404236476,v1,transe,without_windows_removed_50pct,without_windows,50.0
2.0,-0.4750032411098413,-0.4750032411098413,v2,transe,without_windows_removed_50pct,without_windows,50.0
3.0,-0.4595061081261681,-0.4595061081261681,v3,transe,without_windows_removed_50pct,without_windows,50.0
4.0,-0.38954585663054553,-0.38954585663054553,v4,transe,without_windows_removed_50pct,without_windows,50.0
5.0,-0.3894610831086897,-0.3894610831086897,v5,transe,without_windows_removed_50pct,without_windows,50.0
6.0,-0.3060735157453445,-0.3060735157453445,v6,transe,without_windows_removed_50pct,without_windows,50.0
7.0,-0.39732201698303443,-0.39732201698303443,v7,transe,without_windows_removed_50pct,without_windows,50.0
8.0,-0.3487011488119576,-0.3487011488119576,v8,transe,without_windows_removed_50pct,without_windows,50.0
9.0,-0.420632126934536,-0.420632126934536,v9,transe,without_windows_removed_50pct,without_windows,50.0
10.0,-0.32662871926449655,-0.32662871926449655,v10,transe,without_windows_removed_50pct,without_windows,50.0
11.0,-0.3618704854741293,-0.3618704854741293,v11,transe,without_windows_removed_50pct,without_windows,50.0
12.0,-0.45357041543524657,-0.45357041543524657,v12,transe,without_windows_removed_50pct,without_windows,50.0
13.0,-0.36625383051783167,-0.36625383051783167,v13,transe,without_windows_removed_50pct,without_windows,50.0
14.0,-0.35202645004591493,-0.35202645004591493,v14,transe,without_windows_removed_50pct,without_windows,50.0
15.0,-0.35560571494005394,-0.35560571494005394,v15,transe,without_windows_removed_50pct,without_windows,50.0
16.0,-0.2548818329583757,-0.2548818329583757,v16,transe,without_windows_removed_50pct,without_windows,50.0
17.0,-0.2910617682962072,-0.2910617682962072,v17,transe,without_windows_removed_50pct,without_windows,50.0
18.0,-0.3811172308978212,-0.3811172308978212,v18,transe,without_windows_removed_50pct,without_windows,50.0
19.0,-0.35333227361806974,-0.35333227361806974,v19,transe,without_windows_removed_50pct,without_windows,50.0
20.0,-0.4082518711226912,-0.4082518711226912,v20,transe,without_windows_removed_50pct,without_windows,50.0
21.0,-0.270965052527856,-0.270965052527856,v21,transe,without_windows_removed_50pct,without_windows,50.0
22.0,-0.33458475985374936,-0.33458475985374936,v22,transe,without_windows_removed_50pct,without_windows,50.0
23.0,-0.31606971201443057,-0.31606971201443057,v23,transe,without_windows_removed_50pct,without_windows,50.0
24.0,-0.291540928329377,-0.291540928329377,v24,transe,without_windows_removed_50pct,without_windows,50.0
25.0,-0.23118155260199905,-0.23118155260199905,v25,transe,without_windows_removed_50pct,without_windows,50.0
26.0,-0.30854838400136525,-0.30854838400136525,v26,transe,without_windows_removed_50pct,without_windows,50.0
27.0,-0.36846952042747055,-0.36846952042747055,v27,transe,without_windows_removed_50pct,without_windows,50.0
28.0,-0.2035796763108956,-0.2035796763108956,v28,transe,without_windows_removed_50pct,without_windows,50.0
29.0,-0.2563980919757463,-0.2563980919757463,v29,transe,without_windows_removed_50pct,without_windows,50.0
30.0,-0.21305369648913552,-0.21305369648913552,v30,transe,without_windows_removed_50pct,without_windows,50.0
31.0,-0.2144099644713301,-0.2144099644713301,v31,transe,without_windows_removed_50pct,without_windows,50.0
32.0,-0.1821653361978478,-0.1821653361978478,v32,transe,without_windows_removed_50pct,without_windows,50.0
33.0,-0.2671696946908818,-0.2671696946908818,v33,transe,without_windows_removed_50pct,without_windows,50.0
34.0,-0.20141140451207035,-0.20141140451207035,v34,transe,without_windows_removed_50pct,without_windows,50.0
35.0,-0.10002665486291659,-0.10002665486291659,v35,transe,without_windows_removed_50pct,without_windows,50.0
36.0,-0.19582956616608135,-0.19582956616608135,v36,transe,without_windows_removed_50pct,without_windows,50.0
37.0,-0.1534701606456191,-0.1534701606456191,v37,transe,without_windows_removed_50pct,without_windows,50.0
38.0,-0.1154807865886023,-0.1154807865886023,v38,transe,without_windows_removed_50pct,without_windows,50.0
39.0,-0.11598234676980858,-0.11598234676980858,v39,transe,without_windows_removed_50pct,without_windows,50.0
40.0,-0.06915866827051842,-0.06915866827051842,v40,transe,without_windows_removed_50pct,without_windows,50.0
41.0,-0.15959420183823994,-0.15959420183823994,v41,transe,without_windows_removed_50pct,without_windows,50.0
42.0,-0.07931991739634175,-0.07931991739634175,v42,transe,without_windows_removed_50pct,without_windows,50.0
43.0,-0.0366006235007844,-0.0366006235007844,v43,transe,without_windows_removed_50pct,without_windows,50.0
44.0,-0.05362060185555615,-0.05362060185555615,v44,transe,without_windows_removed_50pct,without_windows,50.0
45.0,-0.035733368505195484,-0.035733368505195484,v45,transe,without_windows_removed_50pct,without_windows,50.0
46.0,-0.04293247450330476,-0.04293247450330476,v46,transe,without_windows_removed_50pct,without_windows,50.0
47.0,-0.01708568267569431,-0.01708568267569431,v47,transe,without_windows_removed_50pct,without_windows,50.0
48.0,0.04057986377912337,0.04057986377912337,v48,transe,without_windows_removed_50pct,without_windows,50.0
49.0,0.025824536734346697,0.025824536734346697,v49,transe,without_windows_removed_50pct,without_windows,50.0
50.0,0.0015392086364920754,0.0015392086364920754,v50,transe,without_windows_removed_50pct,without_windows,50.0
51.0,0.03643360982255396,0.03643360982255396,v51,transe,without_windows_removed_50pct,without_windows,50.0
52.0,0.0062077409796341375,0.0062077409796341375,v52,transe,without_windows_removed_50pct,without_windows,50.0
53.0,0.009653152592003911,0.009653152592003911,v53,transe,without_windows_removed_50pct,without_windows,50.0
54.0,0.04971750836114664,0.04971750836114664,v54,transe,without_windows_removed_50pct,without_windows,50.0
55.0,-0.017490787455599142,-0.017490787455599142,v55,transe,without_windows_removed_50pct,without_windows,50.0
56.0,0.14051182571376095,0.14051182571376095,v56,transe,without_windows_removed_50pct,without_windows,50.0
57.0,0.11702196223695614,0.11702196223695614,v57,transe,without_windows_removed_50pct,without_windows,50.0
58.0,0.0882507392587684,0.0882507392587684,v58,transe,without_windows_removed_50pct,without_windows,50.0
59.0,0.22101070927892166,0.22101070927892166,v59,transe,without_windows_removed_50pct,without_windows,50.0
60.0,0.10243775509676134,0.10243775509676134,v60,transe,without_windows_removed_50pct,without_windows,50.0
61.0,0.11443457575203883,0.11443457575203883,v61,transe,without_windows_removed_50pct,without_windows,50.0
62.0,0.17933394560037205,0.17933394560037205,v62,transe,without_windows_removed_50pct,without_windows,50.0
63.0,0.09414479403253546,0.09414479403253546,v63,transe,without_windows_removed_50pct,without_windows,50.0
64.0,0.2270111695239987,0.2270111695239987,v64,transe,without_windows_removed_50pct,without_windows,50.0
65.0,0.2220405686081735,0.2220405686081735,v65,transe,without_windows_removed_50pct,without_windows,50.0
66.0,0.14303209476590611,0.14303209476590611,v66,transe,without_windows_removed_50pct,without_windows,50.0
67.0,0.14677635961321595,0.14677635961321595,v67,transe,without_windows_removed_50pct,without_windows,50.0
68.0,0.1976851356674627,0.1976851356674627,v68,transe,without_windows_removed_50pct,without_windows,50.0
69.0,0.1556915072166815,0.1556915072166815,v69,transe,without_windows_removed_50pct,without_windows,50.0
70.0,0.24795769243810978,0.24795769243810978,v70,transe,without_windows_removed_50pct,without_windows,50.0
71.0,0.3538695464440067,0.3538695464440067,v71,transe,without_windows_removed_50pct,without_windows,50.0
72.0,0.1829933601436592,0.1829933601436592,v72,transe,without_windows_removed_50pct,without_windows,50.0
73.0,0.24809852452392972,0.24809852452392972,v73,transe,without_windows_removed_50pct,without_windows,50.0
74.0,0.26045960654585676,0.26045960654585676,v74,transe,without_windows_removed_50pct,without_windows,50.0
75.0,0.1869085755503113,0.1869085755503113,v75,transe,without_windows_removed_50pct,without_windows,50.0
76.0,0.2651481898350958,0.2651481898350958,v76,transe,without_windows_removed_50pct,without_windows,50.0
77.0,0.27147487147158444,0.27147487147158444,v77,transe,without_windows_removed_50pct,without_windows,50.0
78.0,0.25822966301110745,0.25822966301110745,v78,transe,without_windows_removed_50pct,without_windows,50.0
79.0,0.20768417150005292,0.20768417150005292,v79,transe,without_windows_removed_50pct,without_windows,50.0
80.0,0.2978655335833503,0.2978655335833503,v80,transe,without_windows_removed_50pct,without_windows,50.0
81.0,0.31206254813821205,0.31206254813821205,v81,transe,without_windows_removed_50pct,without_windows,50.0
82.0,0.3700534961960989,0.3700534961960989,v82,transe,without_windows_removed_50pct,without_windows,50.0
83.0,0.3439501157558178,0.3439501157558178,v83,transe,without_windows_removed_50pct,without_windows,50.0
84.0,0.40403326910233806,0.40403326910233806,v84,transe,without_windows_removed_50pct,without_windows,50.0
85.0,0.3113278490353191,0.3113278490353191,v85,transe,without_windows_removed_50pct,without_windows,50.0
86.0,0.30040767396819895,0.30040767396819895,v86,transe,without_windows_removed_50pct,without_windows,50.0
87.0,0.35735807248795703,0.35735807248795703,v87,transe,without_windows_removed_50pct,without_windows,50.0
88.0,0.3563187631070842,0.3563187631070842,v88,transe,without_windows_removed_50pct,without_windows,50.0
89.0,0.3166704651714999,0.3166704651714999,v89,transe,without_windows_removed_50pct,without_windows,50.0
90.0,0.30625179922925544,0.30625179922925544,v90,transe,without_windows_removed_50pct,without_windows,50.0
91.0,0.43269464928321755,0.43269464928321755,v91,transe,without_windows_removed_50pct,without_windows,50.0
92.0,0.36629043868261035,0.36629043868261035,v92,transe,without_windows_removed_50pct,without_windows,50.0
93.0,0.3942568310219276,0.3942568310219276,v93,transe,without_windows_removed_50pct,without_windows,50.0
94.0,0.3602828560590877,0.3602828560590877,v94,transe,without_windows_removed_50pct,without_windows,50.0
95.0,0.4435934249034407,0.4435934249034407,v95,transe,without_windows_removed_50pct,without_windows,50.0
96.0,0.3517591046372709,0.3517591046372709,v96,transe,without_windows_removed_50pct,without_windows,50.0
97.0,0.35242536472754743,0.35242536472754743,v97,transe,without_windows_removed_50pct,without_windows,50.0
98.0,0.31929098382923504,0.31929098382923504,v98,transe,without_windows_removed_50pct,without_windows,50.0
99.0,0.46243382320327703,0.46243382320327703,v99,transe,without_windows_removed_50pct,without_windows,50.0
100.0,0.3445532726444232,0.3445532726444232,v100,transe,without_windows_removed_50pct,without_windows,50.0
1.0,-0.3576362602374358,-0.3576362602374358,v1,transe,with_windows_removed_75pct,with_windows,75.0
2.0,-0.40817854911855167,-0.40817854911855167,v2,transe,with_windows_removed_75pct,with_windows,75.0
3.0,-0.5346966257393257,-0.5346966257393257,v3,transe,with_windows_removed_75pct,with_windows,75.0
4.0,-0.41365411467905794,-0.41365411467905794,v4,transe,with_windows_removed_75pct,with_windows,75.0
5.0,-0.388942962776043,-0.388942962776043,v5,transe,with_windows_removed_75pct,with_windows,75.0
6.0,-0.4169753270769634,-0.4169753270769634,v6,transe,with_windows_removed_75pct,with_windows,75.0
7.0,-0.42818408993403173,-0.42818408993403173,v7,transe,with_windows_removed_75pct,with_windows,75.0
8.0,-0.405775245384315,-0.405775245384315,v8,transe,with_windows_removed_75pct,with_windows,75.0
9.0,-0.3651182820007644,-0.3651182820007644,v9,transe,with_windows_removed_75pct,with_windows,75.0
10.0,-0.2931283439880424,-0.2931283439880424,v10,transe,with_windows_removed_75pct,with_windows,75.0
11.0,-0.38808325745177924,-0.38808325745177924,v11,transe,with_windows_removed_75pct,with_windows,75.0
12.0,-0.41718503519451156,-0.41718503519451156,v12,transe,with_windows_removed_75pct,with_windows,75.0
13.0,-0.34388154611229294,-0.34388154611229294,v13,transe,with_windows_removed_75pct,with_windows,75.0
14.0,-0.4220564231339447,-0.4220564231339447,v14,transe,with_windows_removed_75pct,with_windows,75.0
15.0,-0.2686373024312224,-0.2686373024312224,v15,transe,with_windows_removed_75pct,with_windows,75.0
16.0,-0.3501629838786351,-0.3501629838786351,v16,transe,with_windows_removed_75pct,with_windows,75.0
17.0,-0.28361901479758966,-0.28361901479758966,v17,transe,with_windows_removed_75pct,with_windows,75.0
18.0,-0.29556084963269047,-0.29556084963269047,v18,transe,with_windows_removed_75pct,with_windows,75.0
19.0,-0.2938864613974404,-0.2938864613974404,v19,transe,with_windows_removed_75pct,with_windows,75.0
20.0,-0.2755544246282334,-0.2755544246282334,v20,transe,with_windows_removed_75pct,with_windows,75.0
21.0,-0.24781568046049934,-0.24781568046049934,v21,transe,with_windows_removed_75pct,with_windows,75.0
22.0,-0.35283425317302414,-0.35283425317302414,v22,transe,with_windows_removed_75pct,with_windows,75.0
23.0,-0.2709795037689687,-0.2709795037689687,v23,transe,with_windows_removed_75pct,with_windows,75.0
24.0,-0.2609301076717745,-0.2609301076717745,v24,transe,with_windows_removed_75pct,with_windows,75.0
25.0,-0.26003806960546244,-0.26003806960546244,v25,transe,with_windows_removed_75pct,with_windows,75.0
26.0,-0.16088441915359114,-0.16088441915359114,v26,transe,with_windows_removed_75pct,with_windows,75.0
27.0,-0.3357379097033799,-0.3357379097033799,v27,transe,with_windows_removed_75pct,with_windows,75.0
28.0,-0.32434486604067647,-0.32434486604067647,v28,transe,with_windows_removed_75pct,with_windows,75.0
29.0,-0.2171617923236188,-0.2171617923236188,v29,transe,with_windows_removed_75pct,with_windows,75.0
30.0,-0.23743742330329828,-0.23743742330329828,v30,transe,with_windows_removed_75pct,with_windows,75.0
31.0,-0.2069350782850388,-0.2069350782850388,v31,transe,with_windows_removed_75pct,with_windows,75.0
32.0,-0.19309633701643425,-0.19309633701643425,v32,transe,with_windows_removed_75pct,with_windows,75.0
33.0,-0.2925343831580207,-0.2925343831580207,v33,transe,with_windows_removed_75pct,with_windows,75.0
34.0,-0.2196496682606807,-0.2196496682606807,v34,transe,with_windows_removed_75pct,with_windows,75.0
35.0,-0.1887163863056839,-0.1887163863056839,v35,transe,with_windows_removed_75pct,with_windows,75.0
36.0,-0.11238177083775601,-0.11238177083775601,v36,transe,with_windows_removed_75pct,with_windows,75.0
37.0,-0.05367746869235469,-0.05367746869235469,v37,transe,with_windows_removed_75pct,with_windows,75.0
38.0,-0.15739632301381118,-0.15739632301381118,v38,transe,with_windows_removed_75pct,with_windows,75.0
39.0,-0.16892837370794864,-0.16892837370794864,v39,transe,with_windows_removed_75pct,with_windows,75.0
40.0,-0.20605339365522995,-0.20605339365522995,v40,transe,with_windows_removed_75pct,with_windows,75.0
41.0,-0.11480642962673267,-0.11480642962673267,v41,transe,with_windows_removed_75pct,with_windows,75.0
42.0,-0.1856934282485159,-0.1856934282485159,v42,transe,with_windows_removed_75pct,with_windows,75.0
43.0,-0.16192172578851133,-0.16192172578851133,v43,transe,with_windows_removed_75pct,with_windows,75.0
44.0,-0.1504308605758986,-0.1504308605758986,v44,transe,with_windows_removed_75pct,with_windows,75.0
45.0,-0.06670361905310791,-0.06670361905310791,v45,transe,with_windows_removed_75pct,with_windows,75.0
46.0,-0.17730923281741234,-0.17730923281741234,v46,transe,with_windows_removed_75pct,with_windows,75.0
47.0,-0.12473595923386674,-0.12473595923386674,v47,transe,with_windows_removed_75pct,with_windows,75.0
48.0,-0.016477748345550252,-0.016477748345550252,v48,transe,with_windows_removed_75pct,with_windows,75.0
49.0,-0.10212476462010514,-0.10212476462010514,v49,transe,with_windows_removed_75pct,with_windows,75.0
50.0,-0.013567444855748437,-0.013567444855748437,v50,transe,with_windows_removed_75pct,with_windows,75.0
51.0,-0.024740083104961577,-0.024740083104961577,v51,transe,with_windows_removed_75pct,with_windows,75.0
52.0,0.08129172061226324,0.08129172061226324,v52,transe,with_windows_removed_75pct,with_windows,75.0
53.0,0.07479417230277013,0.07479417230277013,v53,transe,with_windows_removed_75pct,with_windows,75.0
54.0,0.08352570262504963,0.08352570262504963,v54,transe,with_windows_removed_75pct,with_windows,75.0
55.0,0.12420199735807698,0.12420199735807698,v55,transe,with_windows_removed_75pct,with_windows,75.0
56.0,0.052173016718039956,0.052173016718039956,v56,transe,with_windows_removed_75pct,with_windows,75.0
57.0,0.14263971191192945,0.14263971191192945,v57,transe,with_windows_removed_75pct,with_windows,75.0
58.0,0.14417291023817325,0.14417291023817325,v58,transe,with_windows_removed_75pct,with_windows,75.0
59.0,0.1308114300301571,0.1308114300301571,v59,transe,with_windows_removed_75pct,with_windows,75.0
60.0,0.09572917653023671,0.09572917653023671,v60,transe,with_windows_removed_75pct,with_windows,75.0
61.0,0.10447748024948965,0.10447748024948965,v61,transe,with_windows_removed_75pct,with_windows,75.0
62.0,0.17279377849244193,0.17279377849244193,v62,transe,with_windows_removed_75pct,with_windows,75.0
63.0,0.19484691413075877,0.19484691413075877,v63,transe,with_windows_removed_75pct,with_windows,75.0
64.0,0.12595228263451472,0.12595228263451472,v64,transe,with_windows_removed_75pct,with_windows,75.0
65.0,0.1614397505238089,0.1614397505238089,v65,transe,with_windows_removed_75pct,with_windows,75.0
66.0,0.16206808134149597,0.16206808134149597,v66,transe,with_windows_removed_75pct,with_windows,75.0
67.0,0.23525966598570866,0.23525966598570866,v67,transe,with_windows_removed_75pct,with_windows,75.0
68.0,0.23984563070100634,0.23984563070100634,v68,transe,with_windows_removed_75pct,with_windows,75.0
69.0,0.22745086316801147,0.22745086316801147,v69,transe,with_windows_removed_75pct,with_windows,75.0
70.0,0.20191365875355183,0.20191365875355183,v70,transe,with_windows_removed_75pct,with_windows,75.0
71.0,0.16977793710816405,0.16977793710816405,v71,transe,with_windows_removed_75pct,with_windows,75.0
72.0,0.24010969293219445,0.24010969293219445,v72,transe,with_windows_removed_75pct,with_windows,75.0
73.0,0.1240578049482872,0.1240578049482872,v73,transe,with_windows_removed_75pct,with_windows,75.0
74.0,0.16772463853292588,0.16772463853292588,v74,transe,with_windows_removed_75pct,with_windows,75.0
75.0,0.24614910629451306,0.24614910629451306,v75,transe,with_windows_removed_75pct,with_windows,75.0
76.0,0.3410992680410333,0.3410992680410333,v76,transe,with_windows_removed_75pct,with_windows,75.0
77.0,0.22715768337320144,0.22715768337320144,v77,transe,with_windows_removed_75pct,with_windows,75.0
78.0,0.2822048773377119,0.2822048773377119,v78,transe,with_windows_removed_75pct,with_windows,75.0
79.0,0.34667345029357516,0.34667345029357516,v79,transe,with_windows_removed_75pct,with_windows,75.0
80.0,0.3831653283373678,0.3831653283373678,v80,transe,with_windows_removed_75pct,with_windows,75.0
81.0,0.3383878581180894,0.3383878581180894,v81,transe,with_windows_removed_75pct,with_windows,75.0
82.0,0.3085100695722088,0.3085100695722088,v82,transe,with_windows_removed_75pct,with_windows,75.0
83.0,0.31846336536110814,0.31846336536110814,v83,transe,with_windows_removed_75pct,with_windows,75.0
84.0,0.36376237398316547,0.36376237398316547,v84,transe,with_windows_removed_75pct,with_windows,75.0
85.0,0.4707881420467067,0.4707881420467067,v85,transe,with_windows_removed_75pct,with_windows,75.0
86.0,0.3328422647857799,0.3328422647857799,v86,transe,with_windows_removed_75pct,with_windows,75.0
87.0,0.3928136555575182,0.3928136555575182,v87,transe,with_windows_removed_75pct,with_windows,75.0
88.0,0.4279955434586898,0.4279955434586898,v88,transe,with_windows_removed_75pct,with_windows,75.0
89.0,0.3261875177552517,0.3261875177552517,v89,transe,with_windows_removed_75pct,with_windows,75.0
90.0,0.4370305435744651,0.4370305435744651,v90,transe,with_windows_removed_75pct,with_windows,75.0
91.0,0.4192244066803577,0.4192244066803577,v91,transe,with_windows_removed_75pct,with_windows,75.0
92.0,0.3543354237479222,0.3543354237479222,v92,transe,with_windows_removed_75pct,with_windows,75.0
93.0,0.3494485828960298,0.3494485828960298,v93,transe,with_windows_removed_75pct,with_windows,75.0
94.0,0.3548600087867576,0.3548600087867576,v94,transe,with_windows_removed_75pct,with_windows,75.0
95.0,0.36942221542679066,0.36942221542679066,v95,transe,with_windows_removed_75pct,with_windows,75.0
96.0,0.4382054766291262,0.4382054766291262,v96,transe,with_windows_removed_75pct,with_windows,75.0
97.0,0.4059854794408754,0.4059854794408754,v97,transe,with_windows_removed_75pct,with_windows,75.0
98.0,0.47726410032185546,0.47726410032185546,v98,transe,with_windows_removed_75pct,with_windows,75.0
99.0,0.3637408567005925,0.3637408567005925,v99,transe,with_windows_removed_75pct,with_windows,75.0
100.0,0.4241859876507836,0.4241859876507836,v100,transe,with_windows_removed_75pct,with_windows,75.0
1.0,0.3977956842920168,-0.3977956842920168,v1,transe,without_windows_removed_75pct,without_windows,75.0
2.0,0.41487070501483925,-0.41487070501483925,v2,transe,without_windows_removed_75pct,without_windows,75.0
3.0,0.4938737559099053,-0.4938737559099053,v3,transe,without_windows_removed_75pct,without_windows,75.0
4.0,0.3574809065349539,-0.3574809065349539,v4,transe,without_windows_removed_75pct,without_windows,75.0
5.0,0.3826103830416793,-0.3826103830416793,v5,transe,without_windows_removed_75pct,without_windows,75.0
6.0,0.364240508355413,-0.364240508355413,v6,transe,without_windows_removed_75pct,without_windows,75.0
7.0,0.4033139652111945,-0.4033139652111945,v7,transe,without_windows_removed_75pct,without_windows,75.0
8.0,0.2703734269754277,-0.2703734269754277,v8,transe,without_windows_removed_75pct,without_windows,75.0
9.0,0.37493223666757974,-0.37493223666757974,v9,transe,without_windows_removed_75pct,without_windows,75.0
10.0,0.3434803459415703,-0.3434803459415703,v10,transe,without_windows_removed_75pct,without_windows,75.0
11.0,0.31925809277501327,-0.31925809277501327,v11,transe,without_windows_removed_75pct,without_windows,75.0
12.0,0.32125893916406834,-0.32125893916406834,v12,transe,without_windows_removed_75pct,without_windows,75.0
13.0,0.4081771224652909,-0.4081771224652909,v13,transe,without_windows_removed_75pct,without_windows,75.0
14.0,0.30598463624545896,-0.30598463624545896,v14,transe,without_windows_removed_75pct,without_windows,75.0
15.0,0.4181475554854879,-0.4181475554854879,v15,transe,without_windows_removed_75pct,without_windows,75.0
16.0,0.3645723145204754,-0.3645723145204754,v16,transe,without_windows_removed_75pct,without_windows,75.0
17.0,0.39286486108401136,-0.39286486108401136,v17,transe,without_windows_removed_75pct,without_windows,75.0
18.0,0.3418865919569495,-0.3418865919569495,v18,transe,without_windows_removed_75pct,without_windows,75.0
19.0,0.21047664162852148,-0.21047664162852148,v19,transe,without_windows_removed_75pct,without_windows,75.0
20.0,0.31467487786935455,-0.31467487786935455,v20,transe,without_windows_removed_75pct,without_windows,75.0
21.0,0.326838892794894,-0.326838892794894,v21,transe,without_windows_removed_75pct,without_windows,75.0
22.0,0.397893302853555,-0.397893302853555,v22,transe,without_windows_removed_75pct,without_windows,75.0
23.0,0.3150767785594665,-0.3150767785594665,v23,transe,without_windows_removed_75pct,without_windows,75.0
24.0,0.27824030183362825,-0.27824030183362825,v24,transe,without_windows_removed_75pct,without_windows,75.0
25.0,0.2056667612889576,-0.2056667612889576,v25,transe,without_windows_removed_75pct,without_windows,75.0
26.0,0.34014985127633574,-0.34014985127633574,v26,transe,without_windows_removed_75pct,without_windows,75.0
27.0,0.3246390372077432,-0.3246390372077432,v27,transe,without_windows_removed_75pct,without_windows,75.0
28.0,0.29215878948258195,-0.29215878948258195,v28,transe,without_windows_removed_75pct,without_windows,75.0
29.0,0.315730430291661,-0.315730430291661,v29,transe,without_windows_removed_75pct,without_windows,75.0
30.0,0.285586347361778,-0.285586347361778,v30,transe,without_windows_removed_75pct,without_windows,75.0
31.0,0.2827422534457702,-0.2827422534457702,v31,transe,without_windows_removed_75pct,without_windows,75.0
32.0,0.31070506689753913,-0.31070506689753913,v32,transe,without_windows_removed_75pct,without_windows,75.0
33.0,0.2709069212977327,-0.2709069212977327,v33,transe,without_windows_removed_75pct,without_windows,75.0
34.0,0.18539086088737572,-0.18539086088737572,v34,transe,without_windows_removed_75pct,without_windows,75.0
35.0,0.18398605533706885,-0.18398605533706885,v35,transe,without_windows_removed_75pct,without_windows,75.0
36.0,0.16481673011577805,-0.16481673011577805,v36,transe,without_windows_removed_75pct,without_windows,75.0
37.0,0.2531719527846122,-0.2531719527846122,v37,transe,without_windows_removed_75pct,without_windows,75.0
38.0,0.11443576481582864,-0.11443576481582864,v38,transe,without_windows_removed_75pct,without_windows,75.0
39.0,0.06895973186140068,-0.06895973186140068,v39,transe,without_windows_removed_75pct,without_windows,75.0
40.0,0.13907251285737698,-0.13907251285737698,v40,transe,without_windows_removed_75pct,without_windows,75.0
41.0,0.06752466295738822,-0.06752466295738822,v41,transe,without_windows_removed_75pct,without_windows,75.0
42.0,0.027561875814008787,-0.027561875814008787,v42,transe,without_windows_removed_75pct,without_windows,75.0
43.0,-0.03847923355677484,0.03847923355677484,v43,transe,without_windows_removed_75pct,without_windows,75.0
44.0,0.09876116259742923,-0.09876116259742923,v44,transe,without_windows_removed_75pct,without_windows,75.0
45.0,0.07685211988402542,-0.07685211988402542,v45,transe,without_windows_removed_75pct,without_windows,75.0
46.0,0.03202193427707625,-0.03202193427707625,v46,transe,without_windows_removed_75pct,without_windows,75.0
47.0,-0.01414114220234641,0.01414114220234641,v47,transe,without_windows_removed_75pct,without_windows,75.0
48.0,0.1345886769262146,-0.1345886769262146,v48,transe,without_windows_removed_75pct,without_windows,75.0
49.0,0.048316732353185336,-0.048316732353185336,v49,transe,without_windows_removed_75pct,without_windows,75.0
50.0,0.0024829464924381707,-0.0024829464924381707,v50,transe,without_windows_removed_75pct,without_windows,75.0
51.0,0.03114917820960994,-0.03114917820960994,v51,transe,without_windows_removed_75pct,without_windows,75.0
52.0,-0.05470555966201198,0.05470555966201198,v52,transe,without_windows_removed_75pct,without_windows,75.0
53.0,-0.02456447127127407,0.02456447127127407,v53,transe,without_windows_removed_75pct,without_windows,75.0
54.0,-0.09827275090405328,0.09827275090405328,v54,transe,without_windows_removed_75pct,without_windows,75.0
55.0,-0.07311113215080964,0.07311113215080964,v55,transe,without_windows_removed_75pct,without_windows,75.0
56.0,-0.07675994237267467,0.07675994237267467,v56,transe,without_windows_removed_75pct,without_windows,75.0
57.0,-0.10428498579629002,0.10428498579629002,v57,transe,without_windows_removed_75pct,without_windows,75.0
58.0,-0.07203327899118274,0.07203327899118274,v58,transe,without_windows_removed_75pct,without_windows,75.0
59.0,-0.12681052560299744,0.12681052560299744,v59,transe,without_windows_removed_75pct,without_windows,75.0
60.0,-0.11969361401908306,0.11969361401908306,v60,transe,without_windows_removed_75pct,without_windows,75.0
61.0,-0.10722784360753412,0.10722784360753412,v61,transe,without_windows_removed_75pct,without_windows,75.0
62.0,-0.19377168939834002,0.19377168939834002,v62,transe,without_windows_removed_75pct,without_windows,75.0
63.0,-0.18775502721977735,0.18775502721977735,v63,transe,without_windows_removed_75pct,without_windows,75.0
64.0,-0.10087661435750468,0.10087661435750468,v64,transe,without_windows_removed_75pct,without_windows,75.0
65.0,-0.27295983137614366,0.27295983137614366,v65,transe,without_windows_removed_75pct,without_windows,75.0
66.0,-0.1797090244804282,0.1797090244804282,v66,transe,without_windows_removed_75pct,without_windows,75.0
67.0,-0.12107893446231525,0.12107893446231525,v67,transe,without_windows_removed_75pct,without_windows,75.0
68.0,-0.2197318541960851,0.2197318541960851,v68,transe,without_windows_removed_75pct,without_windows,75.0
69.0,-0.16665512462501456,0.16665512462501456,v69,transe,without_windows_removed_75pct,without_windows,75.0
70.0,-0.21229397623769547,0.21229397623769547,v70,transe,without_windows_removed_75pct,without_windows,75.0
71.0,-0.20310181592082072,0.20310181592082072,v71,transe,without_windows_removed_75pct,without_windows,75.0
72.0,-0.1254037393967309,0.1254037393967309,v72,transe,without_windows_removed_75pct,without_windows,75.0
73.0,-0.2109874725079488,0.2109874725079488,v73,transe,without_windows_removed_75pct,without_windows,75.0
74.0,-0.32054567171275317,0.32054567171275317,v74,transe,without_windows_removed_75pct,without_windows,75.0
75.0,-0.24909888536848904,0.24909888536848904,v75,transe,without_windows_removed_75pct,without_windows,75.0
76.0,-0.3553723016988144,0.3553723016988144,v76,transe,without_windows_removed_75pct,without_windows,75.0
77.0,-0.3020877860291734,0.3020877860291734,v77,transe,without_windows_removed_75pct,without_windows,75.0
78.0,-0.2647470265633776,0.2647470265633776,v78,transe,without_windows_removed_75pct,without_windows,75.0
79.0,-0.2996965555093495,0.2996965555093495,v79,transe,without_windows_removed_75pct,without_windows,75.0
80.0,-0.3458839261820645,0.3458839261820645,v80,transe,without_windows_removed_75pct,without_windows,75.0
81.0,-0.3485166326354444,0.3485166326354444,v81,transe,without_windows_removed_75pct,without_windows,75.0
82.0,-0.3757642211092921,0.3757642211092921,v82,transe,without_windows_removed_75pct,without_windows,75.0
83.0,-0.31343601768211776,0.31343601768211776,v83,transe,without_windows_removed_75pct,without_windows,75.0
84.0,-0.3990425326201352,0.3990425326201352,v84,transe,without_windows_removed_75pct,without_windows,75.0
85.0,-0.3754672471969454,0.3754672471969454,v85,transe,without_windows_removed_75pct,without_windows,75.0
86.0,-0.3050236940122707,0.3050236940122707,v86,transe,without_windows_removed_75pct,without_windows,75.0
87.0,-0.36350142494655246,0.36350142494655246,v87,transe,without_windows_removed_75pct,without_windows,75.0
88.0,-0.33661662760440264,0.33661662760440264,v88,transe,without_windows_removed_75pct,without_windows,75.0
89.0,-0.37392356830757867,0.37392356830757867,v89,transe,without_windows_removed_75pct,without_windows,75.0
90.0,-0.4493594058196477,0.4493594058196477,v90,transe,without_windows_removed_75pct,without_windows,75.0
91.0,-0.31769711274291357,0.31769711274291357,v91,transe,without_windows_removed_75pct,without_windows,75.0
92.0,-0.34528989972344304,0.34528989972344304,v92,transe,without_windows_removed_75pct,without_windows,75.0
93.0,-0.4782956000192503,0.4782956000192503,v93,transe,without_windows_removed_75pct,without_windows,75.0
94.0,-0.37632833191252363,0.37632833191252363,v94,transe,without_windows_removed_75pct,without_windows,75.0
95.0,-0.37242688146158937,0.37242688146158937,v95,transe,without_windows_removed_75pct,without_windows,75.0
96.0,-0.39103209745126566,0.39103209745126566,v96,transe,without_windows_removed_75pct,without_windows,75.0
97.0,-0.39317339871482115,0.39317339871482115,v97,transe,without_windows_removed_75pct,without_windows,75.0
98.0,-0.4186957193225504,0.4186957193225504,v98,transe,without_windows_removed_75pct,without_windows,75.0
99.0,-0.37870779649994213,0.37870779649994213,v99,transe,without_windows_removed_75pct,without_windows,75.0
100.0,-0.4215612367391256,0.4215612367391256,v100,transe,without_windows_removed_75pct,without_windows,75.0
1.0,-0.4203007802539262,-0.4203007802539262,v1,transe,with_windows_removed_99pct,with_windows,99.0
2.0,-0.45836022062804216,-0.45836022062804216,v2,transe,with_windows_removed_99pct,with_windows,99.0
3.0,-0.5379755476148914,-0.5379755476148914,v3,transe,with_windows_removed_99pct,with_windows,99.0
4.0,-0.44309991241581115,-0.44309991241581115,v4,transe,with_windows_removed_99pct,with_windows,99.0
5.0,-0.3663144551141483,-0.3663144551141483,v5,transe,with_windows_removed_99pct,with_windows,99.0
6.0,-0.3227977214262057,-0.3227977214262057,v6,transe,with_windows_removed_99pct,with_windows,99.0
7.0,-0.36208461385696156,-0.36208461385696156,v7,transe,with_windows_removed_99pct,with_windows,99.0
8.0,-0.3935239929448799,-0.3935239929448799,v8,transe,with_windows_removed_99pct,with_windows,99.0
9.0,-0.4019642254022519,-0.4019642254022519,v9,transe,with_windows_removed_99pct,with_windows,99.0
10.0,-0.30431348450649137,-0.30431348450649137,v10,transe,with_windows_removed_99pct,with_windows,99.0
11.0,-0.36554059715409826,-0.36554059715409826,v11,transe,with_windows_removed_99pct,with_windows,99.0
12.0,-0.4277893142960784,-0.4277893142960784,v12,transe,with_windows_removed_99pct,with_windows,99.0
13.0,-0.2940543553123755,-0.2940543553123755,v13,transe,with_windows_removed_99pct,with_windows,99.0
14.0,-0.35202929147494366,-0.35202929147494366,v14,transe,with_windows_removed_99pct,with_windows,99.0
15.0,-0.4064148043913564,-0.4064148043913564,v15,transe,with_windows_removed_99pct,with_windows,99.0
16.0,-0.4096922648541896,-0.4096922648541896,v16,transe,with_windows_removed_99pct,with_windows,99.0
17.0,-0.30391886079780955,-0.30391886079780955,v17,transe,with_windows_removed_99pct,with_windows,99.0
18.0,-0.47955049613964545,-0.47955049613964545,v18,transe,with_windows_removed_99pct,with_windows,99.0
19.0,-0.28949290158966023,-0.28949290158966023,v19,transe,with_windows_removed_99pct,with_windows,99.0
20.0,-0.22645294308707892,-0.22645294308707892,v20,transe,with_windows_removed_99pct,with_windows,99.0
21.0,-0.3149492506237327,-0.3149492506237327,v21,transe,with_windows_removed_99pct,with_windows,99.0
22.0,-0.33588763673284594,-0.33588763673284594,v22,transe,with_windows_removed_99pct,with_windows,99.0
23.0,-0.38669635417797266,-0.38669635417797266,v23,transe,with_windows_removed_99pct,with_windows,99.0
24.0,-0.39177706528424444,-0.39177706528424444,v24,transe,with_windows_removed_99pct,with_windows,99.0
25.0,-0.26991813530906117,-0.26991813530906117,v25,transe,with_windows_removed_99pct,with_windows,99.0
26.0,-0.2804064791766134,-0.2804064791766134,v26,transe,with_windows_removed_99pct,with_windows,99.0
27.0,-0.33125562350342896,-0.33125562350342896,v27,transe,with_windows_removed_99pct,with_windows,99.0
28.0,-0.3200380251022043,-0.3200380251022043,v28,transe,with_windows_removed_99pct,with_windows,99.0
29.0,-0.18278915079473676,-0.18278915079473676,v29,transe,with_windows_removed_99pct,with_windows,99.0
30.0,-0.2906422280359865,-0.2906422280359865,v30,transe,with_windows_removed_99pct,with_windows,99.0
31.0,-0.1961264058571233,-0.1961264058571233,v31,transe,with_windows_removed_99pct,with_windows,99.0
32.0,-0.30593779445289515,-0.30593779445289515,v32,transe,with_windows_removed_99pct,with_windows,99.0
33.0,-0.22745734225472755,-0.22745734225472755,v33,transe,with_windows_removed_99pct,with_windows,99.0
34.0,-0.14702160566083555,-0.14702160566083555,v34,transe,with_windows_removed_99pct,with_windows,99.0
35.0,-0.16357805024834796,-0.16357805024834796,v35,transe,with_windows_removed_99pct,with_windows,99.0
36.0,-0.10341088115791737,-0.10341088115791737,v36,transe,with_windows_removed_99pct,with_windows,99.0
37.0,-0.18045793763589513,-0.18045793763589513,v37,transe,with_windows_removed_99pct,with_windows,99.0
38.0,-0.18657275906810472,-0.18657275906810472,v38,transe,with_windows_removed_99pct,with_windows,99.0
39.0,-0.2577458547620071,-0.2577458547620071,v39,transe,with_windows_removed_99pct,with_windows,99.0
40.0,-0.02975452283655982,-0.02975452283655982,v40,transe,with_windows_removed_99pct,with_windows,99.0
41.0,-0.07519130437839096,-0.07519130437839096,v41,transe,with_windows_removed_99pct,with_windows,99.0
42.0,-0.1420801627614529,-0.1420801627614529,v42,transe,with_windows_removed_99pct,with_windows,99.0
43.0,-0.17162558184877977,-0.17162558184877977,v43,transe,with_windows_removed_99pct,with_windows,99.0
44.0,-0.0768642927216472,-0.0768642927216472,v44,transe,with_windows_removed_99pct,with_windows,99.0
45.0,-0.11956433637815349,-0.11956433637815349,v45,transe,with_windows_removed_99pct,with_windows,99.0
46.0,-0.16501956803411835,-0.16501956803411835,v46,transe,with_windows_removed_99pct,with_windows,99.0
47.0,-0.09051681369963308,-0.09051681369963308,v47,transe,with_windows_removed_99pct,with_windows,99.0
48.0,-0.059032249913663445,-0.059032249913663445,v48,transe,with_windows_removed_99pct,with_windows,99.0
49.0,0.026219703534013976,0.026219703534013976,v49,transe,with_windows_removed_99pct,with_windows,99.0
50.0,-0.06687007303223842,-0.06687007303223842,v50,transe,with_windows_removed_99pct,with_windows,99.0
51.0,0.08530958387374432,0.08530958387374432,v51,transe,with_windows_removed_99pct,with_windows,99.0
52.0,-0.03447300940081149,-0.03447300940081149,v52,transe,with_windows_removed_99pct,with_windows,99.0
53.0,0.10390657943303176,0.10390657943303176,v53,transe,with_windows_removed_99pct,with_windows,99.0
54.0,0.1706419331662254,0.1706419331662254,v54,transe,with_windows_removed_99pct,with_windows,99.0
55.0,-0.04019366651503008,-0.04019366651503008,v55,transe,with_windows_removed_99pct,with_windows,99.0
56.0,0.14120399265668285,0.14120399265668285,v56,transe,with_windows_removed_99pct,with_windows,99.0
57.0,0.15796614563687397,0.15796614563687397,v57,transe,with_windows_removed_99pct,with_windows,99.0
58.0,0.19903434704851514,0.19903434704851514,v58,transe,with_windows_removed_99pct,with_windows,99.0
59.0,0.13625824007843917,0.13625824007843917,v59,transe,with_windows_removed_99pct,with_windows,99.0
60.0,0.09244322873254993,0.09244322873254993,v60,transe,with_windows_removed_99pct,with_windows,99.0
61.0,0.049975646539067345,0.049975646539067345,v61,transe,with_windows_removed_99pct,with_windows,99.0
62.0,0.14694815860338573,0.14694815860338573,v62,transe,with_windows_removed_99pct,with_windows,99.0
63.0,0.20643752314182182,0.20643752314182182,v63,transe,with_windows_removed_99pct,with_windows,99.0
64.0,0.1401028855410125,0.1401028855410125,v64,transe,with_windows_removed_99pct,with_windows,99.0
65.0,0.22865269702593785,0.22865269702593785,v65,transe,with_windows_removed_99pct,with_windows,99.0
66.0,0.22374389982941398,0.22374389982941398,v66,transe,with_windows_removed_99pct,with_windows,99.0
67.0,0.27270356670757295,0.27270356670757295,v67,transe,with_windows_removed_99pct,with_windows,99.0
68.0,0.24899025266969996,0.24899025266969996,v68,transe,with_windows_removed_99pct,with_windows,99.0
69.0,0.21241480436993607,0.21241480436993607,v69,transe,with_windows_removed_99pct,with_windows,99.0
70.0,0.2761327583590866,0.2761327583590866,v70,transe,with_windows_removed_99pct,with_windows,99.0
71.0,0.1885241532424777,0.1885241532424777,v71,transe,with_windows_removed_99pct,with_windows,99.0
72.0,0.29467360236774587,0.29467360236774587,v72,transe,with_windows_removed_99pct,with_windows,99.0
73.0,0.24138065073528067,0.24138065073528067,v73,transe,with_windows_removed_99pct,with_windows,99.0
74.0,0.24266585829596785,0.24266585829596785,v74,transe,with_windows_removed_99pct,with_windows,99.0
75.0,0.3062906163266101,0.3062906163266101,v75,transe,with_windows_removed_99pct,with_windows,99.0
76.0,0.3501367574980303,0.3501367574980303,v76,transe,with_windows_removed_99pct,with_windows,99.0
77.0,0.2629522242396429,0.2629522242396429,v77,transe,with_windows_removed_99pct,with_windows,99.0
78.0,0.3167867187288231,0.3167867187288231,v78,transe,with_windows_removed_99pct,with_windows,99.0
79.0,0.3411904181459362,0.3411904181459362,v79,transe,with_windows_removed_99pct,with_windows,99.0
80.0,0.3623537686964601,0.3623537686964601,v80,transe,with_windows_removed_99pct,with_windows,99.0
81.0,0.29348757320143837,0.29348757320143837,v81,transe,with_windows_removed_99pct,with_windows,99.0
82.0,0.3234220524416934,0.3234220524416934,v82,transe,with_windows_removed_99pct,with_windows,99.0
83.0,0.38667987858235586,0.38667987858235586,v83,transe,with_windows_removed_99pct,with_windows,99.0
84.0,0.3431584956477613,0.3431584956477613,v84,transe,with_windows_removed_99pct,with_windows,99.0
85.0,0.4206654095543223,0.4206654095543223,v85,transe,with_windows_removed_99pct,with_windows,99.0
86.0,0.3396066457734538,0.3396066457734538,v86,transe,with_windows_removed_99pct,with_windows,99.0
87.0,0.32542747662153626,0.32542747662153626,v87,transe,with_windows_removed_99pct,with_windows,99.0
88.0,0.33083036180899716,0.33083036180899716,v88,transe,with_windows_removed_99pct,with_windows,99.0
89.0,0.3152738041511822,0.3152738041511822,v89,transe,with_windows_removed_99pct,with_windows,99.0
90.0,0.4176523059596562,0.4176523059596562,v90,transe,with_windows_removed_99pct,with_windows,99.0
91.0,0.4314737938464054,0.4314737938464054,v91,transe,with_windows_removed_99pct,with_windows,99.0
92.0,0.39945987779860986,0.39945987779860986,v92,transe,with_windows_removed_99pct,with_windows,99.0
93.0,0.34077331342091866,0.34077331342091866,v93,transe,with_windows_removed_99pct,with_windows,99.0
94.0,0.44208917658384744,0.44208917658384744,v94,transe,with_windows_removed_99pct,with_windows,99.0
95.0,0.3891995218663939,0.3891995218663939,v95,transe,with_windows_removed_99pct,with_windows,99.0
96.0,0.335824146183467,0.335824146183467,v96,transe,with_windows_removed_99pct,with_windows,99.0
97.0,0.3796688131772164,0.3796688131772164,v97,transe,with_windows_removed_99pct,with_windows,99.0
98.0,0.4719409199309946,0.4719409199309946,v98,transe,with_windows_removed_99pct,with_windows,99.0
99.0,0.4470393733824602,0.4470393733824602,v99,transe,with_windows_removed_99pct,with_windows,99.0
100.0,0.34981128946330775,0.34981128946330775,v100,transe,with_windows_removed_99pct,with_windows,99.0
1.0,-0.32277296442419684,-0.32277296442419684,v1,transe,without_windows_removed_99pct,without_windows,99.0
2.0,-0.4477218805387872,-0.4477218805387872,v2,transe,without_windows_removed_99pct,without_windows,99.0
3.0,-0.3495694560105665,-0.3495694560105665,v3,transe,without_windows_removed_99pct,without_windows,99.0
4.0,-0.371968004101858,-0.371968004101858,v4,transe,without_windows_removed_99pct,without_windows,99.0
5.0,-0.410382540038616,-0.410382540038616,v5,transe,without_windows_removed_99pct,without_windows,99.0
6.0,-0.47414581743517586,-0.47414581743517586,v6,transe,without_windows_removed_99pct,without_windows,99.0
7.0,-0.3168778981281522,-0.3168778981281522,v7,transe,without_windows_removed_99pct,without_windows,99.0
8.0,-0.41490813566602974,-0.41490813566602974,v8,transe,without_windows_removed_99pct,without_windows,99.0
9.0,-0.3254291919683457,-0.3254291919683457,v9,transe,without_windows_removed_99pct,without_windows,99.0
10.0,-0.28007074316646996,-0.28007074316646996,v10,transe,without_windows_removed_99pct,without_windows,99.0
11.0,-0.32584091627566014,-0.32584091627566014,v11,transe,without_windows_removed_99pct,without_windows,99.0
12.0,-0.22249670196381208,-0.22249670196381208,v12,transe,without_windows_removed_99pct,without_windows,99.0
13.0,-0.40837946862752134,-0.40837946862752134,v13,transe,without_windows_removed_99pct,without_windows,99.0
14.0,-0.37005957022816693,-0.37005957022816693,v14,transe,without_windows_removed_99pct,without_windows,99.0
15.0,-0.3863033837598433,-0.3863033837598433,v15,transe,without_windows_removed_99pct,without_windows,99.0
16.0,-0.3945574823298876,-0.3945574823298876,v16,transe,without_windows_removed_99pct,without_windows,99.0
17.0,-0.33477606871779186,-0.33477606871779186,v17,transe,without_windows_removed_99pct,without_windows,99.0
18.0,-0.40973775933237977,-0.40973775933237977,v18,transe,without_windows_removed_99pct,without_windows,99.0
19.0,-0.3288926953695629,-0.3288926953695629,v19,transe,without_windows_removed_99pct,without_windows,99.0
20.0,-0.2631152639647645,-0.2631152639647645,v20,transe,without_windows_removed_99pct,without_windows,99.0
21.0,-0.3092089604342928,-0.3092089604342928,v21,transe,without_windows_removed_99pct,without_windows,99.0
22.0,-0.3685445098864063,-0.3685445098864063,v22,transe,without_windows_removed_99pct,without_windows,99.0
23.0,-0.2676377673570528,-0.2676377673570528,v23,transe,without_windows_removed_99pct,without_windows,99.0
24.0,-0.25744551008242134,-0.25744551008242134,v24,transe,without_windows_removed_99pct,without_windows,99.0
25.0,-0.2940725319506928,-0.2940725319506928,v25,transe,without_windows_removed_99pct,without_windows,99.0
26.0,-0.26697309551566717,-0.26697309551566717,v26,transe,without_windows_removed_99pct,without_windows,99.0
27.0,-0.37285216445597646,-0.37285216445597646,v27,transe,without_windows_removed_99pct,without_windows,99.0
28.0,-0.3063610764554562,-0.3063610764554562,v28,transe,without_windows_removed_99pct,without_windows,99.0
29.0,-0.22694732491448102,-0.22694732491448102,v29,transe,without_windows_removed_99pct,without_windows,99.0
30.0,-0.18518527096752702,-0.18518527096752702,v30,transe,without_windows_removed_99pct,without_windows,99.0
31.0,-0.20148479423766671,-0.20148479423766671,v31,transe,without_windows_removed_99pct,without_windows,99.0
32.0,-0.21976080356903654,-0.21976080356903654,v32,transe,without_windows_removed_99pct,without_windows,99.0
33.0,-0.18929049753628993,-0.18929049753628993,v33,transe,without_windows_removed_99pct,without_windows,99.0
34.0,-0.15384288620978628,-0.15384288620978628,v34,transe,without_windows_removed_99pct,without_windows,99.0
35.0,-0.24043150684368383,-0.24043150684368383,v35,transe,without_windows_removed_99pct,without_windows,99.0
36.0,-0.22577715696619038,-0.22577715696619038,v36,transe,without_windows_removed_99pct,without_windows,99.0
37.0,-0.19668410988214502,-0.19668410988214502,v37,transe,without_windows_removed_99pct,without_windows,99.0
38.0,-0.07823157992049846,-0.07823157992049846,v38,transe,without_windows_removed_99pct,without_windows,99.0
39.0,-0.15619036068266484,-0.15619036068266484,v39,transe,without_windows_removed_99pct,without_windows,99.0
40.0,-0.14062654496686133,-0.14062654496686133,v40,transe,without_windows_removed_99pct,without_windows,99.0
41.0,-0.11779346891477889,-0.11779346891477889,v41,transe,without_windows_removed_99pct,without_windows,99.0
42.0,-0.07395617577262942,-0.07395617577262942,v42,transe,without_windows_removed_99pct,without_windows,99.0
43.0,-0.08013999894939051,-0.08013999894939051,v43,transe,without_windows_removed_99pct,without_windows,99.0
44.0,0.005701120425266035,0.005701120425266035,v44,transe,without_windows_removed_99pct,without_windows,99.0
45.0,-0.07534628080642504,-0.07534628080642504,v45,transe,without_windows_removed_99pct,without_windows,99.0
46.0,-0.04454196564947876,-0.04454196564947876,v46,transe,without_windows_removed_99pct,without_windows,99.0
47.0,0.043380812010651394,0.043380812010651394,v47,transe,without_windows_removed_99pct,without_windows,99.0
48.0,-0.08872010275852803,-0.08872010275852803,v48,transe,without_windows_removed_99pct,without_windows,99.0
49.0,-0.06238595194365728,-0.06238595194365728,v49,transe,without_windows_removed_99pct,without_windows,99.0
50.0,-0.05215918011916812,-0.05215918011916812,v50,transe,without_windows_removed_99pct,without_windows,99.0
51.0,-0.027039501118553418,-0.027039501118553418,v51,transe,without_windows_removed_99pct,without_windows,99.0
52.0,-0.06061731677616068,-0.06061731677616068,v52,transe,without_windows_removed_99pct,without_windows,99.0
53.0,-0.010713243857968851,-0.010713243857968851,v53,transe,without_windows_removed_99pct,without_windows,99.0
54.0,0.05288269042376767,0.05288269042376767,v54,transe,without_windows_removed_99pct,without_windows,99.0
55.0,0.02464180572977247,0.02464180572977247,v55,transe,without_windows_removed_99pct,without_windows,99.0
56.0,0.052172159636934216,0.052172159636934216,v56,transe,without_windows_removed_99pct,without_windows,99.0
57.0,0.16199690373260178,0.16199690373260178,v57,transe,without_windows_removed_99pct,without_windows,99.0
58.0,0.05458043149002479,0.05458043149002479,v58,transe,without_windows_removed_99pct,without_windows,99.0
59.0,0.10338306930293638,0.10338306930293638,v59,transe,without_windows_removed_99pct,without_windows,99.0
60.0,0.10706009345807461,0.10706009345807461,v60,transe,without_windows_removed_99pct,without_windows,99.0
61.0,0.13715687248227953,0.13715687248227953,v61,transe,without_windows_removed_99pct,without_windows,99.0
62.0,0.10945752479282345,0.10945752479282345,v62,transe,without_windows_removed_99pct,without_windows,99.0
63.0,0.15289725910678745,0.15289725910678745,v63,transe,without_windows_removed_99pct,without_windows,99.0
64.0,0.15279229596037514,0.15279229596037514,v64,transe,without_windows_removed_99pct,without_windows,99.0
65.0,0.12187818780139228,0.12187818780139228,v65,transe,without_windows_removed_99pct,without_windows,99.0
66.0,0.17287858195564243,0.17287858195564243,v66,transe,without_windows_removed_99pct,without_windows,99.0
67.0,0.20687127462561794,0.20687127462561794,v67,transe,without_windows_removed_99pct,without_windows,99.0
68.0,0.2879957834558857,0.2879957834558857,v68,transe,without_windows_removed_99pct,without_windows,99.0
69.0,0.15159600502090112,0.15159600502090112,v69,transe,without_windows_removed_99pct,without_windows,99.0
70.0,0.18536170223205894,0.18536170223205894,v70,transe,without_windows_removed_99pct,without_windows,99.0
71.0,0.1783193940225941,0.1783193940225941,v71,transe,without_windows_removed_99pct,without_windows,99.0
72.0,0.1983671116079102,0.1983671116079102,v72,transe,without_windows_removed_99pct,without_windows,99.0
73.0,0.3506982136323297,0.3506982136323297,v73,transe,without_windows_removed_99pct,without_windows,99.0
74.0,0.27533336167166905,0.27533336167166905,v74,transe,without_windows_removed_99pct,without_windows,99.0
75.0,0.37415999996350263,0.37415999996350263,v75,transe,without_windows_removed_99pct,without_windows,99.0
76.0,0.17121616185321004,0.17121616185321004,v76,transe,without_windows_removed_99pct,without_windows,99.0
77.0,0.21413769713393793,0.21413769713393793,v77,transe,without_windows_removed_99pct,without_windows,99.0
78.0,0.34512505222396495,0.34512505222396495,v78,transe,without_windows_removed_99pct,without_windows,99.0
79.0,0.244519226844452,0.244519226844452,v79,transe,without_windows_removed_99pct,without_windows,99.0
80.0,0.4153413661943286,0.4153413661943286,v80,transe,without_windows_removed_99pct,without_windows,99.0
81.0,0.31699788662160533,0.31699788662160533,v81,transe,without_windows_removed_99pct,without_windows,99.0
82.0,0.25860427225941174,0.25860427225941174,v82,transe,without_windows_removed_99pct,without_windows,99.0
83.0,0.37559095015811744,0.37559095015811744,v83,transe,without_windows_removed_99pct,without_windows,99.0
84.0,0.35202611875348694,0.35202611875348694,v84,transe,without_windows_removed_99pct,without_windows,99.0
85.0,0.33514578873247924,0.33514578873247924,v85,transe,without_windows_removed_99pct,without_windows,99.0
86.0,0.3924681640083945,0.3924681640083945,v86,transe,without_windows_removed_99pct,without_windows,99.0
87.0,0.38105735945035984,0.38105735945035984,v87,transe,without_windows_removed_99pct,without_windows,99.0
88.0,0.3252999199335465,0.3252999199335465,v88,transe,without_windows_removed_99pct,without_windows,99.0
89.0,0.2609348006240089,0.2609348006240089,v89,transe,without_windows_removed_99pct,without_windows,99.0
90.0,0.4368972174675753,0.4368972174675753,v90,transe,without_windows_removed_99pct,without_windows,99.0
91.0,0.36439678084698174,0.36439678084698174,v91,transe,without_windows_removed_99pct,without_windows,99.0
92.0,0.3652216071699195,0.3652216071699195,v92,transe,without_windows_removed_99pct,without_windows,99.0
93.0,0.36169659691930484,0.36169659691930484,v93,transe,without_windows_removed_99pct,without_windows,99.0
94.0,0.3791258110276024,0.3791258110276024,v94,transe,without_windows_removed_99pct,without_windows,99.0
95.0,0.4798852776811438,0.4798852776811438,v95,transe,without_windows_removed_99pct,without_windows,99.0
96.0,0.43627230335642114,0.43627230335642114,v96,transe,without_windows_removed_99pct,without_windows,99.0
97.0,0.4353201853405612,0.4353201853405612,v97,transe,without_windows_removed_99pct,without_windows,99.0
98.0,0.4235570840792578,0.4235570840792578,v98,transe,without_windows_removed_99pct,without_windows,99.0
99.0,0.4258506457188413,0.4258506457188413,v99,transe,without_windows_removed_99pct,without_windows,99.0
100.0,0.3507166526084109,0.3507166526084109,v100,transe,without_windows_removed_99pct,without_windows,99.0
1.0,-0.0975075302068069,-0.0975075302068069,v1,distmult,with_windows_original,with_windows,0.0
2.0,-0.11017394989534311,-0.11017394989534311,v2,distmult,with_windows_original,with_windows,0.0
3.0,-0.09176334622128916,-0.09176334622128916,v3,distmult,with_windows_original,with_windows,0.0
4.0,-0.16259642074828934,-0.16259642074828934,v4,distmult,with_windows_original,with_windows,0.0
5.0,-0.14056217919860234,-0.14056217919860234,v5,distmult,with_windows_original,with_windows,0.0
6.0,-0.09380063362686598,-0.09380063362686598,v6,distmult,with_windows_original,with_windows,0.0
7.0,-0.14513673417072273,-0.14513673417072273,v7,distmult,with_windows_original,with_windows,0.0
8.0,-0.09401289025942712,-0.09401289025942712,v8,distmult,with_windows_original,with_windows,0.0
9.0,-0.17108517144921953,-0.17108517144921953,v9,distmult,with_windows_original,with_windows,0.0
10.0,-0.12367296521768963,-0.12367296521768963,v10,distmult,with_windows_original,with_windows,0.0
11.0,-0.044192445164826545,-0.044192445164826545,v11,distmult,with_windows_original,with_windows,0.0
12.0,-0.14343169027913788,-0.14343169027913788,v12,distmult,with_windows_original,with_windows,0.0
13.0,-0.1337379370489067,-0.1337379370489067,v13,distmult,with_windows_original,with_windows,0.0
14.0,-0.14107654449514243,-0.14107654449514243,v14,distmult,with_windows_original,with_windows,0.0
15.0,-0.1358269710869477,-0.1358269710869477,v15,distmult,with_windows_original,with_windows,0.0
16.0,-0.15990147447190448,-0.15990147447190448,v16,distmult,with_windows_original,with_windows,0.0
17.0,-0.16508632326767136,-0.16508632326767136,v17,distmult,with_windows_original,with_windows,0.0
18.0,-0.11855851426986606,-0.11855851426986606,v18,distmult,with_windows_original,with_windows,0.0
19.0,-0.13269189765742676,-0.13269189765742676,v19,distmult,with_windows_original,with_windows,0.0
20.0,-0.07059783940723925,-0.07059783940723925,v20,distmult,with_windows_original,with_windows,0.0
21.0,-0.1540078183842771,-0.1540078183842771,v21,distmult,with_windows_original,with_windows,0.0
22.0,-0.08647933128274748,-0.08647933128274748,v22,distmult,with_windows_original,with_windows,0.0
23.0,-0.16725053996290962,-0.16725053996290962,v23,distmult,with_windows_original,with_windows,0.0
24.0,-0.12003419413937894,-0.12003419413937894,v24,distmult,with_windows_original,with_windows,0.0
25.0,-0.15154110708102875,-0.15154110708102875,v25,distmult,with_windows_original,with_windows,0.0
26.0,-0.10191544175126561,-0.10191544175126561,v26,distmult,with_windows_original,with_windows,0.0
27.0,-0.17878424499585474,-0.17878424499585474,v27,distmult,with_windows_original,with_windows,0.0
28.0,-0.1414905406992571,-0.1414905406992571,v28,distmult,with_windows_original,with_windows,0.0
29.0,-0.1626218627708527,-0.1626218627708527,v29,distmult,with_windows_original,with_windows,0.0
30.0,-0.1680153110956724,-0.1680153110956724,v30,distmult,with_windows_original,with_windows,0.0
31.0,-0.15176473734140322,-0.15176473734140322,v31,distmult,with_windows_original,with_windows,0.0
32.0,-0.1717967910558994,-0.1717967910558994,v32,distmult,with_windows_original,with_windows,0.0
33.0,-0.16644263267124715,-0.16644263267124715,v33,distmult,with_windows_original,with_windows,0.0
34.0,-0.041193398379633143,-0.041193398379633143,v34,distmult,with_windows_original,with_windows,0.0
35.0,-0.12379913386159014,-0.12379913386159014,v35,distmult,with_windows_original,with_windows,0.0
36.0,-0.05866991309054449,-0.05866991309054449,v36,distmult,with_windows_original,with_windows,0.0
37.0,-0.16057300539003844,-0.16057300539003844,v37,distmult,with_windows_original,with_windows,0.0
38.0,-0.16314707499627748,-0.16314707499627748,v38,distmult,with_windows_original,with_windows,0.0
39.0,-0.14272445074436596,-0.14272445074436596,v39,distmult,with_windows_original,with_windows,0.0
40.0,-0.08508201328445605,-0.08508201328445605,v40,distmult,with_windows_original,with_windows,0.0
41.0,-0.07920834020470384,-0.07920834020470384,v41,distmult,with_windows_original,with_windows,0.0
42.0,-0.1207379262926369,-0.1207379262926369,v42,distmult,with_windows_original,with_windows,0.0
43.0,-0.14696022650028157,-0.14696022650028157,v43,distmult,with_windows_original,with_windows,0.0
44.0,-0.10299670308230949,-0.10299670308230949,v44,distmult,with_windows_original,with_windows,0.0
45.0,-0.15912131542553482,-0.15912131542553482,v45,distmult,with_windows_original,with_windows,0.0
46.0,-0.10884252534654744,-0.10884252534654744,v46,distmult,with_windows_original,with_windows,0.0
47.0,-0.06067661948153358,-0.06067661948153358,v47,distmult,with_windows_original,with_windows,0.0
48.0,-0.11059898197987172,-0.11059898197987172,v48,distmult,with_windows_original,with_windows,0.0
49.0,-0.0877461565963105,-0.0877461565963105,v49,distmult,with_windows_original,with_windows,0.0
50.0,-0.1445892533941236,-0.1445892533941236,v50,distmult,with_windows_original,with_windows,0.0
51.0,0.13598372199137174,0.13598372199137174,v51,distmult,with_windows_original,with_windows,0.0
52.0,0.185978885833638,0.185978885833638,v52,distmult,with_windows_original,with_windows,0.0
53.0,0.10420440792159724,0.10420440792159724,v53,distmult,with_windows_original,with_windows,0.0
54.0,0.12397448110040989,0.12397448110040989,v54,distmult,with_windows_original,with_windows,0.0
55.0,0.14144216314697208,0.14144216314697208,v55,distmult,with_windows_original,with_windows,0.0
56.0,0.10252801723919239,0.10252801723919239,v56,distmult,with_windows_original,with_windows,0.0
57.0,0.045680664514198784,0.045680664514198784,v57,distmult,with_windows_original,with_windows,0.0
58.0,0.10461060326373697,0.10461060326373697,v58,distmult,with_windows_original,with_windows,0.0
59.0,0.13061171445837896,0.13061171445837896,v59,distmult,with_windows_original,with_windows,0.0
60.0,0.17229115975668868,0.17229115975668868,v60,distmult,with_windows_original,with_windows,0.0
61.0,0.10962222818574804,0.10962222818574804,v61,distmult,with_windows_original,with_windows,0.0
62.0,0.08414097748152272,0.08414097748152272,v62,distmult,with_windows_original,with_windows,0.0
63.0,0.16327041841020257,0.16327041841020257,v63,distmult,with_windows_original,with_windows,0.0
64.0,0.1377163001907282,0.1377163001907282,v64,distmult,with_windows_original,with_windows,0.0
65.0,0.13897678183840445,0.13897678183840445,v65,distmult,with_windows_original,with_windows,0.0
66.0,0.10790529974955698,0.10790529974955698,v66,distmult,with_windows_original,with_windows,0.0
67.0,0.13741714384485806,0.13741714384485806,v67,distmult,with_windows_original,with_windows,0.0
68.0,-0.0562087179753223,-0.0562087179753223,v68,distmult,with_windows_original,with_windows,0.0
69.0,0.12169494887766841,0.12169494887766841,v69,distmult,with_windows_original,with_windows,0.0
70.0,0.029876406197767973,0.029876406197767973,v70,distmult,with_windows_original,with_windows,0.0
71.0,0.11557941719303684,0.11557941719303684,v71,distmult,with_windows_original,with_windows,0.0
72.0,0.08259111387812614,0.08259111387812614,v72,distmult,with_windows_original,with_windows,0.0
73.0,0.18142798424942744,0.18142798424942744,v73,distmult,with_windows_original,with_windows,0.0
74.0,0.07339248023989228,0.07339248023989228,v74,distmult,with_windows_original,with_windows,0.0
75.0,0.12890534793987135,0.12890534793987135,v75,distmult,with_windows_original,with_windows,0.0
76.0,0.15639493674964658,0.15639493674964658,v76,distmult,with_windows_original,with_windows,0.0
77.0,0.16086006800572822,0.16086006800572822,v77,distmult,with_windows_original,with_windows,0.0
78.0,0.139320185709754,0.139320185709754,v78,distmult,with_windows_original,with_windows,0.0
79.0,0.12377757067671664,0.12377757067671664,v79,distmult,with_windows_original,with_windows,0.0
80.0,0.14732145153647813,0.14732145153647813,v80,distmult,with_windows_original,with_windows,0.0
81.0,0.19527774797746297,0.19527774797746297,v81,distmult,with_windows_original,with_windows,0.0
82.0,0.17620358507261702,0.17620358507261702,v82,distmult,with_windows_original,with_windows,0.0
83.0,0.10899018126749004,0.10899018126749004,v83,distmult,with_windows_original,with_windows,0.0
84.0,0.11421212416162359,0.11421212416162359,v84,distmult,with_windows_original,with_windows,0.0
85.0,0.09264909228550659,0.09264909228550659,v85,distmult,with_windows_original,with_windows,0.0
86.0,0.14139895006884326,0.14139895006884326,v86,distmult,with_windows_original,with_windows,0.0
87.0,0.1494874988937116,0.1494874988937116,v87,distmult,with_windows_original,with_windows,0.0
88.0,0.11451634585219657,0.11451634585219657,v88,distmult,with_windows_original,with_windows,0.0
89.0,0.19703749834769083,0.19703749834769083,v89,distmult,with_windows_original,with_windows,0.0
90.0,0.1878791502379463,0.1878791502379463,v90,distmult,with_windows_original,with_windows,0.0
91.0,0.14870526999930492,0.14870526999930492,v91,distmult,with_windows_original,with_windows,0.0
92.0,0.1521043436269608,0.1521043436269608,v92,distmult,with_windows_original,with_windows,0.0
93.0,0.13667210655712558,0.13667210655712558,v93,distmult,with_windows_original,with_windows,0.0
94.0,0.14065661171341487,0.14065661171341487,v94,distmult,with_windows_original,with_windows,0.0
95.0,0.15205142861441942,0.15205142861441942,v95,distmult,with_windows_original,with_windows,0.0
96.0,0.11817442235721355,0.11817442235721355,v96,distmult,with_windows_original,with_windows,0.0
97.0,0.1460846722079271,0.1460846722079271,v97,distmult,with_windows_original,with_windows,0.0
98.0,0.08512948844173951,0.08512948844173951,v98,distmult,with_windows_original,with_windows,0.0
99.0,0.15861067857333036,0.15861067857333036,v99,distmult,with_windows_original,with_windows,0.0
100.0,0.04709569096335722,0.04709569096335722,v100,distmult,with_windows_original,with_windows,0.0
1.0,-0.04403538417951449,0.04403538417951449,v1,distmult,without_windows_original,without_windows,0.0
2.0,0.06362921691042706,-0.06362921691042706,v2,distmult,without_windows_original,without_windows,0.0
3.0,-0.13338911489878622,0.13338911489878622,v3,distmult,without_windows_original,without_windows,0.0
4.0,-0.00438492666538863,0.00438492666538863,v4,distmult,without_windows_original,without_windows,0.0
5.0,0.022044975054772244,-0.022044975054772244,v5,distmult,without_windows_original,without_windows,0.0
6.0,0.032161686339094386,-0.032161686339094386,v6,distmult,without_windows_original,without_windows,0.0
7.0,-0.06500627666089878,0.06500627666089878,v7,distmult,without_windows_original,without_windows,0.0
8.0,0.03076571249894256,-0.03076571249894256,v8,distmult,without_windows_original,without_windows,0.0
9.0,0.09357064230097084,-0.09357064230097084,v9,distmult,without_windows_original,without_windows,0.0
10.0,0.2098138610666212,-0.2098138610666212,v10,distmult,without_windows_original,without_windows,0.0
11.0,0.014639105372731246,-0.014639105372731246,v11,distmult,without_windows_original,without_windows,0.0
12.0,0.2175287641441078,-0.2175287641441078,v12,distmult,without_windows_original,without_windows,0.0
13.0,-0.1896243367384016,0.1896243367384016,v13,distmult,without_windows_original,without_windows,0.0
14.0,0.06133073846345285,-0.06133073846345285,v14,distmult,without_windows_original,without_windows,0.0
15.0,0.09998985114537581,-0.09998985114537581,v15,distmult,without_windows_original,without_windows,0.0
16.0,-0.07112051928545751,0.07112051928545751,v16,distmult,without_windows_original,without_windows,0.0
17.0,0.03235088962896172,-0.03235088962896172,v17,distmult,without_windows_original,without_windows,0.0
18.0,0.08453310191036496,-0.08453310191036496,v18,distmult,without_windows_original,without_windows,0.0
19.0,0.013099204404089947,-0.013099204404089947,v19,distmult,without_windows_original,without_windows,0.0
20.0,-0.13864714039429482,0.13864714039429482,v20,distmult,without_windows_original,without_windows,0.0
21.0,0.09488128554364592,-0.09488128554364592,v21,distmult,without_windows_original,without_windows,0.0
22.0,-0.28496383641282524,0.28496383641282524,v22,distmult,without_windows_original,without_windows,0.0
23.0,-0.11776039466826618,0.11776039466826618,v23,distmult,without_windows_original,without_windows,0.0
24.0,0.18717732231821219,-0.18717732231821219,v24,distmult,without_windows_original,without_windows,0.0
25.0,0.04156497662702017,-0.04156497662702017,v25,distmult,without_windows_original,without_windows,0.0
26.0,0.23177846177724737,-0.23177846177724737,v26,distmult,without_windows_original,without_windows,0.0
27.0,0.12273754583215749,-0.12273754583215749,v27,distmult,without_windows_original,without_windows,0.0
28.0,-0.043334132886183346,0.043334132886183346,v28,distmult,without_windows_original,without_windows,0.0
29.0,-0.09894948961314784,0.09894948961314784,v29,distmult,without_windows_original,without_windows,0.0
30.0,-0.19392187277845668,0.19392187277845668,v30,distmult,without_windows_original,without_windows,0.0
31.0,0.0072840365751604295,-0.0072840365751604295,v31,distmult,without_windows_original,without_windows,0.0
32.0,0.19236925635240118,-0.19236925635240118,v32,distmult,without_windows_original,without_windows,0.0
33.0,0.24344160862852837,-0.24344160862852837,v33,distmult,without_windows_original,without_windows,0.0
34.0,-0.16765296100295735,0.16765296100295735,v34,distmult,without_windows_original,without_windows,0.0
35.0,-0.052298850574386546,0.052298850574386546,v35,distmult,without_windows_original,without_windows,0.0
36.0,0.02892322480526397,-0.02892322480526397,v36,distmult,without_windows_original,without_windows,0.0
37.0,-0.001378921547862561,0.001378921547862561,v37,distmult,without_windows_original,without_windows,0.0
38.0,-0.07345740996376524,0.07345740996376524,v38,distmult,without_windows_original,without_windows,0.0
39.0,0.1035658875771973,-0.1035658875771973,v39,distmult,without_windows_original,without_windows,0.0
40.0,-0.0360040808274788,0.0360040808274788,v40,distmult,without_windows_original,without_windows,0.0
41.0,0.16739130181712497,-0.16739130181712497,v41,distmult,without_windows_original,without_windows,0.0
42.0,-0.2069728961416935,0.2069728961416935,v42,distmult,without_windows_original,without_windows,0.0
43.0,-0.10892326828851642,0.10892326828851642,v43,distmult,without_windows_original,without_windows,0.0
44.0,-0.07772442024537381,0.07772442024537381,v44,distmult,without_windows_original,without_windows,0.0
45.0,-0.016742990197388553,0.016742990197388553,v45,distmult,without_windows_original,without_windows,0.0
46.0,0.17454891069713,-0.17454891069713,v46,distmult,without_windows_original,without_windows,0.0
47.0,-0.12427598020644848,0.12427598020644848,v47,distmult,without_windows_original,without_windows,0.0
48.0,0.1528719729372656,-0.1528719729372656,v48,distmult,without_windows_original,without_windows,0.0
49.0,0.020850979473787258,-0.020850979473787258,v49,distmult,without_windows_original,without_windows,0.0
50.0,-0.19071613436629,0.19071613436629,v50,distmult,without_windows_original,without_windows,0.0
51.0,0.05854120696324194,-0.05854120696324194,v51,distmult,without_windows_original,without_windows,0.0
52.0,-0.14843282269897815,0.14843282269897815,v52,distmult,without_windows_original,without_windows,0.0
53.0,0.21995661880715245,-0.21995661880715245,v53,distmult,without_windows_original,without_windows,0.0
54.0,0.0758757941800538,-0.0758757941800538,v54,distmult,without_windows_original,without_windows,0.0
55.0,0.10716185324557279,-0.10716185324557279,v55,distmult,without_windows_original,without_windows,0.0
56.0,-0.0781099313848515,0.0781099313848515,v56,distmult,without_windows_original,without_windows,0.0
57.0,-0.17208426789270667,0.17208426789270667,v57,distmult,without_windows_original,without_windows,0.0
58.0,-0.047873365088312435,0.047873365088312435,v58,distmult,without_windows_original,without_windows,0.0
59.0,0.09613490287052719,-0.09613490287052719,v59,distmult,without_windows_original,without_windows,0.0
60.0,-0.056502052199719065,0.056502052199719065,v60,distmult,without_windows_original,without_windows,0.0
61.0,-0.055087985063926315,0.055087985063926315,v61,distmult,without_windows_original,without_windows,0.0
62.0,-0.06886453003081028,0.06886453003081028,v62,distmult,without_windows_original,without_windows,0.0
63.0,0.15361851002350596,-0.15361851002350596,v63,distmult,without_windows_original,without_windows,0.0
64.0,-0.014066674437412722,0.014066674437412722,v64,distmult,without_windows_original,without_windows,0.0
65.0,0.04578813040154892,-0.04578813040154892,v65,distmult,without_windows_original,without_windows,0.0
66.0,0.034945544686804504,-0.034945544686804504,v66,distmult,without_windows_original,without_windows,0.0
67.0,0.09989532852592777,-0.09989532852592777,v67,distmult,without_windows_original,without_windows,0.0
68.0,0.18315281334345185,-0.18315281334345185,v68,distmult,without_windows_original,without_windows,0.0
69.0,-0.01052894609056346,0.01052894609056346,v69,distmult,without_windows_original,without_windows,0.0
70.0,0.06428912029181504,-0.06428912029181504,v70,distmult,without_windows_original,without_windows,0.0
71.0,-0.07724236833722474,0.07724236833722474,v71,distmult,without_windows_original,without_windows,0.0
72.0,0.1390520807761724,-0.1390520807761724,v72,distmult,without_windows_original,without_windows,0.0
73.0,0.07547575380871376,-0.07547575380871376,v73,distmult,without_windows_original,without_windows,0.0
74.0,0.10299456769148059,-0.10299456769148059,v74,distmult,without_windows_original,without_windows,0.0
75.0,-0.15056695909681964,0.15056695909681964,v75,distmult,without_windows_original,without_windows,0.0
76.0,0.09803124414218845,-0.09803124414218845,v76,distmult,without_windows_original,without_windows,0.0
77.0,-0.26212739006305597,0.26212739006305597,v77,distmult,without_windows_original,without_windows,0.0
78.0,-0.1421607925817688,0.1421607925817688,v78,distmult,without_windows_original,without_windows,0.0
79.0,0.020602154305789336,-0.020602154305789336,v79,distmult,without_windows_original,without_windows,0.0
80.0,-0.10145530737036623,0.10145530737036623,v80,distmult,without_windows_original,without_windows,0.0
81.0,-0.1892795991762995,0.1892795991762995,v81,distmult,without_windows_original,without_windows,0.0
82.0,-0.2207317219980398,0.2207317219980398,v82,distmult,without_windows_original,without_windows,0.0
83.0,-0.19091658014810264,0.19091658014810264,v83,distmult,without_windows_original,without_windows,0.0
84.0,0.03770585826143826,-0.03770585826143826,v84,distmult,without_windows_original,without_windows,0.0
85.0,-5.2381548001927506e-05,5.2381548001927506e-05,v85,distmult,without_windows_original,without_windows,0.0
86.0,-0.0042905771788196035,0.0042905771788196035,v86,distmult,without_windows_original,without_windows,0.0
87.0,0.023051800699480457,-0.023051800699480457,v87,distmult,without_windows_original,without_windows,0.0
88.0,-0.07516614164441893,0.07516614164441893,v88,distmult,without_windows_original,without_windows,0.0
89.0,0.06831726176754187,-0.06831726176754187,v89,distmult,without_windows_original,without_windows,0.0
90.0,0.17639060188751582,-0.17639060188751582,v90,distmult,without_windows_original,without_windows,0.0
91.0,0.06082976804239206,-0.06082976804239206,v91,distmult,without_windows_original,without_windows,0.0
92.0,-0.20068150943848978,0.20068150943848978,v92,distmult,without_windows_original,without_windows,0.0
93.0,0.16071442540554742,-0.16071442540554742,v93,distmult,without_windows_original,without_windows,0.0
94.0,-0.20326792648333444,0.20326792648333444,v94,distmult,without_windows_original,without_windows,0.0
95.0,-0.18169326333748903,0.18169326333748903,v95,distmult,without_windows_original,without_windows,0.0
96.0,0.023473738011073306,-0.023473738011073306,v96,distmult,without_windows_original,without_windows,0.0
97.0,-0.04712663425501986,0.04712663425501986,v97,distmult,without_windows_original,without_windows,0.0
98.0,0.08144964142568833,-0.08144964142568833,v98,distmult,without_windows_original,without_windows,0.0
99.0,0.102304692592557,-0.102304692592557,v99,distmult,without_windows_original,without_windows,0.0
100.0,0.08499713372907779,-0.08499713372907779,v100,distmult,without_windows_original,without_windows,0.0
1.0,-0.15965435608253972,-0.15965435608253972,v1,distmult,with_windows_removed_25pct,with_windows,25.0
2.0,-0.12093401797237013,-0.12093401797237013,v2,distmult,with_windows_removed_25pct,with_windows,25.0
3.0,-0.07204144642997513,-0.07204144642997513,v3,distmult,with_windows_removed_25pct,with_windows,25.0
4.0,-0.07279153851027068,-0.07279153851027068,v4,distmult,with_windows_removed_25pct,with_windows,25.0
5.0,-0.17181595519634357,-0.17181595519634357,v5,distmult,with_windows_removed_25pct,with_windows,25.0
6.0,-0.12313681369469591,-0.12313681369469591,v6,distmult,with_windows_removed_25pct,with_windows,25.0
7.0,-0.08076097843252203,-0.08076097843252203,v7,distmult,with_windows_removed_25pct,with_windows,25.0
8.0,-0.1623704455506389,-0.1623704455506389,v8,distmult,with_windows_removed_25pct,with_windows,25.0
9.0,-0.08488381295604372,-0.08488381295604372,v9,distmult,with_windows_removed_25pct,with_windows,25.0
10.0,-0.04334340700766807,-0.04334340700766807,v10,distmult,with_windows_removed_25pct,with_windows,25.0
11.0,-0.08488044020788979,-0.08488044020788979,v11,distmult,with_windows_removed_25pct,with_windows,25.0
12.0,-0.10467203346435419,-0.10467203346435419,v12,distmult,with_windows_removed_25pct,with_windows,25.0
13.0,-0.14511872257827554,-0.14511872257827554,v13,distmult,with_windows_removed_25pct,with_windows,25.0
14.0,-0.06946774702750731,-0.06946774702750731,v14,distmult,with_windows_removed_25pct,with_windows,25.0
15.0,-0.13578538420161398,-0.13578538420161398,v15,distmult,with_windows_removed_25pct,with_windows,25.0
16.0,-0.08083830142206407,-0.08083830142206407,v16,distmult,with_windows_removed_25pct,with_windows,25.0
17.0,-0.17547434923891994,-0.17547434923891994,v17,distmult,with_windows_removed_25pct,with_windows,25.0
18.0,-0.046390914816549736,-0.046390914816549736,v18,distmult,with_windows_removed_25pct,with_windows,25.0
19.0,-0.155072828474448,-0.155072828474448,v19,distmult,with_windows_removed_25pct,with_windows,25.0
20.0,-0.13499440929980772,-0.13499440929980772,v20,distmult,with_windows_removed_25pct,with_windows,25.0
21.0,-0.07090918866605372,-0.07090918866605372,v21,distmult,with_windows_removed_25pct,with_windows,25.0
22.0,-0.10216305311765675,-0.10216305311765675,v22,distmult,with_windows_removed_25pct,with_windows,25.0
23.0,-0.14957425415554046,-0.14957425415554046,v23,distmult,with_windows_removed_25pct,with_windows,25.0
24.0,-0.12251597223735491,-0.12251597223735491,v24,distmult,with_windows_removed_25pct,with_windows,25.0
25.0,-0.11871307336141014,-0.11871307336141014,v25,distmult,with_windows_removed_25pct,with_windows,25.0
26.0,-0.1011470764684513,-0.1011470764684513,v26,distmult,with_windows_removed_25pct,with_windows,25.0
27.0,-0.2097653141336517,-0.2097653141336517,v27,distmult,with_windows_removed_25pct,with_windows,25.0
28.0,-0.17979278387438147,-0.17979278387438147,v28,distmult,with_windows_removed_25pct,with_windows,25.0
29.0,-0.05011674241306001,-0.05011674241306001,v29,distmult,with_windows_removed_25pct,with_windows,25.0
30.0,-0.11348853857843992,-0.11348853857843992,v30,distmult,with_windows_removed_25pct,with_windows,25.0
31.0,-0.0701454983495229,-0.0701454983495229,v31,distmult,with_windows_removed_25pct,with_windows,25.0
32.0,-0.14236503053861663,-0.14236503053861663,v32,distmult,with_windows_removed_25pct,with_windows,25.0
33.0,-0.15203032583251425,-0.15203032583251425,v33,distmult,with_windows_removed_25pct,with_windows,25.0
34.0,-0.20862626065494336,-0.20862626065494336,v34,distmult,with_windows_removed_25pct,with_windows,25.0
35.0,-0.15371605487310433,-0.15371605487310433,v35,distmult,with_windows_removed_25pct,with_windows,25.0
36.0,-0.20004804554894895,-0.20004804554894895,v36,distmult,with_windows_removed_25pct,with_windows,25.0
37.0,-0.0964893338603771,-0.0964893338603771,v37,distmult,with_windows_removed_25pct,with_windows,25.0
38.0,-0.11854668989574216,-0.11854668989574216,v38,distmult,with_windows_removed_25pct,with_windows,25.0
39.0,0.00509843962717296,0.00509843962717296,v39,distmult,with_windows_removed_25pct,with_windows,25.0
40.0,-0.08293194199193676,-0.08293194199193676,v40,distmult,with_windows_removed_25pct,with_windows,25.0
41.0,-0.0935203886495,-0.0935203886495,v41,distmult,with_windows_removed_25pct,with_windows,25.0
42.0,-0.19978484043051986,-0.19978484043051986,v42,distmult,with_windows_removed_25pct,with_windows,25.0
43.0,-0.12172968935864545,-0.12172968935864545,v43,distmult,with_windows_removed_25pct,with_windows,25.0
44.0,-0.11754404818567721,-0.11754404818567721,v44,distmult,with_windows_removed_25pct,with_windows,25.0
45.0,-0.1255546217849371,-0.1255546217849371,v45,distmult,with_windows_removed_25pct,with_windows,25.0
46.0,-0.14754965932411432,-0.14754965932411432,v46,distmult,with_windows_removed_25pct,with_windows,25.0
47.0,-0.0701740336562979,-0.0701740336562979,v47,distmult,with_windows_removed_25pct,with_windows,25.0
48.0,-0.05295872520944969,-0.05295872520944969,v48,distmult,with_windows_removed_25pct,with_windows,25.0
49.0,-0.020124402520629865,-0.020124402520629865,v49,distmult,with_windows_removed_25pct,with_windows,25.0
50.0,-0.1705393764431726,-0.1705393764431726,v50,distmult,with_windows_removed_25pct,with_windows,25.0
51.0,0.08501443420112206,0.08501443420112206,v51,distmult,with_windows_removed_25pct,with_windows,25.0
52.0,0.19495566138715462,0.19495566138715462,v52,distmult,with_windows_removed_25pct,with_windows,25.0
53.0,0.1296389667640466,0.1296389667640466,v53,distmult,with_windows_removed_25pct,with_windows,25.0
54.0,0.16312223083812552,0.16312223083812552,v54,distmult,with_windows_removed_25pct,with_windows,25.0
55.0,0.14156138752510075,0.14156138752510075,v55,distmult,with_windows_removed_25pct,with_windows,25.0
56.0,0.1653133009462346,0.1653133009462346,v56,distmult,with_windows_removed_25pct,with_windows,25.0
57.0,0.13304267390149824,0.13304267390149824,v57,distmult,with_windows_removed_25pct,with_windows,25.0
58.0,0.08228783073367393,0.08228783073367393,v58,distmult,with_windows_removed_25pct,with_windows,25.0
59.0,0.07517657474675528,0.07517657474675528,v59,distmult,with_windows_removed_25pct,with_windows,25.0
60.0,0.15611786739468544,0.15611786739468544,v60,distmult,with_windows_removed_25pct,with_windows,25.0
61.0,0.12462829187105046,0.12462829187105046,v61,distmult,with_windows_removed_25pct,with_windows,25.0
62.0,0.05973582719111016,0.05973582719111016,v62,distmult,with_windows_removed_25pct,with_windows,25.0
63.0,0.09802040294537724,0.09802040294537724,v63,distmult,with_windows_removed_25pct,with_windows,25.0
64.0,0.06763340463605515,0.06763340463605515,v64,distmult,with_windows_removed_25pct,with_windows,25.0
65.0,0.16068723639965712,0.16068723639965712,v65,distmult,with_windows_removed_25pct,with_windows,25.0
66.0,0.12942919499648756,0.12942919499648756,v66,distmult,with_windows_removed_25pct,with_windows,25.0
67.0,0.12837222778893043,0.12837222778893043,v67,distmult,with_windows_removed_25pct,with_windows,25.0
68.0,0.1658264771048255,0.1658264771048255,v68,distmult,with_windows_removed_25pct,with_windows,25.0
69.0,-0.10363033703224939,-0.10363033703224939,v69,distmult,with_windows_removed_25pct,with_windows,25.0
70.0,0.11064452318596303,0.11064452318596303,v70,distmult,with_windows_removed_25pct,with_windows,25.0
71.0,0.14356557426790337,0.14356557426790337,v71,distmult,with_windows_removed_25pct,with_windows,25.0
72.0,0.04560546209443702,0.04560546209443702,v72,distmult,with_windows_removed_25pct,with_windows,25.0
73.0,0.10651500939185696,0.10651500939185696,v73,distmult,with_windows_removed_25pct,with_windows,25.0
74.0,0.03166098903524692,0.03166098903524692,v74,distmult,with_windows_removed_25pct,with_windows,25.0
75.0,0.08337268802503549,0.08337268802503549,v75,distmult,with_windows_removed_25pct,with_windows,25.0
76.0,0.06691807672652521,0.06691807672652521,v76,distmult,with_windows_removed_25pct,with_windows,25.0
77.0,0.06743967085651084,0.06743967085651084,v77,distmult,with_windows_removed_25pct,with_windows,25.0
78.0,0.08087583476703614,0.08087583476703614,v78,distmult,with_windows_removed_25pct,with_windows,25.0
79.0,0.12030453219985472,0.12030453219985472,v79,distmult,with_windows_removed_25pct,with_windows,25.0
80.0,0.12773311123724973,0.12773311123724973,v80,distmult,with_windows_removed_25pct,with_windows,25.0
81.0,0.18833792615823852,0.18833792615823852,v81,distmult,with_windows_removed_25pct,with_windows,25.0
82.0,0.14594004424951923,0.14594004424951923,v82,distmult,with_windows_removed_25pct,with_windows,25.0
83.0,0.08913042297030484,0.08913042297030484,v83,distmult,with_windows_removed_25pct,with_windows,25.0
84.0,0.1734812932953914,0.1734812932953914,v84,distmult,with_windows_removed_25pct,with_windows,25.0
85.0,0.12016108669802895,0.12016108669802895,v85,distmult,with_windows_removed_25pct,with_windows,25.0
86.0,0.12811216947435639,0.12811216947435639,v86,distmult,with_windows_removed_25pct,with_windows,25.0
87.0,0.03448812494031266,0.03448812494031266,v87,distmult,with_windows_removed_25pct,with_windows,25.0
88.0,0.18817005644276505,0.18817005644276505,v88,distmult,with_windows_removed_25pct,with_windows,25.0
89.0,0.16292748052906403,0.16292748052906403,v89,distmult,with_windows_removed_25pct,with_windows,25.0
90.0,0.13124263728279523,0.13124263728279523,v90,distmult,with_windows_removed_25pct,with_windows,25.0
91.0,0.1716952906330536,0.1716952906330536,v91,distmult,with_windows_removed_25pct,with_windows,25.0
92.0,0.21112110629168285,0.21112110629168285,v92,distmult,with_windows_removed_25pct,with_windows,25.0
93.0,0.09325372889181915,0.09325372889181915,v93,distmult,with_windows_removed_25pct,with_windows,25.0
94.0,0.1421805276514449,0.1421805276514449,v94,distmult,with_windows_removed_25pct,with_windows,25.0
95.0,0.16582898034884921,0.16582898034884921,v95,distmult,with_windows_removed_25pct,with_windows,25.0
96.0,0.09419995985965895,0.09419995985965895,v96,distmult,with_windows_removed_25pct,with_windows,25.0
97.0,0.04503496050226367,0.04503496050226367,v97,distmult,with_windows_removed_25pct,with_windows,25.0
98.0,0.09522265146554233,0.09522265146554233,v98,distmult,with_windows_removed_25pct,with_windows,25.0
99.0,0.1546376992047564,0.1546376992047564,v99,distmult,with_windows_removed_25pct,with_windows,25.0
100.0,0.10515915403486813,0.10515915403486813,v100,distmult,with_windows_removed_25pct,with_windows,25.0
1.0,-0.14654708821936047,0.14654708821936047,v1,distmult,without_windows_removed_25pct,without_windows,25.0
2.0,0.034085249664576996,-0.034085249664576996,v2,distmult,without_windows_removed_25pct,without_windows,25.0
3.0,-0.013971669348709411,0.013971669348709411,v3,distmult,without_windows_removed_25pct,without_windows,25.0
4.0,-0.14352930185613988,0.14352930185613988,v4,distmult,without_windows_removed_25pct,without_windows,25.0
5.0,0.20945026569887043,-0.20945026569887043,v5,distmult,without_windows_removed_25pct,without_windows,25.0
6.0,-0.05561969248466065,0.05561969248466065,v6,distmult,without_windows_removed_25pct,without_windows,25.0
7.0,0.004302298497608729,-0.004302298497608729,v7,distmult,without_windows_removed_25pct,without_windows,25.0
8.0,0.0835565801628805,-0.0835565801628805,v8,distmult,without_windows_removed_25pct,without_windows,25.0
9.0,0.20026134599006837,-0.20026134599006837,v9,distmult,without_windows_removed_25pct,without_windows,25.0
10.0,-0.21533835072861968,0.21533835072861968,v10,distmult,without_windows_removed_25pct,without_windows,25.0
11.0,0.068517777852126,-0.068517777852126,v11,distmult,without_windows_removed_25pct,without_windows,25.0
12.0,0.12311368459002643,-0.12311368459002643,v12,distmult,without_windows_removed_25pct,without_windows,25.0
13.0,-0.3915458530151655,0.3915458530151655,v13,distmult,without_windows_removed_25pct,without_windows,25.0
14.0,0.08443663714901889,-0.08443663714901889,v14,distmult,without_windows_removed_25pct,without_windows,25.0
15.0,0.13877911314890334,-0.13877911314890334,v15,distmult,without_windows_removed_25pct,without_windows,25.0
16.0,-0.3164788216757185,0.3164788216757185,v16,distmult,without_windows_removed_25pct,without_windows,25.0
17.0,0.34941441538057455,-0.34941441538057455,v17,distmult,without_windows_removed_25pct,without_windows,25.0
18.0,0.05164176918903328,-0.05164176918903328,v18,distmult,without_windows_removed_25pct,without_windows,25.0
19.0,-0.2256559789917721,0.2256559789917721,v19,distmult,without_windows_removed_25pct,without_windows,25.0
20.0,0.16674589199841666,-0.16674589199841666,v20,distmult,without_windows_removed_25pct,without_windows,25.0
21.0,0.1370820618082341,-0.1370820618082341,v21,distmult,without_windows_removed_25pct,without_windows,25.0
22.0,0.10724820921176705,-0.10724820921176705,v22,distmult,without_windows_removed_25pct,without_windows,25.0
23.0,0.07979504988314057,-0.07979504988314057,v23,distmult,without_windows_removed_25pct,without_windows,25.0
24.0,0.06854327380977637,-0.06854327380977637,v24,distmult,without_windows_removed_25pct,without_windows,25.0
25.0,0.08141502336531196,-0.08141502336531196,v25,distmult,without_windows_removed_25pct,without_windows,25.0
26.0,-0.2679997966121385,0.2679997966121385,v26,distmult,without_windows_removed_25pct,without_windows,25.0
27.0,-0.2487018209380664,0.2487018209380664,v27,distmult,without_windows_removed_25pct,without_windows,25.0
28.0,-0.1216393959393076,0.1216393959393076,v28,distmult,without_windows_removed_25pct,without_windows,25.0
29.0,-0.07935210896123146,0.07935210896123146,v29,distmult,without_windows_removed_25pct,without_windows,25.0
30.0,0.11139845145500617,-0.11139845145500617,v30,distmult,without_windows_removed_25pct,without_windows,25.0
31.0,-0.010700766199757995,0.010700766199757995,v31,distmult,without_windows_removed_25pct,without_windows,25.0
32.0,-0.09420108005798138,0.09420108005798138,v32,distmult,without_windows_removed_25pct,without_windows,25.0
33.0,-0.0884879372674744,0.0884879372674744,v33,distmult,without_windows_removed_25pct,without_windows,25.0
34.0,-0.22825404128866006,0.22825404128866006,v34,distmult,without_windows_removed_25pct,without_windows,25.0
35.0,-0.11711201108575028,0.11711201108575028,v35,distmult,without_windows_removed_25pct,without_windows,25.0
36.0,0.17649589536668328,-0.17649589536668328,v36,distmult,without_windows_removed_25pct,without_windows,25.0
37.0,-0.17449648268041665,0.17449648268041665,v37,distmult,without_windows_removed_25pct,without_windows,25.0
38.0,-0.11681038418519023,0.11681038418519023,v38,distmult,without_windows_removed_25pct,without_windows,25.0
39.0,-0.048674722840009906,0.048674722840009906,v39,distmult,without_windows_removed_25pct,without_windows,25.0
40.0,0.0794736141441418,-0.0794736141441418,v40,distmult,without_windows_removed_25pct,without_windows,25.0
41.0,0.05603988589554481,-0.05603988589554481,v41,distmult,without_windows_removed_25pct,without_windows,25.0
42.0,0.2960481155361703,-0.2960481155361703,v42,distmult,without_windows_removed_25pct,without_windows,25.0
43.0,-0.07495157752286488,0.07495157752286488,v43,distmult,without_windows_removed_25pct,without_windows,25.0
44.0,0.08824481661305413,-0.08824481661305413,v44,distmult,without_windows_removed_25pct,without_windows,25.0
45.0,0.16568800573299547,-0.16568800573299547,v45,distmult,without_windows_removed_25pct,without_windows,25.0
46.0,0.12303544746880546,-0.12303544746880546,v46,distmult,without_windows_removed_25pct,without_windows,25.0
47.0,0.08779754280001589,-0.08779754280001589,v47,distmult,without_windows_removed_25pct,without_windows,25.0
48.0,-0.07151125900455138,0.07151125900455138,v48,distmult,without_windows_removed_25pct,without_windows,25.0
49.0,-0.09669557825978416,0.09669557825978416,v49,distmult,without_windows_removed_25pct,without_windows,25.0
50.0,0.17783429502436304,-0.17783429502436304,v50,distmult,without_windows_removed_25pct,without_windows,25.0
51.0,0.27134370975276045,-0.27134370975276045,v51,distmult,without_windows_removed_25pct,without_windows,25.0
52.0,-0.2684852434174621,0.2684852434174621,v52,distmult,without_windows_removed_25pct,without_windows,25.0
53.0,0.10213519475192354,-0.10213519475192354,v53,distmult,without_windows_removed_25pct,without_windows,25.0
54.0,0.15560993662307318,-0.15560993662307318,v54,distmult,without_windows_removed_25pct,without_windows,25.0
55.0,0.22641743325018152,-0.22641743325018152,v55,distmult,without_windows_removed_25pct,without_windows,25.0
56.0,-0.013416340518292505,0.013416340518292505,v56,distmult,without_windows_removed_25pct,without_windows,25.0
57.0,0.09030110566293405,-0.09030110566293405,v57,distmult,without_windows_removed_25pct,without_windows,25.0
58.0,0.03379627634462012,-0.03379627634462012,v58,distmult,without_windows_removed_25pct,without_windows,25.0
59.0,-0.0488822970383081,0.0488822970383081,v59,distmult,without_windows_removed_25pct,without_windows,25.0
60.0,-0.018827156751931445,0.018827156751931445,v60,distmult,without_windows_removed_25pct,without_windows,25.0
61.0,0.16590248890724055,-0.16590248890724055,v61,distmult,without_windows_removed_25pct,without_windows,25.0
62.0,0.03801171598548593,-0.03801171598548593,v62,distmult,without_windows_removed_25pct,without_windows,25.0
63.0,0.06332945820043996,-0.06332945820043996,v63,distmult,without_windows_removed_25pct,without_windows,25.0
64.0,-0.040732341667501164,0.040732341667501164,v64,distmult,without_windows_removed_25pct,without_windows,25.0
65.0,-0.0629354977371621,0.0629354977371621,v65,distmult,without_windows_removed_25pct,without_windows,25.0
66.0,0.19323901398897275,-0.19323901398897275,v66,distmult,without_windows_removed_25pct,without_windows,25.0
67.0,-0.0504598633998275,0.0504598633998275,v67,distmult,without_windows_removed_25pct,without_windows,25.0
68.0,0.13858513937381184,-0.13858513937381184,v68,distmult,without_windows_removed_25pct,without_windows,25.0
69.0,-0.2015773264822881,0.2015773264822881,v69,distmult,without_windows_removed_25pct,without_windows,25.0
70.0,-0.003429035935483945,0.003429035935483945,v70,distmult,without_windows_removed_25pct,without_windows,25.0
71.0,-0.21268947488585885,0.21268947488585885,v71,distmult,without_windows_removed_25pct,without_windows,25.0
72.0,-0.09557216716428106,0.09557216716428106,v72,distmult,without_windows_removed_25pct,without_windows,25.0
73.0,-0.2664049824981709,0.2664049824981709,v73,distmult,without_windows_removed_25pct,without_windows,25.0
74.0,0.07228142526503778,-0.07228142526503778,v74,distmult,without_windows_removed_25pct,without_windows,25.0
75.0,-0.13688140546079383,0.13688140546079383,v75,distmult,without_windows_removed_25pct,without_windows,25.0
76.0,0.16990798506006605,-0.16990798506006605,v76,distmult,without_windows_removed_25pct,without_windows,25.0
77.0,0.08303525901946665,-0.08303525901946665,v77,distmult,without_windows_removed_25pct,without_windows,25.0
78.0,0.08342190127505322,-0.08342190127505322,v78,distmult,without_windows_removed_25pct,without_windows,25.0
79.0,0.11847708209536995,-0.11847708209536995,v79,distmult,without_windows_removed_25pct,without_windows,25.0
80.0,-0.15160993868714628,0.15160993868714628,v80,distmult,without_windows_removed_25pct,without_windows,25.0
81.0,0.1305282917297257,-0.1305282917297257,v81,distmult,without_windows_removed_25pct,without_windows,25.0
82.0,-0.28028489764816716,0.28028489764816716,v82,distmult,without_windows_removed_25pct,without_windows,25.0
83.0,0.13437023412514745,-0.13437023412514745,v83,distmult,without_windows_removed_25pct,without_windows,25.0
84.0,-0.0537028788608503,0.0537028788608503,v84,distmult,without_windows_removed_25pct,without_windows,25.0
85.0,-0.1083085304429264,0.1083085304429264,v85,distmult,without_windows_removed_25pct,without_windows,25.0
86.0,0.12447742584340028,-0.12447742584340028,v86,distmult,without_windows_removed_25pct,without_windows,25.0
87.0,0.11392386717627559,-0.11392386717627559,v87,distmult,without_windows_removed_25pct,without_windows,25.0
88.0,-0.0644805957847601,0.0644805957847601,v88,distmult,without_windows_removed_25pct,without_windows,25.0
89.0,-0.17385449988645743,0.17385449988645743,v89,distmult,without_windows_removed_25pct,without_windows,25.0
90.0,0.27716105787534917,-0.27716105787534917,v90,distmult,without_windows_removed_25pct,without_windows,25.0
91.0,0.07243382706733378,-0.07243382706733378,v91,distmult,without_windows_removed_25pct,without_windows,25.0
92.0,0.11298260462845917,-0.11298260462845917,v92,distmult,without_windows_removed_25pct,without_windows,25.0
93.0,-0.027065536634451052,0.027065536634451052,v93,distmult,without_windows_removed_25pct,without_windows,25.0
94.0,-0.15299051206784356,0.15299051206784356,v94,distmult,without_windows_removed_25pct,without_windows,25.0
95.0,0.013549488126780298,-0.013549488126780298,v95,distmult,without_windows_removed_25pct,without_windows,25.0
96.0,-0.15051032779767215,0.15051032779767215,v96,distmult,without_windows_removed_25pct,without_windows,25.0
97.0,0.038573414790249436,-0.038573414790249436,v97,distmult,without_windows_removed_25pct,without_windows,25.0
98.0,-0.1698586309069026,0.1698586309069026,v98,distmult,without_windows_removed_25pct,without_windows,25.0
99.0,-0.13032394918265208,0.13032394918265208,v99,distmult,without_windows_removed_25pct,without_windows,25.0
100.0,-0.14268090433575017,0.14268090433575017,v100,distmult,without_windows_removed_25pct,without_windows,25.0
1.0,-0.08721749684741316,-0.08721749684741316,v1,distmult,with_windows_removed_50pct,with_windows,50.0
2.0,-0.08255997796155924,-0.08255997796155924,v2,distmult,with_windows_removed_50pct,with_windows,50.0
3.0,-0.12467883092766743,-0.12467883092766743,v3,distmult,with_windows_removed_50pct,with_windows,50.0
4.0,-0.11730704184732219,-0.11730704184732219,v4,distmult,with_windows_removed_50pct,with_windows,50.0
5.0,-0.11608521063171907,-0.11608521063171907,v5,distmult,with_windows_removed_50pct,with_windows,50.0
6.0,-0.11442742712055826,-0.11442742712055826,v6,distmult,with_windows_removed_50pct,with_windows,50.0
7.0,-0.13404781444335395,-0.13404781444335395,v7,distmult,with_windows_removed_50pct,with_windows,50.0
8.0,-0.08810302011897583,-0.08810302011897583,v8,distmult,with_windows_removed_50pct,with_windows,50.0
9.0,-0.08779023949390209,-0.08779023949390209,v9,distmult,with_windows_removed_50pct,with_windows,50.0
10.0,-0.07589007194972086,-0.07589007194972086,v10,distmult,with_windows_removed_50pct,with_windows,50.0
11.0,-0.09538333920384386,-0.09538333920384386,v11,distmult,with_windows_removed_50pct,with_windows,50.0
12.0,-0.05726078711370807,-0.05726078711370807,v12,distmult,with_windows_removed_50pct,with_windows,50.0
13.0,-0.10865114148445798,-0.10865114148445798,v13,distmult,with_windows_removed_50pct,with_windows,50.0
14.0,-0.14063779068287477,-0.14063779068287477,v14,distmult,with_windows_removed_50pct,with_windows,50.0
15.0,-0.07169270859959591,-0.07169270859959591,v15,distmult,with_windows_removed_50pct,with_windows,50.0
16.0,-0.11852721677309007,-0.11852721677309007,v16,distmult,with_windows_removed_50pct,with_windows,50.0
17.0,-0.09257672776153478,-0.09257672776153478,v17,distmult,with_windows_removed_50pct,with_windows,50.0
18.0,-0.10723399879363538,-0.10723399879363538,v18,distmult,with_windows_removed_50pct,with_windows,50.0
19.0,-0.07759915715130607,-0.07759915715130607,v19,distmult,with_windows_removed_50pct,with_windows,50.0
20.0,-0.11071618977956868,-0.11071618977956868,v20,distmult,with_windows_removed_50pct,with_windows,50.0
21.0,-0.11010323493762122,-0.11010323493762122,v21,distmult,with_windows_removed_50pct,with_windows,50.0
22.0,-0.05622053544231952,-0.05622053544231952,v22,distmult,with_windows_removed_50pct,with_windows,50.0
23.0,-0.12634254210655646,-0.12634254210655646,v23,distmult,with_windows_removed_50pct,with_windows,50.0
24.0,-0.09944911703531378,-0.09944911703531378,v24,distmult,with_windows_removed_50pct,with_windows,50.0
25.0,-0.031910587909510735,-0.031910587909510735,v25,distmult,with_windows_removed_50pct,with_windows,50.0
26.0,-0.15763197737082693,-0.15763197737082693,v26,distmult,with_windows_removed_50pct,with_windows,50.0
27.0,-0.10084034863757418,-0.10084034863757418,v27,distmult,with_windows_removed_50pct,with_windows,50.0
28.0,-0.08762610320464405,-0.08762610320464405,v28,distmult,with_windows_removed_50pct,with_windows,50.0
29.0,-0.11813419326530607,-0.11813419326530607,v29,distmult,with_windows_removed_50pct,with_windows,50.0
30.0,-0.15898625285085277,-0.15898625285085277,v30,distmult,with_windows_removed_50pct,with_windows,50.0
31.0,-0.10476586200399125,-0.10476586200399125,v31,distmult,with_windows_removed_50pct,with_windows,50.0
32.0,-0.1232355164542416,-0.1232355164542416,v32,distmult,with_windows_removed_50pct,with_windows,50.0
33.0,-0.11273102961771002,-0.11273102961771002,v33,distmult,with_windows_removed_50pct,with_windows,50.0
34.0,-0.14177173264061352,-0.14177173264061352,v34,distmult,with_windows_removed_50pct,with_windows,50.0
35.0,-0.09546196877017953,-0.09546196877017953,v35,distmult,with_windows_removed_50pct,with_windows,50.0
36.0,-0.08282665398964321,-0.08282665398964321,v36,distmult,with_windows_removed_50pct,with_windows,50.0
37.0,-0.1489650269231828,-0.1489650269231828,v37,distmult,with_windows_removed_50pct,with_windows,50.0
38.0,-0.1330304336546915,-0.1330304336546915,v38,distmult,with_windows_removed_50pct,with_windows,50.0
39.0,-0.11319688901410889,-0.11319688901410889,v39,distmult,with_windows_removed_50pct,with_windows,50.0
40.0,-0.13117858456651404,-0.13117858456651404,v40,distmult,with_windows_removed_50pct,with_windows,50.0
41.0,-0.07710306623807409,-0.07710306623807409,v41,distmult,with_windows_removed_50pct,with_windows,50.0
42.0,-0.12401438964630944,-0.12401438964630944,v42,distmult,with_windows_removed_50pct,with_windows,50.0
43.0,-0.08584621087083337,-0.08584621087083337,v43,distmult,with_windows_removed_50pct,with_windows,50.0
44.0,-0.12584002170308756,-0.12584002170308756,v44,distmult,with_windows_removed_50pct,with_windows,50.0
45.0,-0.06592008329158336,-0.06592008329158336,v45,distmult,with_windows_removed_50pct,with_windows,50.0
46.0,-0.12459614266363224,-0.12459614266363224,v46,distmult,with_windows_removed_50pct,with_windows,50.0
47.0,-0.10746412935208995,-0.10746412935208995,v47,distmult,with_windows_removed_50pct,with_windows,50.0
48.0,-0.11885833724246013,-0.11885833724246013,v48,distmult,with_windows_removed_50pct,with_windows,50.0
49.0,-0.0775388215088127,-0.0775388215088127,v49,distmult,with_windows_removed_50pct,with_windows,50.0
50.0,-0.1104664907757318,-0.1104664907757318,v50,distmult,with_windows_removed_50pct,with_windows,50.0
51.0,0.0897233708435908,0.0897233708435908,v51,distmult,with_windows_removed_50pct,with_windows,50.0
52.0,0.13800795864080878,0.13800795864080878,v52,distmult,with_windows_removed_50pct,with_windows,50.0
53.0,0.0885560529369448,0.0885560529369448,v53,distmult,with_windows_removed_50pct,with_windows,50.0
54.0,0.07914932707905552,0.07914932707905552,v54,distmult,with_windows_removed_50pct,with_windows,50.0
55.0,0.1308091124254722,0.1308091124254722,v55,distmult,with_windows_removed_50pct,with_windows,50.0
56.0,0.12194968588324888,0.12194968588324888,v56,distmult,with_windows_removed_50pct,with_windows,50.0
57.0,0.08466767725530079,0.08466767725530079,v57,distmult,with_windows_removed_50pct,with_windows,50.0
58.0,0.07356934795042286,0.07356934795042286,v58,distmult,with_windows_removed_50pct,with_windows,50.0
59.0,0.11494591556098493,0.11494591556098493,v59,distmult,with_windows_removed_50pct,with_windows,50.0
60.0,0.08101317746290207,0.08101317746290207,v60,distmult,with_windows_removed_50pct,with_windows,50.0
61.0,0.1009900919694034,0.1009900919694034,v61,distmult,with_windows_removed_50pct,with_windows,50.0
62.0,0.12699574838386296,0.12699574838386296,v62,distmult,with_windows_removed_50pct,with_windows,50.0
63.0,0.08616430547361237,0.08616430547361237,v63,distmult,with_windows_removed_50pct,with_windows,50.0
64.0,0.046429431603827315,0.046429431603827315,v64,distmult,with_windows_removed_50pct,with_windows,50.0
65.0,0.1503557830040028,0.1503557830040028,v65,distmult,with_windows_removed_50pct,with_windows,50.0
66.0,0.1315867017081357,0.1315867017081357,v66,distmult,with_windows_removed_50pct,with_windows,50.0
67.0,0.10870420141844704,0.10870420141844704,v67,distmult,with_windows_removed_50pct,with_windows,50.0
68.0,0.09436567345003093,0.09436567345003093,v68,distmult,with_windows_removed_50pct,with_windows,50.0
69.0,0.026212732973563524,0.026212732973563524,v69,distmult,with_windows_removed_50pct,with_windows,50.0
70.0,0.10358106876108725,0.10358106876108725,v70,distmult,with_windows_removed_50pct,with_windows,50.0
71.0,0.1483941207063661,0.1483941207063661,v71,distmult,with_windows_removed_50pct,with_windows,50.0
72.0,0.09944399478594258,0.09944399478594258,v72,distmult,with_windows_removed_50pct,with_windows,50.0
73.0,0.08408550740643239,0.08408550740643239,v73,distmult,with_windows_removed_50pct,with_windows,50.0
74.0,0.08970758215266597,0.08970758215266597,v74,distmult,with_windows_removed_50pct,with_windows,50.0
75.0,0.07612748394844998,0.07612748394844998,v75,distmult,with_windows_removed_50pct,with_windows,50.0
76.0,0.0988703551286588,0.0988703551286588,v76,distmult,with_windows_removed_50pct,with_windows,50.0
77.0,0.11850601917027702,0.11850601917027702,v77,distmult,with_windows_removed_50pct,with_windows,50.0
78.0,0.059440940498370426,0.059440940498370426,v78,distmult,with_windows_removed_50pct,with_windows,50.0
79.0,0.1650433581655152,0.1650433581655152,v79,distmult,with_windows_removed_50pct,with_windows,50.0
80.0,0.09876073030375714,0.09876073030375714,v80,distmult,with_windows_removed_50pct,with_windows,50.0
81.0,0.07861932325741432,0.07861932325741432,v81,distmult,with_windows_removed_50pct,with_windows,50.0
82.0,0.18610345034387302,0.18610345034387302,v82,distmult,with_windows_removed_50pct,with_windows,50.0
83.0,0.0852651556101207,0.0852651556101207,v83,distmult,with_windows_removed_50pct,with_windows,50.0
84.0,0.110926599349311,0.110926599349311,v84,distmult,with_windows_removed_50pct,with_windows,50.0
85.0,0.1131753871251472,0.1131753871251472,v85,distmult,with_windows_removed_50pct,with_windows,50.0
86.0,0.11294665002746378,0.11294665002746378,v86,distmult,with_windows_removed_50pct,with_windows,50.0
87.0,-0.006881573657106035,-0.006881573657106035,v87,distmult,with_windows_removed_50pct,with_windows,50.0
88.0,0.08006266995615205,0.08006266995615205,v88,distmult,with_windows_removed_50pct,with_windows,50.0
89.0,0.1120918795353078,0.1120918795353078,v89,distmult,with_windows_removed_50pct,with_windows,50.0
90.0,0.18894066847682864,0.18894066847682864,v90,distmult,with_windows_removed_50pct,with_windows,50.0
91.0,0.16911079750148422,0.16911079750148422,v91,distmult,with_windows_removed_50pct,with_windows,50.0
92.0,0.08478120502388943,0.08478120502388943,v92,distmult,with_windows_removed_50pct,with_windows,50.0
93.0,0.11370458703223257,0.11370458703223257,v93,distmult,with_windows_removed_50pct,with_windows,50.0
94.0,0.15736153533851044,0.15736153533851044,v94,distmult,with_windows_removed_50pct,with_windows,50.0
95.0,0.11687515981423385,0.11687515981423385,v95,distmult,with_windows_removed_50pct,with_windows,50.0
96.0,0.09575262303758025,0.09575262303758025,v96,distmult,with_windows_removed_50pct,with_windows,50.0
97.0,0.09472870635886005,0.09472870635886005,v97,distmult,with_windows_removed_50pct,with_windows,50.0
98.0,0.12825608967341756,0.12825608967341756,v98,distmult,with_windows_removed_50pct,with_windows,50.0
99.0,0.14723136946599644,0.14723136946599644,v99,distmult,with_windows_removed_50pct,with_windows,50.0
100.0,0.07523273205196708,0.07523273205196708,v100,distmult,with_windows_removed_50pct,with_windows,50.0
1.0,-0.08129160132123667,0.08129160132123667,v1,distmult,without_windows_removed_50pct,without_windows,50.0
2.0,0.1082600829945785,-0.1082600829945785,v2,distmult,without_windows_removed_50pct,without_windows,50.0
3.0,0.07264358159385814,-0.07264358159385814,v3,distmult,without_windows_removed_50pct,without_windows,50.0
4.0,0.0467470756609486,-0.0467470756609486,v4,distmult,without_windows_removed_50pct,without_windows,50.0
5.0,-0.07892133496131606,0.07892133496131606,v5,distmult,without_windows_removed_50pct,without_windows,50.0
6.0,-0.10311667089685943,0.10311667089685943,v6,distmult,without_windows_removed_50pct,without_windows,50.0
7.0,-0.026330032180642803,0.026330032180642803,v7,distmult,without_windows_removed_50pct,without_windows,50.0
8.0,0.028787516968921314,-0.028787516968921314,v8,distmult,without_windows_removed_50pct,without_windows,50.0
9.0,0.19327316336464367,-0.19327316336464367,v9,distmult,without_windows_removed_50pct,without_windows,50.0
10.0,-0.10103106135548545,0.10103106135548545,v10,distmult,without_windows_removed_50pct,without_windows,50.0
11.0,-0.01617894025576207,0.01617894025576207,v11,distmult,without_windows_removed_50pct,without_windows,50.0
12.0,-0.2202975255673042,0.2202975255673042,v12,distmult,without_windows_removed_50pct,without_windows,50.0
13.0,0.025316945569513905,-0.025316945569513905,v13,distmult,without_windows_removed_50pct,without_windows,50.0
14.0,0.01178701977480188,-0.01178701977480188,v14,distmult,without_windows_removed_50pct,without_windows,50.0
15.0,0.12117026345466572,-0.12117026345466572,v15,distmult,without_windows_removed_50pct,without_windows,50.0
16.0,0.01273356788679469,-0.01273356788679469,v16,distmult,without_windows_removed_50pct,without_windows,50.0
17.0,0.003355571352777744,-0.003355571352777744,v17,distmult,without_windows_removed_50pct,without_windows,50.0
18.0,-0.044919127239148544,0.044919127239148544,v18,distmult,without_windows_removed_50pct,without_windows,50.0
19.0,-0.15167440871734233,0.15167440871734233,v19,distmult,without_windows_removed_50pct,without_windows,50.0
20.0,0.07881045333003639,-0.07881045333003639,v20,distmult,without_windows_removed_50pct,without_windows,50.0
21.0,-0.04697830117175888,0.04697830117175888,v21,distmult,without_windows_removed_50pct,without_windows,50.0
22.0,-0.04782049780180299,0.04782049780180299,v22,distmult,without_windows_removed_50pct,without_windows,50.0
23.0,0.155658556370678,-0.155658556370678,v23,distmult,without_windows_removed_50pct,without_windows,50.0
24.0,-0.0025374110300458086,0.0025374110300458086,v24,distmult,without_windows_removed_50pct,without_windows,50.0
25.0,0.04245665477519005,-0.04245665477519005,v25,distmult,without_windows_removed_50pct,without_windows,50.0
26.0,0.04247383272800449,-0.04247383272800449,v26,distmult,without_windows_removed_50pct,without_windows,50.0
27.0,0.021815672864762607,-0.021815672864762607,v27,distmult,without_windows_removed_50pct,without_windows,50.0
28.0,-0.05737338146957666,0.05737338146957666,v28,distmult,without_windows_removed_50pct,without_windows,50.0
29.0,-0.041072446841634504,0.041072446841634504,v29,distmult,without_windows_removed_50pct,without_windows,50.0
30.0,0.04556206340519358,-0.04556206340519358,v30,distmult,without_windows_removed_50pct,without_windows,50.0
31.0,0.18091226342298034,-0.18091226342298034,v31,distmult,without_windows_removed_50pct,without_windows,50.0
32.0,0.026219805386886823,-0.026219805386886823,v32,distmult,without_windows_removed_50pct,without_windows,50.0
33.0,-0.08137950581096214,0.08137950581096214,v33,distmult,without_windows_removed_50pct,without_windows,50.0
34.0,0.014102469292297514,-0.014102469292297514,v34,distmult,without_windows_removed_50pct,without_windows,50.0
35.0,-0.14578107519808245,0.14578107519808245,v35,distmult,without_windows_removed_50pct,without_windows,50.0
36.0,0.11387604474315846,-0.11387604474315846,v36,distmult,without_windows_removed_50pct,without_windows,50.0
37.0,0.22926988989651442,-0.22926988989651442,v37,distmult,without_windows_removed_50pct,without_windows,50.0
38.0,0.05727010350979659,-0.05727010350979659,v38,distmult,without_windows_removed_50pct,without_windows,50.0
39.0,0.07124506436618151,-0.07124506436618151,v39,distmult,without_windows_removed_50pct,without_windows,50.0
40.0,-0.04156924403502287,0.04156924403502287,v40,distmult,without_windows_removed_50pct,without_windows,50.0
41.0,0.011504772739671525,-0.011504772739671525,v41,distmult,without_windows_removed_50pct,without_windows,50.0
42.0,-0.21056129350219854,0.21056129350219854,v42,distmult,without_windows_removed_50pct,without_windows,50.0
43.0,0.05620301373999558,-0.05620301373999558,v43,distmult,without_windows_removed_50pct,without_windows,50.0
44.0,-0.040417011266902045,0.040417011266902045,v44,distmult,without_windows_removed_50pct,without_windows,50.0
45.0,-0.054087603295568595,0.054087603295568595,v45,distmult,without_windows_removed_50pct,without_windows,50.0
46.0,0.12189289540819766,-0.12189289540819766,v46,distmult,without_windows_removed_50pct,without_windows,50.0
47.0,0.02218652363404638,-0.02218652363404638,v47,distmult,without_windows_removed_50pct,without_windows,50.0
48.0,0.0005735570939117837,-0.0005735570939117837,v48,distmult,without_windows_removed_50pct,without_windows,50.0
49.0,-0.0005433839918369518,0.0005433839918369518,v49,distmult,without_windows_removed_50pct,without_windows,50.0
50.0,0.13615211795660814,-0.13615211795660814,v50,distmult,without_windows_removed_50pct,without_windows,50.0
51.0,0.05309037258510493,-0.05309037258510493,v51,distmult,without_windows_removed_50pct,without_windows,50.0
52.0,-0.22367024257944182,0.22367024257944182,v52,distmult,without_windows_removed_50pct,without_windows,50.0
53.0,-0.06168216504786534,0.06168216504786534,v53,distmult,without_windows_removed_50pct,without_windows,50.0
54.0,0.02462644122497639,-0.02462644122497639,v54,distmult,without_windows_removed_50pct,without_windows,50.0
55.0,-0.06629448318901277,0.06629448318901277,v55,distmult,without_windows_removed_50pct,without_windows,50.0
56.0,0.08062350565462088,-0.08062350565462088,v56,distmult,without_windows_removed_50pct,without_windows,50.0
57.0,0.06758712825740508,-0.06758712825740508,v57,distmult,without_windows_removed_50pct,without_windows,50.0
58.0,0.023389655282726306,-0.023389655282726306,v58,distmult,without_windows_removed_50pct,without_windows,50.0
59.0,0.07468095945448654,-0.07468095945448654,v59,distmult,without_windows_removed_50pct,without_windows,50.0
60.0,0.14241508137221498,-0.14241508137221498,v60,distmult,without_windows_removed_50pct,without_windows,50.0
61.0,-0.10154337652235043,0.10154337652235043,v61,distmult,without_windows_removed_50pct,without_windows,50.0
62.0,-0.04071645354062015,0.04071645354062015,v62,distmult,without_windows_removed_50pct,without_windows,50.0
63.0,-0.06004948265718298,0.06004948265718298,v63,distmult,without_windows_removed_50pct,without_windows,50.0
64.0,-0.0806788377776806,0.0806788377776806,v64,distmult,without_windows_removed_50pct,without_windows,50.0
65.0,-0.11122511115248995,0.11122511115248995,v65,distmult,without_windows_removed_50pct,without_windows,50.0
66.0,-0.06301097563501314,0.06301097563501314,v66,distmult,without_windows_removed_50pct,without_windows,50.0
67.0,-0.08179077922578849,0.08179077922578849,v67,distmult,without_windows_removed_50pct,without_windows,50.0
68.0,0.08627282076652623,-0.08627282076652623,v68,distmult,without_windows_removed_50pct,without_windows,50.0
69.0,-0.07977409079524299,0.07977409079524299,v69,distmult,without_windows_removed_50pct,without_windows,50.0
70.0,0.043646567170438626,-0.043646567170438626,v70,distmult,without_windows_removed_50pct,without_windows,50.0
71.0,0.14550138361324627,-0.14550138361324627,v71,distmult,without_windows_removed_50pct,without_windows,50.0
72.0,-0.08568916973059013,0.08568916973059013,v72,distmult,without_windows_removed_50pct,without_windows,50.0
73.0,-0.035453199035148736,0.035453199035148736,v73,distmult,without_windows_removed_50pct,without_windows,50.0
74.0,-0.02704934738516949,0.02704934738516949,v74,distmult,without_windows_removed_50pct,without_windows,50.0
75.0,-0.02912189281828192,0.02912189281828192,v75,distmult,without_windows_removed_50pct,without_windows,50.0
76.0,-0.05166446118663141,0.05166446118663141,v76,distmult,without_windows_removed_50pct,without_windows,50.0
77.0,0.03545980057225608,-0.03545980057225608,v77,distmult,without_windows_removed_50pct,without_windows,50.0
78.0,0.019280792936187556,-0.019280792936187556,v78,distmult,without_windows_removed_50pct,without_windows,50.0
79.0,-0.004265326542712018,0.004265326542712018,v79,distmult,without_windows_removed_50pct,without_windows,50.0
80.0,-0.01725826048000936,0.01725826048000936,v80,distmult,without_windows_removed_50pct,without_windows,50.0
81.0,0.08419782404479519,-0.08419782404479519,v81,distmult,without_windows_removed_50pct,without_windows,50.0
82.0,0.012821761398496867,-0.012821761398496867,v82,distmult,without_windows_removed_50pct,without_windows,50.0
83.0,-0.057883807954586856,0.057883807954586856,v83,distmult,without_windows_removed_50pct,without_windows,50.0
84.0,0.14075971179588598,-0.14075971179588598,v84,distmult,without_windows_removed_50pct,without_windows,50.0
85.0,0.04524494458702774,-0.04524494458702774,v85,distmult,without_windows_removed_50pct,without_windows,50.0
86.0,-0.023686179003483878,0.023686179003483878,v86,distmult,without_windows_removed_50pct,without_windows,50.0
87.0,-0.017877800469006815,0.017877800469006815,v87,distmult,without_windows_removed_50pct,without_windows,50.0
88.0,-0.06693961268453612,0.06693961268453612,v88,distmult,without_windows_removed_50pct,without_windows,50.0
89.0,0.003325765601138538,-0.003325765601138538,v89,distmult,without_windows_removed_50pct,without_windows,50.0
90.0,0.16757503470261306,-0.16757503470261306,v90,distmult,without_windows_removed_50pct,without_windows,50.0
91.0,0.06404734506551714,-0.06404734506551714,v91,distmult,without_windows_removed_50pct,without_windows,50.0
92.0,0.10721224092842374,-0.10721224092842374,v92,distmult,without_windows_removed_50pct,without_windows,50.0
93.0,-0.040780780279226166,0.040780780279226166,v93,distmult,without_windows_removed_50pct,without_windows,50.0
94.0,-0.14505897514561217,0.14505897514561217,v94,distmult,without_windows_removed_50pct,without_windows,50.0
95.0,0.0035375974793070263,-0.0035375974793070263,v95,distmult,without_windows_removed_50pct,without_windows,50.0
96.0,0.010813615542054861,-0.010813615542054861,v96,distmult,without_windows_removed_50pct,without_windows,50.0
97.0,-0.1369241170628834,0.1369241170628834,v97,distmult,without_windows_removed_50pct,without_windows,50.0
98.0,-0.04134745499868926,0.04134745499868926,v98,distmult,without_windows_removed_50pct,without_windows,50.0
99.0,-0.1339344544200482,0.1339344544200482,v99,distmult,without_windows_removed_50pct,without_windows,50.0
100.0,-0.009118198091272308,0.009118198091272308,v100,distmult,without_windows_removed_50pct,without_windows,50.0
1.0,-0.1436752764650388,-0.1436752764650388,v1,distmult,with_windows_removed_75pct,with_windows,75.0
2.0,-0.11120684668674534,-0.11120684668674534,v2,distmult,with_windows_removed_75pct,with_windows,75.0
3.0,-0.08540961001968597,-0.08540961001968597,v3,distmult,with_windows_removed_75pct,with_windows,75.0
4.0,-0.09931886173718601,-0.09931886173718601,v4,distmult,with_windows_removed_75pct,with_windows,75.0
5.0,-0.12392318358581722,-0.12392318358581722,v5,distmult,with_windows_removed_75pct,with_windows,75.0
6.0,-0.08286034572252202,-0.08286034572252202,v6,distmult,with_windows_removed_75pct,with_windows,75.0
7.0,-0.18184895663823497,-0.18184895663823497,v7,distmult,with_windows_removed_75pct,with_windows,75.0
8.0,-0.06728781576263974,-0.06728781576263974,v8,distmult,with_windows_removed_75pct,with_windows,75.0
9.0,-0.11873798717140692,-0.11873798717140692,v9,distmult,with_windows_removed_75pct,with_windows,75.0
10.0,-0.08640650588847784,-0.08640650588847784,v10,distmult,with_windows_removed_75pct,with_windows,75.0
11.0,-0.10187441159632596,-0.10187441159632596,v11,distmult,with_windows_removed_75pct,with_windows,75.0
12.0,-0.09025163035492251,-0.09025163035492251,v12,distmult,with_windows_removed_75pct,with_windows,75.0
13.0,-0.1144788048929674,-0.1144788048929674,v13,distmult,with_windows_removed_75pct,with_windows,75.0
14.0,-0.10945993640663051,-0.10945993640663051,v14,distmult,with_windows_removed_75pct,with_windows,75.0
15.0,-0.08937774630247645,-0.08937774630247645,v15,distmult,with_windows_removed_75pct,with_windows,75.0
16.0,-0.09419058720034065,-0.09419058720034065,v16,distmult,with_windows_removed_75pct,with_windows,75.0
17.0,-0.09804278606774658,-0.09804278606774658,v17,distmult,with_windows_removed_75pct,with_windows,75.0
18.0,-0.11667196540762277,-0.11667196540762277,v18,distmult,with_windows_removed_75pct,with_windows,75.0
19.0,-0.058664749476298635,-0.058664749476298635,v19,distmult,with_windows_removed_75pct,with_windows,75.0
20.0,-0.112226250065839,-0.112226250065839,v20,distmult,with_windows_removed_75pct,with_windows,75.0
21.0,-0.13975435420539284,-0.13975435420539284,v21,distmult,with_windows_removed_75pct,with_windows,75.0
22.0,-0.11486474720856157,-0.11486474720856157,v22,distmult,with_windows_removed_75pct,with_windows,75.0
23.0,-0.10901138696603557,-0.10901138696603557,v23,distmult,with_windows_removed_75pct,with_windows,75.0
24.0,-0.08331405641428083,-0.08331405641428083,v24,distmult,with_windows_removed_75pct,with_windows,75.0
25.0,-0.03930690234346136,-0.03930690234346136,v25,distmult,with_windows_removed_75pct,with_windows,75.0
26.0,-0.12142795285731658,-0.12142795285731658,v26,distmult,with_windows_removed_75pct,with_windows,75.0
27.0,-0.08569741021318532,-0.08569741021318532,v27,distmult,with_windows_removed_75pct,with_windows,75.0
28.0,-0.1233910677498168,-0.1233910677498168,v28,distmult,with_windows_removed_75pct,with_windows,75.0
29.0,-0.08894134337892377,-0.08894134337892377,v29,distmult,with_windows_removed_75pct,with_windows,75.0
30.0,-0.06361396081092456,-0.06361396081092456,v30,distmult,with_windows_removed_75pct,with_windows,75.0
31.0,-0.12412345729271611,-0.12412345729271611,v31,distmult,with_windows_removed_75pct,with_windows,75.0
32.0,-0.08084826080773856,-0.08084826080773856,v32,distmult,with_windows_removed_75pct,with_windows,75.0
33.0,-0.12849856130410148,-0.12849856130410148,v33,distmult,with_windows_removed_75pct,with_windows,75.0
34.0,-0.11361227449143248,-0.11361227449143248,v34,distmult,with_windows_removed_75pct,with_windows,75.0
35.0,-0.1285480637346394,-0.1285480637346394,v35,distmult,with_windows_removed_75pct,with_windows,75.0
36.0,-0.04148293904426488,-0.04148293904426488,v36,distmult,with_windows_removed_75pct,with_windows,75.0
37.0,-0.062233568134304404,-0.062233568134304404,v37,distmult,with_windows_removed_75pct,with_windows,75.0
38.0,-0.12139532983095563,-0.12139532983095563,v38,distmult,with_windows_removed_75pct,with_windows,75.0
39.0,-0.11736781003041383,-0.11736781003041383,v39,distmult,with_windows_removed_75pct,with_windows,75.0
40.0,-0.09101536681078025,-0.09101536681078025,v40,distmult,with_windows_removed_75pct,with_windows,75.0
41.0,-0.1358838923044954,-0.1358838923044954,v41,distmult,with_windows_removed_75pct,with_windows,75.0
42.0,-0.14265537985224816,-0.14265537985224816,v42,distmult,with_windows_removed_75pct,with_windows,75.0
43.0,-0.08175422584019133,-0.08175422584019133,v43,distmult,with_windows_removed_75pct,with_windows,75.0
44.0,-0.1096732911383325,-0.1096732911383325,v44,distmult,with_windows_removed_75pct,with_windows,75.0
45.0,-0.0883938323360252,-0.0883938323360252,v45,distmult,with_windows_removed_75pct,with_windows,75.0
46.0,-0.10221480879483474,-0.10221480879483474,v46,distmult,with_windows_removed_75pct,with_windows,75.0
47.0,-0.10052354201703162,-0.10052354201703162,v47,distmult,with_windows_removed_75pct,with_windows,75.0
48.0,-0.11350988514342383,-0.11350988514342383,v48,distmult,with_windows_removed_75pct,with_windows,75.0
49.0,-0.1017672736127972,-0.1017672736127972,v49,distmult,with_windows_removed_75pct,with_windows,75.0
50.0,-0.101941409207656,-0.101941409207656,v50,distmult,with_windows_removed_75pct,with_windows,75.0
51.0,0.08099265249776548,0.08099265249776548,v51,distmult,with_windows_removed_75pct,with_windows,75.0
52.0,0.10505627418064681,0.10505627418064681,v52,distmult,with_windows_removed_75pct,with_windows,75.0
53.0,0.13201226113944134,0.13201226113944134,v53,distmult,with_windows_removed_75pct,with_windows,75.0
54.0,0.1306596319645589,0.1306596319645589,v54,distmult,with_windows_removed_75pct,with_windows,75.0
55.0,0.07892481459174185,0.07892481459174185,v55,distmult,with_windows_removed_75pct,with_windows,75.0
56.0,0.09879115154641684,0.09879115154641684,v56,distmult,with_windows_removed_75pct,with_windows,75.0
57.0,0.07320840962499739,0.07320840962499739,v57,distmult,with_windows_removed_75pct,with_windows,75.0
58.0,0.09695436656175031,0.09695436656175031,v58,distmult,with_windows_removed_75pct,with_windows,75.0
59.0,0.0541785874879966,0.0541785874879966,v59,distmult,with_windows_removed_75pct,with_windows,75.0
60.0,0.09371145736110743,0.09371145736110743,v60,distmult,with_windows_removed_75pct,with_windows,75.0
61.0,0.08135430748081078,0.08135430748081078,v61,distmult,with_windows_removed_75pct,with_windows,75.0
62.0,0.11162165917529564,0.11162165917529564,v62,distmult,with_windows_removed_75pct,with_windows,75.0
63.0,0.10686737965897194,0.10686737965897194,v63,distmult,with_windows_removed_75pct,with_windows,75.0
64.0,0.07373248275362186,0.07373248275362186,v64,distmult,with_windows_removed_75pct,with_windows,75.0
65.0,0.08815052399536383,0.08815052399536383,v65,distmult,with_windows_removed_75pct,with_windows,75.0
66.0,0.1260346280561098,0.1260346280561098,v66,distmult,with_windows_removed_75pct,with_windows,75.0
67.0,0.09964890778898322,0.09964890778898322,v67,distmult,with_windows_removed_75pct,with_windows,75.0
68.0,0.11063275284919183,0.11063275284919183,v68,distmult,with_windows_removed_75pct,with_windows,75.0
69.0,0.127801643457064,0.127801643457064,v69,distmult,with_windows_removed_75pct,with_windows,75.0
70.0,0.07580539267670552,0.07580539267670552,v70,distmult,with_windows_removed_75pct,with_windows,75.0
71.0,0.0871500889071936,0.0871500889071936,v71,distmult,with_windows_removed_75pct,with_windows,75.0
72.0,0.09020731154411106,0.09020731154411106,v72,distmult,with_windows_removed_75pct,with_windows,75.0
73.0,0.15015353791653235,0.15015353791653235,v73,distmult,with_windows_removed_75pct,with_windows,75.0
74.0,0.0720933918206863,0.0720933918206863,v74,distmult,with_windows_removed_75pct,with_windows,75.0
75.0,0.07610576924663515,0.07610576924663515,v75,distmult,with_windows_removed_75pct,with_windows,75.0
76.0,0.08773430315686576,0.08773430315686576,v76,distmult,with_windows_removed_75pct,with_windows,75.0
77.0,0.1395227517114199,0.1395227517114199,v77,distmult,with_windows_removed_75pct,with_windows,75.0
78.0,0.11349785919313486,0.11349785919313486,v78,distmult,with_windows_removed_75pct,with_windows,75.0
79.0,0.11493473672920328,0.11493473672920328,v79,distmult,with_windows_removed_75pct,with_windows,75.0
80.0,0.10956201477448627,0.10956201477448627,v80,distmult,with_windows_removed_75pct,with_windows,75.0
81.0,0.09575736988578935,0.09575736988578935,v81,distmult,with_windows_removed_75pct,with_windows,75.0
82.0,0.15614665810826892,0.15614665810826892,v82,distmult,with_windows_removed_75pct,with_windows,75.0
83.0,0.14611234092794256,0.14611234092794256,v83,distmult,with_windows_removed_75pct,with_windows,75.0
84.0,0.09845332996968507,0.09845332996968507,v84,distmult,with_windows_removed_75pct,with_windows,75.0
85.0,0.08324110176257743,0.08324110176257743,v85,distmult,with_windows_removed_75pct,with_windows,75.0
86.0,0.014088310181564426,0.014088310181564426,v86,distmult,with_windows_removed_75pct,with_windows,75.0
87.0,0.08770767201893813,0.08770767201893813,v87,distmult,with_windows_removed_75pct,with_windows,75.0
88.0,0.10857304043077134,0.10857304043077134,v88,distmult,with_windows_removed_75pct,with_windows,75.0
89.0,0.05878137099471008,0.05878137099471008,v89,distmult,with_windows_removed_75pct,with_windows,75.0
90.0,0.14798935828853801,0.14798935828853801,v90,distmult,with_windows_removed_75pct,with_windows,75.0
91.0,0.12270221304728181,0.12270221304728181,v91,distmult,with_windows_removed_75pct,with_windows,75.0
92.0,0.15410866504925105,0.15410866504925105,v92,distmult,with_windows_removed_75pct,with_windows,75.0
93.0,0.13363546553128733,0.13363546553128733,v93,distmult,with_windows_removed_75pct,with_windows,75.0
94.0,0.1370061235806618,0.1370061235806618,v94,distmult,with_windows_removed_75pct,with_windows,75.0
95.0,0.1496389111778525,0.1496389111778525,v95,distmult,with_windows_removed_75pct,with_windows,75.0
96.0,0.09830569970713735,0.09830569970713735,v96,distmult,with_windows_removed_75pct,with_windows,75.0
97.0,0.1080375639391645,0.1080375639391645,v97,distmult,with_windows_removed_75pct,with_windows,75.0
98.0,0.004571427527166869,0.004571427527166869,v98,distmult,with_windows_removed_75pct,with_windows,75.0
99.0,0.1428029520831056,0.1428029520831056,v99,distmult,with_windows_removed_75pct,with_windows,75.0
100.0,0.10791998726470242,0.10791998726470242,v100,distmult,with_windows_removed_75pct,with_windows,75.0
1.0,-0.017256133818761746,0.017256133818761746,v1,distmult,without_windows_removed_75pct,without_windows,75.0
2.0,0.17102110071117027,-0.17102110071117027,v2,distmult,without_windows_removed_75pct,without_windows,75.0
3.0,0.00253735614410377,-0.00253735614410377,v3,distmult,without_windows_removed_75pct,without_windows,75.0
4.0,0.1925875554689335,-0.1925875554689335,v4,distmult,without_windows_removed_75pct,without_windows,75.0
5.0,-0.03028557916348881,0.03028557916348881,v5,distmult,without_windows_removed_75pct,without_windows,75.0
6.0,-0.04682186193668427,0.04682186193668427,v6,distmult,without_windows_removed_75pct,without_windows,75.0
7.0,0.0015670529764408633,-0.0015670529764408633,v7,distmult,without_windows_removed_75pct,without_windows,75.0
8.0,-0.02389704771438864,0.02389704771438864,v8,distmult,without_windows_removed_75pct,without_windows,75.0
9.0,0.021747278262229993,-0.021747278262229993,v9,distmult,without_windows_removed_75pct,without_windows,75.0
10.0,0.011623135866741727,-0.011623135866741727,v10,distmult,without_windows_removed_75pct,without_windows,75.0
11.0,-0.035103785662860224,0.035103785662860224,v11,distmult,without_windows_removed_75pct,without_windows,75.0
12.0,0.1976602083137335,-0.1976602083137335,v12,distmult,without_windows_removed_75pct,without_windows,75.0
13.0,0.013343312006193047,-0.013343312006193047,v13,distmult,without_windows_removed_75pct,without_windows,75.0
14.0,-0.04887778767340456,0.04887778767340456,v14,distmult,without_windows_removed_75pct,without_windows,75.0
15.0,0.004136411855152043,-0.004136411855152043,v15,distmult,without_windows_removed_75pct,without_windows,75.0
16.0,0.009103247108084946,-0.009103247108084946,v16,distmult,without_windows_removed_75pct,without_windows,75.0
17.0,0.003398462970364838,-0.003398462970364838,v17,distmult,without_windows_removed_75pct,without_windows,75.0
18.0,-0.03371491496493892,0.03371491496493892,v18,distmult,without_windows_removed_75pct,without_windows,75.0
19.0,0.04572343193067122,-0.04572343193067122,v19,distmult,without_windows_removed_75pct,without_windows,75.0
20.0,-0.023060396820499995,0.023060396820499995,v20,distmult,without_windows_removed_75pct,without_windows,75.0
21.0,-0.04592538148697307,0.04592538148697307,v21,distmult,without_windows_removed_75pct,without_windows,75.0
22.0,-0.024454169827767595,0.024454169827767595,v22,distmult,without_windows_removed_75pct,without_windows,75.0
23.0,-0.05223062607496469,0.05223062607496469,v23,distmult,without_windows_removed_75pct,without_windows,75.0
24.0,-0.10600352596423461,0.10600352596423461,v24,distmult,without_windows_removed_75pct,without_windows,75.0
25.0,0.019639171236357267,-0.019639171236357267,v25,distmult,without_windows_removed_75pct,without_windows,75.0
26.0,-0.026377236658840432,0.026377236658840432,v26,distmult,without_windows_removed_75pct,without_windows,75.0
27.0,0.012800940524200544,-0.012800940524200544,v27,distmult,without_windows_removed_75pct,without_windows,75.0
28.0,0.17774926530584392,-0.17774926530584392,v28,distmult,without_windows_removed_75pct,without_windows,75.0
29.0,0.0640106214018824,-0.0640106214018824,v29,distmult,without_windows_removed_75pct,without_windows,75.0
30.0,0.004554535256008892,-0.004554535256008892,v30,distmult,without_windows_removed_75pct,without_windows,75.0
31.0,0.07498834404814832,-0.07498834404814832,v31,distmult,without_windows_removed_75pct,without_windows,75.0
32.0,0.08830500028581124,-0.08830500028581124,v32,distmult,without_windows_removed_75pct,without_windows,75.0
33.0,0.051621869193687595,-0.051621869193687595,v33,distmult,without_windows_removed_75pct,without_windows,75.0
34.0,-0.044332721533382816,0.044332721533382816,v34,distmult,without_windows_removed_75pct,without_windows,75.0
35.0,-0.053116243877831704,0.053116243877831704,v35,distmult,without_windows_removed_75pct,without_windows,75.0
36.0,-0.03593197532647461,0.03593197532647461,v36,distmult,without_windows_removed_75pct,without_windows,75.0
37.0,0.02252634821801441,-0.02252634821801441,v37,distmult,without_windows_removed_75pct,without_windows,75.0
38.0,0.019494887954547152,-0.019494887954547152,v38,distmult,without_windows_removed_75pct,without_windows,75.0
39.0,0.054095121094796146,-0.054095121094796146,v39,distmult,without_windows_removed_75pct,without_windows,75.0
40.0,0.01225053472753641,-0.01225053472753641,v40,distmult,without_windows_removed_75pct,without_windows,75.0
41.0,0.00838666851311081,-0.00838666851311081,v41,distmult,without_windows_removed_75pct,without_windows,75.0
42.0,0.058409388830580625,-0.058409388830580625,v42,distmult,without_windows_removed_75pct,without_windows,75.0
43.0,-0.041723873072231965,0.041723873072231965,v43,distmult,without_windows_removed_75pct,without_windows,75.0
44.0,-0.05852967655569085,0.05852967655569085,v44,distmult,without_windows_removed_75pct,without_windows,75.0
45.0,-0.029667679407542603,0.029667679407542603,v45,distmult,without_windows_removed_75pct,without_windows,75.0
46.0,-0.03647749425351207,0.03647749425351207,v46,distmult,without_windows_removed_75pct,without_windows,75.0
47.0,-0.04006526239625818,0.04006526239625818,v47,distmult,without_windows_removed_75pct,without_windows,75.0
48.0,-0.044167701136264,0.044167701136264,v48,distmult,without_windows_removed_75pct,without_windows,75.0
49.0,0.008412802038596375,-0.008412802038596375,v49,distmult,without_windows_removed_75pct,without_windows,75.0
50.0,0.013601037735113375,-0.013601037735113375,v50,distmult,without_windows_removed_75pct,without_windows,75.0
51.0,-0.014250793021033334,0.014250793021033334,v51,distmult,without_windows_removed_75pct,without_windows,75.0
52.0,-0.004028208068750572,0.004028208068750572,v52,distmult,without_windows_removed_75pct,without_windows,75.0
53.0,9.711745396168543e-05,-9.711745396168543e-05,v53,distmult,without_windows_removed_75pct,without_windows,75.0
54.0,0.09923380862114234,-0.09923380862114234,v54,distmult,without_windows_removed_75pct,without_windows,75.0
55.0,-0.018856953689618306,0.018856953689618306,v55,distmult,without_windows_removed_75pct,without_windows,75.0
56.0,-0.022632460804701042,0.022632460804701042,v56,distmult,without_windows_removed_75pct,without_windows,75.0
57.0,0.10858753195212581,-0.10858753195212581,v57,distmult,without_windows_removed_75pct,without_windows,75.0
58.0,-0.03567328424857067,0.03567328424857067,v58,distmult,without_windows_removed_75pct,without_windows,75.0
59.0,0.021397983775663196,-0.021397983775663196,v59,distmult,without_windows_removed_75pct,without_windows,75.0
60.0,-0.027438141348157943,0.027438141348157943,v60,distmult,without_windows_removed_75pct,without_windows,75.0
61.0,0.00412832288440836,-0.00412832288440836,v61,distmult,without_windows_removed_75pct,without_windows,75.0
62.0,-0.05750802387335832,0.05750802387335832,v62,distmult,without_windows_removed_75pct,without_windows,75.0
63.0,-0.0342431535569378,0.0342431535569378,v63,distmult,without_windows_removed_75pct,without_windows,75.0
64.0,-0.000758696923648192,0.000758696923648192,v64,distmult,without_windows_removed_75pct,without_windows,75.0
65.0,-0.030475926769995828,0.030475926769995828,v65,distmult,without_windows_removed_75pct,without_windows,75.0
66.0,-0.01708659782398498,0.01708659782398498,v66,distmult,without_windows_removed_75pct,without_windows,75.0
67.0,-0.08201853487148274,0.08201853487148274,v67,distmult,without_windows_removed_75pct,without_windows,75.0
68.0,0.02986212411954203,-0.02986212411954203,v68,distmult,without_windows_removed_75pct,without_windows,75.0
69.0,0.04389671180622716,-0.04389671180622716,v69,distmult,without_windows_removed_75pct,without_windows,75.0
70.0,-0.09860943646716183,0.09860943646716183,v70,distmult,without_windows_removed_75pct,without_windows,75.0
71.0,-0.03007883883160678,0.03007883883160678,v71,distmult,without_windows_removed_75pct,without_windows,75.0
72.0,-0.04433086863466015,0.04433086863466015,v72,distmult,without_windows_removed_75pct,without_windows,75.0
73.0,0.009929136092054803,-0.009929136092054803,v73,distmult,without_windows_removed_75pct,without_windows,75.0
74.0,-0.04931092144168969,0.04931092144168969,v74,distmult,without_windows_removed_75pct,without_windows,75.0
75.0,0.046359925047073015,-0.046359925047073015,v75,distmult,without_windows_removed_75pct,without_windows,75.0
76.0,0.12045296601570087,-0.12045296601570087,v76,distmult,without_windows_removed_75pct,without_windows,75.0
77.0,-0.084911399658824,0.084911399658824,v77,distmult,without_windows_removed_75pct,without_windows,75.0
78.0,-0.010788799766322545,0.010788799766322545,v78,distmult,without_windows_removed_75pct,without_windows,75.0
79.0,0.015420511993749775,-0.015420511993749775,v79,distmult,without_windows_removed_75pct,without_windows,75.0
80.0,-0.028951805648700462,0.028951805648700462,v80,distmult,without_windows_removed_75pct,without_windows,75.0
81.0,0.03782661166346842,-0.03782661166346842,v81,distmult,without_windows_removed_75pct,without_windows,75.0
82.0,-0.052254169579313246,0.052254169579313246,v82,distmult,without_windows_removed_75pct,without_windows,75.0
83.0,-0.09085398093711355,0.09085398093711355,v83,distmult,without_windows_removed_75pct,without_windows,75.0
84.0,-0.002013673568044182,0.002013673568044182,v84,distmult,without_windows_removed_75pct,without_windows,75.0
85.0,-0.04085979417746984,0.04085979417746984,v85,distmult,without_windows_removed_75pct,without_windows,75.0
86.0,-0.004165370119162985,0.004165370119162985,v86,distmult,without_windows_removed_75pct,without_windows,75.0
87.0,0.006011220581437988,-0.006011220581437988,v87,distmult,without_windows_removed_75pct,without_windows,75.0
88.0,-0.018906675845444497,0.018906675845444497,v88,distmult,without_windows_removed_75pct,without_windows,75.0
89.0,-0.0007436290710693907,0.0007436290710693907,v89,distmult,without_windows_removed_75pct,without_windows,75.0
90.0,-0.1029581377584779,0.1029581377584779,v90,distmult,without_windows_removed_75pct,without_windows,75.0
91.0,-0.1212810083962051,0.1212810083962051,v91,distmult,without_windows_removed_75pct,without_windows,75.0
92.0,0.0400506595435451,-0.0400506595435451,v92,distmult,without_windows_removed_75pct,without_windows,75.0
93.0,-0.01414995894243323,0.01414995894243323,v93,distmult,without_windows_removed_75pct,without_windows,75.0
94.0,0.15935640198658893,-0.15935640198658893,v94,distmult,without_windows_removed_75pct,without_windows,75.0
95.0,-0.036067222531550966,0.036067222531550966,v95,distmult,without_windows_removed_75pct,without_windows,75.0
96.0,-0.02705636783071731,0.02705636783071731,v96,distmult,without_windows_removed_75pct,without_windows,75.0
97.0,-0.0007421563620898796,0.0007421563620898796,v97,distmult,without_windows_removed_75pct,without_windows,75.0
98.0,-0.006319999348531636,0.006319999348531636,v98,distmult,without_windows_removed_75pct,without_windows,75.0
99.0,0.00627689252167489,-0.00627689252167489,v99,distmult,without_windows_removed_75pct,without_windows,75.0
100.0,-0.005836950792593889,0.005836950792593889,v100,distmult,without_windows_removed_75pct,without_windows,75.0
1.0,0.13608939598779698,-0.13608939598779698,v1,distmult,with_windows_removed_99pct,with_windows,99.0
2.0,0.1216585308299451,-0.1216585308299451,v2,distmult,with_windows_removed_99pct,with_windows,99.0
3.0,0.06230518467399493,-0.06230518467399493,v3,distmult,with_windows_removed_99pct,with_windows,99.0
4.0,0.09664804661725719,-0.09664804661725719,v4,distmult,with_windows_removed_99pct,with_windows,99.0
5.0,0.16728063782111005,-0.16728063782111005,v5,distmult,with_windows_removed_99pct,with_windows,99.0
6.0,0.0982660236279534,-0.0982660236279534,v6,distmult,with_windows_removed_99pct,with_windows,99.0
7.0,0.13478633751373864,-0.13478633751373864,v7,distmult,with_windows_removed_99pct,with_windows,99.0
8.0,0.10413305206397883,-0.10413305206397883,v8,distmult,with_windows_removed_99pct,with_windows,99.0
9.0,0.14785451056835164,-0.14785451056835164,v9,distmult,with_windows_removed_99pct,with_windows,99.0
10.0,0.17080934751718804,-0.17080934751718804,v10,distmult,with_windows_removed_99pct,with_windows,99.0
11.0,0.08448299520419665,-0.08448299520419665,v11,distmult,with_windows_removed_99pct,with_windows,99.0
12.0,0.13808613019038896,-0.13808613019038896,v12,distmult,with_windows_removed_99pct,with_windows,99.0
13.0,0.13687532005480402,-0.13687532005480402,v13,distmult,with_windows_removed_99pct,with_windows,99.0
14.0,0.1413375512829391,-0.1413375512829391,v14,distmult,with_windows_removed_99pct,with_windows,99.0
15.0,0.08962293293155221,-0.08962293293155221,v15,distmult,with_windows_removed_99pct,with_windows,99.0
16.0,0.07889265326264933,-0.07889265326264933,v16,distmult,with_windows_removed_99pct,with_windows,99.0
17.0,0.08640662806260913,-0.08640662806260913,v17,distmult,with_windows_removed_99pct,with_windows,99.0
18.0,0.1821157107108264,-0.1821157107108264,v18,distmult,with_windows_removed_99pct,with_windows,99.0
19.0,0.16311920153105702,-0.16311920153105702,v19,distmult,with_windows_removed_99pct,with_windows,99.0
20.0,0.07792358509652196,-0.07792358509652196,v20,distmult,with_windows_removed_99pct,with_windows,99.0
21.0,0.16368843608643577,-0.16368843608643577,v21,distmult,with_windows_removed_99pct,with_windows,99.0
22.0,0.1265910879821335,-0.1265910879821335,v22,distmult,with_windows_removed_99pct,with_windows,99.0
23.0,0.1715789895840133,-0.1715789895840133,v23,distmult,with_windows_removed_99pct,with_windows,99.0
24.0,0.07197320290480545,-0.07197320290480545,v24,distmult,with_windows_removed_99pct,with_windows,99.0
25.0,0.11750959045800707,-0.11750959045800707,v25,distmult,with_windows_removed_99pct,with_windows,99.0
26.0,0.10182633152091347,-0.10182633152091347,v26,distmult,with_windows_removed_99pct,with_windows,99.0
27.0,0.13770947364293984,-0.13770947364293984,v27,distmult,with_windows_removed_99pct,with_windows,99.0
28.0,0.12344413182615338,-0.12344413182615338,v28,distmult,with_windows_removed_99pct,with_windows,99.0
29.0,0.0988835382238891,-0.0988835382238891,v29,distmult,with_windows_removed_99pct,with_windows,99.0
30.0,0.11738734405486606,-0.11738734405486606,v30,distmult,with_windows_removed_99pct,with_windows,99.0
31.0,0.11743739385287302,-0.11743739385287302,v31,distmult,with_windows_removed_99pct,with_windows,99.0
32.0,0.06197594453867293,-0.06197594453867293,v32,distmult,with_windows_removed_99pct,with_windows,99.0
33.0,0.06084037311847527,-0.06084037311847527,v33,distmult,with_windows_removed_99pct,with_windows,99.0
34.0,0.07802647403237475,-0.07802647403237475,v34,distmult,with_windows_removed_99pct,with_windows,99.0
35.0,0.06427446910630842,-0.06427446910630842,v35,distmult,with_windows_removed_99pct,with_windows,99.0
36.0,0.05590897364269655,-0.05590897364269655,v36,distmult,with_windows_removed_99pct,with_windows,99.0
37.0,0.06452448787674298,-0.06452448787674298,v37,distmult,with_windows_removed_99pct,with_windows,99.0
38.0,0.1523718233940988,-0.1523718233940988,v38,distmult,with_windows_removed_99pct,with_windows,99.0
39.0,0.14140601474965311,-0.14140601474965311,v39,distmult,with_windows_removed_99pct,with_windows,99.0
40.0,0.06979671976379205,-0.06979671976379205,v40,distmult,with_windows_removed_99pct,with_windows,99.0
41.0,0.09410339484994283,-0.09410339484994283,v41,distmult,with_windows_removed_99pct,with_windows,99.0
42.0,0.07949453963699435,-0.07949453963699435,v42,distmult,with_windows_removed_99pct,with_windows,99.0
43.0,0.08641385755022578,-0.08641385755022578,v43,distmult,with_windows_removed_99pct,with_windows,99.0
44.0,0.0964239509691671,-0.0964239509691671,v44,distmult,with_windows_removed_99pct,with_windows,99.0
45.0,0.13983836071203815,-0.13983836071203815,v45,distmult,with_windows_removed_99pct,with_windows,99.0
46.0,0.13072939199600866,-0.13072939199600866,v46,distmult,with_windows_removed_99pct,with_windows,99.0
47.0,0.12299384038968665,-0.12299384038968665,v47,distmult,with_windows_removed_99pct,with_windows,99.0
48.0,0.0908211716391263,-0.0908211716391263,v48,distmult,with_windows_removed_99pct,with_windows,99.0
49.0,0.07362496346730836,-0.07362496346730836,v49,distmult,with_windows_removed_99pct,with_windows,99.0
50.0,0.11233953495068892,-0.11233953495068892,v50,distmult,with_windows_removed_99pct,with_windows,99.0
51.0,-0.07117435447800068,0.07117435447800068,v51,distmult,with_windows_removed_99pct,with_windows,99.0
52.0,-0.011955957127819765,0.011955957127819765,v52,distmult,with_windows_removed_99pct,with_windows,99.0
53.0,-0.09969318830071823,0.09969318830071823,v53,distmult,with_windows_removed_99pct,with_windows,99.0
54.0,-0.15829955809451426,0.15829955809451426,v54,distmult,with_windows_removed_99pct,with_windows,99.0
55.0,-0.12713396161952506,0.12713396161952506,v55,distmult,with_windows_removed_99pct,with_windows,99.0
56.0,-0.07172268939218938,0.07172268939218938,v56,distmult,with_windows_removed_99pct,with_windows,99.0
57.0,-0.15629463771899849,0.15629463771899849,v57,distmult,with_windows_removed_99pct,with_windows,99.0
58.0,-0.17740613249972492,0.17740613249972492,v58,distmult,with_windows_removed_99pct,with_windows,99.0
59.0,-0.053177951826837926,0.053177951826837926,v59,distmult,with_windows_removed_99pct,with_windows,99.0
60.0,-0.08100690201833914,0.08100690201833914,v60,distmult,with_windows_removed_99pct,with_windows,99.0
61.0,-0.0931208799938302,0.0931208799938302,v61,distmult,with_windows_removed_99pct,with_windows,99.0
62.0,-0.12272115970519812,0.12272115970519812,v62,distmult,with_windows_removed_99pct,with_windows,99.0
63.0,-0.10226489160866332,0.10226489160866332,v63,distmult,with_windows_removed_99pct,with_windows,99.0
64.0,-0.20400340417670215,0.20400340417670215,v64,distmult,with_windows_removed_99pct,with_windows,99.0
65.0,-0.14214032920223074,0.14214032920223074,v65,distmult,with_windows_removed_99pct,with_windows,99.0
66.0,-0.14960737118137254,0.14960737118137254,v66,distmult,with_windows_removed_99pct,with_windows,99.0
67.0,-0.008233200804624146,0.008233200804624146,v67,distmult,with_windows_removed_99pct,with_windows,99.0
68.0,-0.1044374251623316,0.1044374251623316,v68,distmult,with_windows_removed_99pct,with_windows,99.0
69.0,-0.11292417933783257,0.11292417933783257,v69,distmult,with_windows_removed_99pct,with_windows,99.0
70.0,-0.051515003467754276,0.051515003467754276,v70,distmult,with_windows_removed_99pct,with_windows,99.0
71.0,-0.06296808286567888,0.06296808286567888,v71,distmult,with_windows_removed_99pct,with_windows,99.0
72.0,-0.09552872323832204,0.09552872323832204,v72,distmult,with_windows_removed_99pct,with_windows,99.0
73.0,-0.09092557648683505,0.09092557648683505,v73,distmult,with_windows_removed_99pct,with_windows,99.0
74.0,-0.128979535936696,0.128979535936696,v74,distmult,with_windows_removed_99pct,with_windows,99.0
75.0,-0.11976937116629491,0.11976937116629491,v75,distmult,with_windows_removed_99pct,with_windows,99.0
76.0,-0.14172189169421895,0.14172189169421895,v76,distmult,with_windows_removed_99pct,with_windows,99.0
77.0,-0.14628216118617696,0.14628216118617696,v77,distmult,with_windows_removed_99pct,with_windows,99.0
78.0,-0.09908343606434476,0.09908343606434476,v78,distmult,with_windows_removed_99pct,with_windows,99.0
79.0,-0.09216274872991384,0.09216274872991384,v79,distmult,with_windows_removed_99pct,with_windows,99.0
80.0,-0.10290216372324569,0.10290216372324569,v80,distmult,with_windows_removed_99pct,with_windows,99.0
81.0,-0.12390753890295549,0.12390753890295549,v81,distmult,with_windows_removed_99pct,with_windows,99.0
82.0,-0.1722386827654562,0.1722386827654562,v82,distmult,with_windows_removed_99pct,with_windows,99.0
83.0,-0.13008113012479822,0.13008113012479822,v83,distmult,with_windows_removed_99pct,with_windows,99.0
84.0,-0.14632243592867944,0.14632243592867944,v84,distmult,with_windows_removed_99pct,with_windows,99.0
85.0,-0.05729771722833119,0.05729771722833119,v85,distmult,with_windows_removed_99pct,with_windows,99.0
86.0,-0.0446953655058082,0.0446953655058082,v86,distmult,with_windows_removed_99pct,with_windows,99.0
87.0,-0.1464956761559118,0.1464956761559118,v87,distmult,with_windows_removed_99pct,with_windows,99.0
88.0,-0.08791305881182121,0.08791305881182121,v88,distmult,with_windows_removed_99pct,with_windows,99.0
89.0,-0.12377256733470068,0.12377256733470068,v89,distmult,with_windows_removed_99pct,with_windows,99.0
90.0,-0.1311764695420376,0.1311764695420376,v90,distmult,with_windows_removed_99pct,with_windows,99.0
91.0,-0.059782146353588396,0.059782146353588396,v91,distmult,with_windows_removed_99pct,with_windows,99.0
92.0,-0.1139462485657731,0.1139462485657731,v92,distmult,with_windows_removed_99pct,with_windows,99.0
93.0,-0.10410331824211348,0.10410331824211348,v93,distmult,with_windows_removed_99pct,with_windows,99.0
94.0,-0.12934603860250635,0.12934603860250635,v94,distmult,with_windows_removed_99pct,with_windows,99.0
95.0,-0.14490303045477668,0.14490303045477668,v95,distmult,with_windows_removed_99pct,with_windows,99.0
96.0,-0.1266467467867276,0.1266467467867276,v96,distmult,with_windows_removed_99pct,with_windows,99.0
97.0,-0.08832328973517137,0.08832328973517137,v97,distmult,with_windows_removed_99pct,with_windows,99.0
98.0,-0.13114724319082258,0.13114724319082258,v98,distmult,with_windows_removed_99pct,with_windows,99.0
99.0,-0.13878416834236754,0.13878416834236754,v99,distmult,with_windows_removed_99pct,with_windows,99.0
100.0,-0.16259184068661023,0.16259184068661023,v100,distmult,with_windows_removed_99pct,with_windows,99.0
1.0,0.010800949221170713,-0.010800949221170713,v1,distmult,without_windows_removed_99pct,without_windows,99.0
2.0,-0.020442891235274957,0.020442891235274957,v2,distmult,without_windows_removed_99pct,without_windows,99.0
3.0,0.025422416451411595,-0.025422416451411595,v3,distmult,without_windows_removed_99pct,without_windows,99.0
4.0,-0.01756562530855233,0.01756562530855233,v4,distmult,without_windows_removed_99pct,without_windows,99.0
5.0,-0.03920645566957143,0.03920645566957143,v5,distmult,without_windows_removed_99pct,without_windows,99.0
6.0,0.04206002059959565,-0.04206002059959565,v6,distmult,without_windows_removed_99pct,without_windows,99.0
7.0,0.061693854962565756,-0.061693854962565756,v7,distmult,without_windows_removed_99pct,without_windows,99.0
8.0,-0.088867171023839,0.088867171023839,v8,distmult,without_windows_removed_99pct,without_windows,99.0
9.0,0.04144821978450224,-0.04144821978450224,v9,distmult,without_windows_removed_99pct,without_windows,99.0
10.0,0.008835808091229544,-0.008835808091229544,v10,distmult,without_windows_removed_99pct,without_windows,99.0
11.0,-0.004108408537292245,0.004108408537292245,v11,distmult,without_windows_removed_99pct,without_windows,99.0
12.0,-0.03066139149296678,0.03066139149296678,v12,distmult,without_windows_removed_99pct,without_windows,99.0
13.0,0.1360809980535192,-0.1360809980535192,v13,distmult,without_windows_removed_99pct,without_windows,99.0
14.0,0.00012617646554423075,-0.00012617646554423075,v14,distmult,without_windows_removed_99pct,without_windows,99.0
15.0,0.05958567978844522,-0.05958567978844522,v15,distmult,without_windows_removed_99pct,without_windows,99.0
16.0,-0.01216785906384487,0.01216785906384487,v16,distmult,without_windows_removed_99pct,without_windows,99.0
17.0,0.020758492041036417,-0.020758492041036417,v17,distmult,without_windows_removed_99pct,without_windows,99.0
18.0,-0.015302479831314683,0.015302479831314683,v18,distmult,without_windows_removed_99pct,without_windows,99.0
19.0,0.01808774518026685,-0.01808774518026685,v19,distmult,without_windows_removed_99pct,without_windows,99.0
20.0,0.02558114267573889,-0.02558114267573889,v20,distmult,without_windows_removed_99pct,without_windows,99.0
21.0,0.021145980706323994,-0.021145980706323994,v21,distmult,without_windows_removed_99pct,without_windows,99.0
22.0,-0.018058208443578954,0.018058208443578954,v22,distmult,without_windows_removed_99pct,without_windows,99.0
23.0,-0.019545786569778758,0.019545786569778758,v23,distmult,without_windows_removed_99pct,without_windows,99.0
24.0,0.05291149246629795,-0.05291149246629795,v24,distmult,without_windows_removed_99pct,without_windows,99.0
25.0,-0.04626596112091666,0.04626596112091666,v25,distmult,without_windows_removed_99pct,without_windows,99.0
26.0,-0.013657746961750185,0.013657746961750185,v26,distmult,without_windows_removed_99pct,without_windows,99.0
27.0,0.04598410932340841,-0.04598410932340841,v27,distmult,without_windows_removed_99pct,without_windows,99.0
28.0,-0.029245205349045164,0.029245205349045164,v28,distmult,without_windows_removed_99pct,without_windows,99.0
29.0,0.05934910451547318,-0.05934910451547318,v29,distmult,without_windows_removed_99pct,without_windows,99.0
30.0,0.0381404534114316,-0.0381404534114316,v30,distmult,without_windows_removed_99pct,without_windows,99.0
31.0,0.0311949055532842,-0.0311949055532842,v31,distmult,without_windows_removed_99pct,without_windows,99.0
32.0,0.0022969284181245824,-0.0022969284181245824,v32,distmult,without_windows_removed_99pct,without_windows,99.0
33.0,0.023673148606008727,-0.023673148606008727,v33,distmult,without_windows_removed_99pct,without_windows,99.0
34.0,-0.04545969725760101,0.04545969725760101,v34,distmult,without_windows_removed_99pct,without_windows,99.0
35.0,0.010867405959620626,-0.010867405959620626,v35,distmult,without_windows_removed_99pct,without_windows,99.0
36.0,-0.02976181172534392,0.02976181172534392,v36,distmult,without_windows_removed_99pct,without_windows,99.0
37.0,-0.026637622367362095,0.026637622367362095,v37,distmult,without_windows_removed_99pct,without_windows,99.0
38.0,0.023365826674343372,-0.023365826674343372,v38,distmult,without_windows_removed_99pct,without_windows,99.0
39.0,-0.020362574408885767,0.020362574408885767,v39,distmult,without_windows_removed_99pct,without_windows,99.0
40.0,0.010276032989773955,-0.010276032989773955,v40,distmult,without_windows_removed_99pct,without_windows,99.0
41.0,0.030056884924354023,-0.030056884924354023,v41,distmult,without_windows_removed_99pct,without_windows,99.0
42.0,-0.014659480262858765,0.014659480262858765,v42,distmult,without_windows_removed_99pct,without_windows,99.0
43.0,-0.020959011529858615,0.020959011529858615,v43,distmult,without_windows_removed_99pct,without_windows,99.0
44.0,-0.014226244926060715,0.014226244926060715,v44,distmult,without_windows_removed_99pct,without_windows,99.0
45.0,0.003206748811099642,-0.003206748811099642,v45,distmult,without_windows_removed_99pct,without_windows,99.0
46.0,0.011825897017359751,-0.011825897017359751,v46,distmult,without_windows_removed_99pct,without_windows,99.0
47.0,-0.002197552978151664,0.002197552978151664,v47,distmult,without_windows_removed_99pct,without_windows,99.0
48.0,0.01602142965525562,-0.01602142965525562,v48,distmult,without_windows_removed_99pct,without_windows,99.0
49.0,-0.04941711988039782,0.04941711988039782,v49,distmult,without_windows_removed_99pct,without_windows,99.0
50.0,-0.05098745855002958,0.05098745855002958,v50,distmult,without_windows_removed_99pct,without_windows,99.0
51.0,-0.023816645958370363,0.023816645958370363,v51,distmult,without_windows_removed_99pct,without_windows,99.0
52.0,0.04321180389537166,-0.04321180389537166,v52,distmult,without_windows_removed_99pct,without_windows,99.0
53.0,-0.04451682121343891,0.04451682121343891,v53,distmult,without_windows_removed_99pct,without_windows,99.0
54.0,-0.0006642645777475712,0.0006642645777475712,v54,distmult,without_windows_removed_99pct,without_windows,99.0
55.0,0.0044200339289374654,-0.0044200339289374654,v55,distmult,without_windows_removed_99pct,without_windows,99.0
56.0,-0.0030589692027209506,0.0030589692027209506,v56,distmult,without_windows_removed_99pct,without_windows,99.0
57.0,-0.02016909602301402,0.02016909602301402,v57,distmult,without_windows_removed_99pct,without_windows,99.0
58.0,0.022374647857228515,-0.022374647857228515,v58,distmult,without_windows_removed_99pct,without_windows,99.0
59.0,0.07359582784949963,-0.07359582784949963,v59,distmult,without_windows_removed_99pct,without_windows,99.0
60.0,0.01730079399381702,-0.01730079399381702,v60,distmult,without_windows_removed_99pct,without_windows,99.0
61.0,-0.040193812390665225,0.040193812390665225,v61,distmult,without_windows_removed_99pct,without_windows,99.0
62.0,-0.007016863973659419,0.007016863973659419,v62,distmult,without_windows_removed_99pct,without_windows,99.0
63.0,0.004502236533661217,-0.004502236533661217,v63,distmult,without_windows_removed_99pct,without_windows,99.0
64.0,-0.02241729284347042,0.02241729284347042,v64,distmult,without_windows_removed_99pct,without_windows,99.0
65.0,-0.06288865312196106,0.06288865312196106,v65,distmult,without_windows_removed_99pct,without_windows,99.0
66.0,-0.016308440289107603,0.016308440289107603,v66,distmult,without_windows_removed_99pct,without_windows,99.0
67.0,0.012265979035714154,-0.012265979035714154,v67,distmult,without_windows_removed_99pct,without_windows,99.0
68.0,0.037766733329198145,-0.037766733329198145,v68,distmult,without_windows_removed_99pct,without_windows,99.0
69.0,0.026042009199250947,-0.026042009199250947,v69,distmult,without_windows_removed_99pct,without_windows,99.0
70.0,0.00021269143784494163,-0.00021269143784494163,v70,distmult,without_windows_removed_99pct,without_windows,99.0
71.0,0.030545253834873387,-0.030545253834873387,v71,distmult,without_windows_removed_99pct,without_windows,99.0
72.0,0.02284011717107902,-0.02284011717107902,v72,distmult,without_windows_removed_99pct,without_windows,99.0
73.0,0.00541138888260392,-0.00541138888260392,v73,distmult,without_windows_removed_99pct,without_windows,99.0
74.0,-0.016737368368513517,0.016737368368513517,v74,distmult,without_windows_removed_99pct,without_windows,99.0
75.0,0.017298607180758537,-0.017298607180758537,v75,distmult,without_windows_removed_99pct,without_windows,99.0
76.0,0.009182318315651325,-0.009182318315651325,v76,distmult,without_windows_removed_99pct,without_windows,99.0
77.0,-0.03338994481096293,0.03338994481096293,v77,distmult,without_windows_removed_99pct,without_windows,99.0
78.0,-0.04958854740619673,0.04958854740619673,v78,distmult,without_windows_removed_99pct,without_windows,99.0
79.0,-0.010999422124611994,0.010999422124611994,v79,distmult,without_windows_removed_99pct,without_windows,99.0
80.0,-0.012852298262146662,0.012852298262146662,v80,distmult,without_windows_removed_99pct,without_windows,99.0
81.0,0.03860861846486041,-0.03860861846486041,v81,distmult,without_windows_removed_99pct,without_windows,99.0
82.0,-0.2200292613955997,0.2200292613955997,v82,distmult,without_windows_removed_99pct,without_windows,99.0
83.0,-0.01654157307385034,0.01654157307385034,v83,distmult,without_windows_removed_99pct,without_windows,99.0
84.0,0.008966937492318524,-0.008966937492318524,v84,distmult,without_windows_removed_99pct,without_windows,99.0
85.0,-0.007722790326924401,0.007722790326924401,v85,distmult,without_windows_removed_99pct,without_windows,99.0
86.0,0.04279716702590347,-0.04279716702590347,v86,distmult,without_windows_removed_99pct,without_windows,99.0
87.0,0.05401757287916668,-0.05401757287916668,v87,distmult,without_windows_removed_99pct,without_windows,99.0
88.0,-0.0021621484080506046,0.0021621484080506046,v88,distmult,without_windows_removed_99pct,without_windows,99.0
89.0,-0.0425163095453597,0.0425163095453597,v89,distmult,without_windows_removed_99pct,without_windows,99.0
90.0,0.01532287423253513,-0.01532287423253513,v90,distmult,without_windows_removed_99pct,without_windows,99.0
91.0,-0.009404352703304341,0.009404352703304341,v91,distmult,without_windows_removed_99pct,without_windows,99.0
92.0,-0.010535497290579949,0.010535497290579949,v92,distmult,without_windows_removed_99pct,without_windows,99.0
93.0,-0.08016042662933663,0.08016042662933663,v93,distmult,without_windows_removed_99pct,without_windows,99.0
94.0,0.024747764530739222,-0.024747764530739222,v94,distmult,without_windows_removed_99pct,without_windows,99.0
95.0,-0.05396663154781519,0.05396663154781519,v95,distmult,without_windows_removed_99pct,without_windows,99.0
96.0,0.014468816102072471,-0.014468816102072471,v96,distmult,without_windows_removed_99pct,without_windows,99.0
97.0,0.017535382809400455,-0.017535382809400455,v97,distmult,without_windows_removed_99pct,without_windows,99.0
98.0,0.03947163084569187,-0.03947163084569187,v98,distmult,without_windows_removed_99pct,without_windows,99.0
99.0,0.014137086294122164,-0.014137086294122164,v99,distmult,without_windows_removed_99pct,without_windows,99.0
100.0,0.009579050512197916,-0.009579050512197916,v100,distmult,without_windows_removed_99pct,without_windows,99.0
1.0,-0.9182962748969784,-0.9182962748969784,v1,transd,with_windows_original,with_windows,0.0
2.0,-0.8417635094346018,-0.8417635094346018,v2,transd,with_windows_original,with_windows,0.0
3.0,-0.8359232643114984,-0.8359232643114984,v3,transd,with_windows_original,with_windows,0.0
4.0,-0.8936310299401627,-0.8936310299401627,v4,transd,with_windows_original,with_windows,0.0
5.0,-0.8315097256502303,-0.8315097256502303,v5,transd,with_windows_original,with_windows,0.0
6.0,-0.8211333369672922,-0.8211333369672922,v6,transd,with_windows_original,with_windows,0.0
7.0,-0.7941803036611409,-0.7941803036611409,v7,transd,with_windows_original,with_windows,0.0
8.0,-0.804445113197267,-0.804445113197267,v8,transd,with_windows_original,with_windows,0.0
9.0,-0.7288410360455132,-0.7288410360455132,v9,transd,with_windows_original,with_windows,0.0
10.0,-0.817718503644991,-0.817718503644991,v10,transd,with_windows_original,with_windows,0.0
11.0,-0.7630513668943094,-0.7630513668943094,v11,transd,with_windows_original,with_windows,0.0
12.0,-0.7723201139887781,-0.7723201139887781,v12,transd,with_windows_original,with_windows,0.0
13.0,-0.7748254020142417,-0.7748254020142417,v13,transd,with_windows_original,with_windows,0.0
14.0,-0.6986816509288077,-0.6986816509288077,v14,transd,with_windows_original,with_windows,0.0
15.0,-0.8456937451322522,-0.8456937451322522,v15,transd,with_windows_original,with_windows,0.0
16.0,-0.726070962981483,-0.726070962981483,v16,transd,with_windows_original,with_windows,0.0
17.0,-0.762406819071537,-0.762406819071537,v17,transd,with_windows_original,with_windows,0.0
18.0,-0.6346577411084049,-0.6346577411084049,v18,transd,with_windows_original,with_windows,0.0
19.0,-0.8174235830501531,-0.8174235830501531,v19,transd,with_windows_original,with_windows,0.0
20.0,-0.738195976028047,-0.738195976028047,v20,transd,with_windows_original,with_windows,0.0
21.0,-0.8190237675152554,-0.8190237675152554,v21,transd,with_windows_original,with_windows,0.0
22.0,-0.5573910760232101,-0.5573910760232101,v22,transd,with_windows_original,with_windows,0.0
23.0,-0.6236163421409757,-0.6236163421409757,v23,transd,with_windows_original,with_windows,0.0
24.0,-0.7915109763762788,-0.7915109763762788,v24,transd,with_windows_original,with_windows,0.0
25.0,-0.6100713139025757,-0.6100713139025757,v25,transd,with_windows_original,with_windows,0.0
26.0,-0.6849383546710681,-0.6849383546710681,v26,transd,with_windows_original,with_windows,0.0
27.0,-0.8116787275212842,-0.8116787275212842,v27,transd,with_windows_original,with_windows,0.0
28.0,-0.5830962747403089,-0.5830962747403089,v28,transd,with_windows_original,with_windows,0.0
29.0,-0.6484734129223874,-0.6484734129223874,v29,transd,with_windows_original,with_windows,0.0
30.0,-0.6789799455255477,-0.6789799455255477,v30,transd,with_windows_original,with_windows,0.0
31.0,-0.44312514317396234,-0.44312514317396234,v31,transd,with_windows_original,with_windows,0.0
32.0,-0.36656312633233523,-0.36656312633233523,v32,transd,with_windows_original,with_windows,0.0
33.0,-0.5380612787088388,-0.5380612787088388,v33,transd,with_windows_original,with_windows,0.0
34.0,-0.3681447582805449,-0.3681447582805449,v34,transd,with_windows_original,with_windows,0.0
35.0,-0.5584361708554894,-0.5584361708554894,v35,transd,with_windows_original,with_windows,0.0
36.0,-0.3488509960039767,-0.3488509960039767,v36,transd,with_windows_original,with_windows,0.0
37.0,-0.31561963572382545,-0.31561963572382545,v37,transd,with_windows_original,with_windows,0.0
38.0,-0.36782123331329186,-0.36782123331329186,v38,transd,with_windows_original,with_windows,0.0
39.0,-0.24891399031930114,-0.24891399031930114,v39,transd,with_windows_original,with_windows,0.0
40.0,-0.47242947842734834,-0.47242947842734834,v40,transd,with_windows_original,with_windows,0.0
41.0,-0.4989608884441646,-0.4989608884441646,v41,transd,with_windows_original,with_windows,0.0
42.0,0.011432900689465198,0.011432900689465198,v42,transd,with_windows_original,with_windows,0.0
43.0,-0.38186631690158584,-0.38186631690158584,v43,transd,with_windows_original,with_windows,0.0
44.0,-0.019770695632636105,-0.019770695632636105,v44,transd,with_windows_original,with_windows,0.0
45.0,-0.024300490677625953,-0.024300490677625953,v45,transd,with_windows_original,with_windows,0.0
46.0,-0.09815424448129335,-0.09815424448129335,v46,transd,with_windows_original,with_windows,0.0
47.0,-0.021348126632589715,-0.021348126632589715,v47,transd,with_windows_original,with_windows,0.0
48.0,-0.0745127704694312,-0.0745127704694312,v48,transd,with_windows_original,with_windows,0.0
49.0,-0.2003104826787273,-0.2003104826787273,v49,transd,with_windows_original,with_windows,0.0
50.0,0.1044795909478411,0.1044795909478411,v50,transd,with_windows_original,with_windows,0.0
51.0,0.22797014094746842,0.22797014094746842,v51,transd,with_windows_original,with_windows,0.0
52.0,0.020144942006518007,0.020144942006518007,v52,transd,with_windows_original,with_windows,0.0
53.0,0.13625742656224782,0.13625742656224782,v53,transd,with_windows_original,with_windows,0.0
54.0,0.3645366392076413,0.3645366392076413,v54,transd,with_windows_original,with_windows,0.0
55.0,0.26452815418426173,0.26452815418426173,v55,transd,with_windows_original,with_windows,0.0
56.0,0.1365875967942291,0.1365875967942291,v56,transd,with_windows_original,with_windows,0.0
57.0,0.2444006981445825,0.2444006981445825,v57,transd,with_windows_original,with_windows,0.0
58.0,0.07812672232317727,0.07812672232317727,v58,transd,with_windows_original,with_windows,0.0
59.0,0.04910799205371457,0.04910799205371457,v59,transd,with_windows_original,with_windows,0.0
60.0,0.2916972924490752,0.2916972924490752,v60,transd,with_windows_original,with_windows,0.0
61.0,0.31654918882636734,0.31654918882636734,v61,transd,with_windows_original,with_windows,0.0
62.0,0.2707949824498964,0.2707949824498964,v62,transd,with_windows_original,with_windows,0.0
63.0,0.06839597626806206,0.06839597626806206,v63,transd,with_windows_original,with_windows,0.0
64.0,0.4000856319712914,0.4000856319712914,v64,transd,with_windows_original,with_windows,0.0
65.0,0.3621496599806641,0.3621496599806641,v65,transd,with_windows_original,with_windows,0.0
66.0,0.42151021484015755,0.42151021484015755,v66,transd,with_windows_original,with_windows,0.0
67.0,0.40319597798874107,0.40319597798874107,v67,transd,with_windows_original,with_windows,0.0
68.0,0.40169144429746984,0.40169144429746984,v68,transd,with_windows_original,with_windows,0.0
69.0,0.27112071294996015,0.27112071294996015,v69,transd,with_windows_original,with_windows,0.0
70.0,0.5614690242753073,0.5614690242753073,v70,transd,with_windows_original,with_windows,0.0
71.0,0.5225630203411502,0.5225630203411502,v71,transd,with_windows_original,with_windows,0.0
72.0,0.6817599851496752,0.6817599851496752,v72,transd,with_windows_original,with_windows,0.0
73.0,0.7750138069814155,0.7750138069814155,v73,transd,with_windows_original,with_windows,0.0
74.0,0.4455364462854998,0.4455364462854998,v74,transd,with_windows_original,with_windows,0.0
75.0,0.5933794303704615,0.5933794303704615,v75,transd,with_windows_original,with_windows,0.0
76.0,0.6989757797217196,0.6989757797217196,v76,transd,with_windows_original,with_windows,0.0
77.0,0.7874637327712724,0.7874637327712724,v77,transd,with_windows_original,with_windows,0.0
78.0,0.8403212770215347,0.8403212770215347,v78,transd,with_windows_original,with_windows,0.0
79.0,0.7370716626343052,0.7370716626343052,v79,transd,with_windows_original,with_windows,0.0
80.0,0.7135809702104834,0.7135809702104834,v80,transd,with_windows_original,with_windows,0.0
81.0,0.7845712902103696,0.7845712902103696,v81,transd,with_windows_original,with_windows,0.0
82.0,0.594845922889029,0.594845922889029,v82,transd,with_windows_original,with_windows,0.0
83.0,0.744854923160366,0.744854923160366,v83,transd,with_windows_original,with_windows,0.0
84.0,0.6807244903816855,0.6807244903816855,v84,transd,with_windows_original,with_windows,0.0
85.0,0.7871815568343118,0.7871815568343118,v85,transd,with_windows_original,with_windows,0.0
86.0,0.8672216798988547,0.8672216798988547,v86,transd,with_windows_original,with_windows,0.0
87.0,0.7451447708984851,0.7451447708984851,v87,transd,with_windows_original,with_windows,0.0
88.0,0.7439570943110974,0.7439570943110974,v88,transd,with_windows_original,with_windows,0.0
89.0,0.8382606962227387,0.8382606962227387,v89,transd,with_windows_original,with_windows,0.0
90.0,0.7609037868928915,0.7609037868928915,v90,transd,with_windows_original,with_windows,0.0
91.0,0.7450282825350073,0.7450282825350073,v91,transd,with_windows_original,with_windows,0.0
92.0,0.8304435491923471,0.8304435491923471,v92,transd,with_windows_original,with_windows,0.0
93.0,0.7122808633168386,0.7122808633168386,v93,transd,with_windows_original,with_windows,0.0
94.0,0.8608732007505979,0.8608732007505979,v94,transd,with_windows_original,with_windows,0.0
95.0,0.7862279136801215,0.7862279136801215,v95,transd,with_windows_original,with_windows,0.0
96.0,0.8366705171364277,0.8366705171364277,v96,transd,with_windows_original,with_windows,0.0
97.0,0.8476560222855152,0.8476560222855152,v97,transd,with_windows_original,with_windows,0.0
98.0,0.8830783629838405,0.8830783629838405,v98,transd,with_windows_original,with_windows,0.0
99.0,0.8717906429004224,0.8717906429004224,v99,transd,with_windows_original,with_windows,0.0
100.0,0.853124889216947,0.853124889216947,v100,transd,with_windows_original,with_windows,0.0
1.0,-0.834520104150986,-0.834520104150986,v1,transd,without_windows_original,without_windows,0.0
2.0,-0.7571339514953046,-0.7571339514953046,v2,transd,without_windows_original,without_windows,0.0
3.0,-0.7690356192075842,-0.7690356192075842,v3,transd,without_windows_original,without_windows,0.0
4.0,-0.7958200274633549,-0.7958200274633549,v4,transd,without_windows_original,without_windows,0.0
5.0,-0.7703201337764446,-0.7703201337764446,v5,transd,without_windows_original,without_windows,0.0
6.0,-0.7921183939303021,-0.7921183939303021,v6,transd,without_windows_original,without_windows,0.0
7.0,-0.743266181804612,-0.743266181804612,v7,transd,without_windows_original,without_windows,0.0
8.0,-0.7544548860462572,-0.7544548860462572,v8,transd,without_windows_original,without_windows,0.0
9.0,-0.7804838038731384,-0.7804838038731384,v9,transd,without_windows_original,without_windows,0.0
10.0,-0.7003327110577608,-0.7003327110577608,v10,transd,without_windows_original,without_windows,0.0
11.0,-0.5995615832869499,-0.5995615832869499,v11,transd,without_windows_original,without_windows,0.0
12.0,-0.7208246518763193,-0.7208246518763193,v12,transd,without_windows_original,without_windows,0.0
13.0,-0.7610971938558447,-0.7610971938558447,v13,transd,without_windows_original,without_windows,0.0
14.0,-0.786432074914054,-0.786432074914054,v14,transd,without_windows_original,without_windows,0.0
15.0,-0.7009339160621777,-0.7009339160621777,v15,transd,without_windows_original,without_windows,0.0
16.0,-0.7008615551764807,-0.7008615551764807,v16,transd,without_windows_original,without_windows,0.0
17.0,-0.6786119727233104,-0.6786119727233104,v17,transd,without_windows_original,without_windows,0.0
18.0,-0.672764740909303,-0.672764740909303,v18,transd,without_windows_original,without_windows,0.0
19.0,-0.6620091716434985,-0.6620091716434985,v19,transd,without_windows_original,without_windows,0.0
20.0,-0.611650382264368,-0.611650382264368,v20,transd,without_windows_original,without_windows,0.0
21.0,-0.5166156363856882,-0.5166156363856882,v21,transd,without_windows_original,without_windows,0.0
22.0,-0.48180442643532106,-0.48180442643532106,v22,transd,without_windows_original,without_windows,0.0
23.0,-0.6802823488943415,-0.6802823488943415,v23,transd,without_windows_original,without_windows,0.0
24.0,-0.36457770475829393,-0.36457770475829393,v24,transd,without_windows_original,without_windows,0.0
25.0,-0.6410651543724761,-0.6410651543724761,v25,transd,without_windows_original,without_windows,0.0
26.0,-0.6905592807370116,-0.6905592807370116,v26,transd,without_windows_original,without_windows,0.0
27.0,-0.6128314136783365,-0.6128314136783365,v27,transd,without_windows_original,without_windows,0.0
28.0,-0.5348948184437503,-0.5348948184437503,v28,transd,without_windows_original,without_windows,0.0
29.0,-0.6405000061157,-0.6405000061157,v29,transd,without_windows_original,without_windows,0.0
30.0,-0.5555021905808706,-0.5555021905808706,v30,transd,without_windows_original,without_windows,0.0
31.0,-0.37559978528445775,-0.37559978528445775,v31,transd,without_windows_original,without_windows,0.0
32.0,-0.5167088026076551,-0.5167088026076551,v32,transd,without_windows_original,without_windows,0.0
33.0,-0.5081829462652196,-0.5081829462652196,v33,transd,without_windows_original,without_windows,0.0
34.0,-0.49968066957356294,-0.49968066957356294,v34,transd,without_windows_original,without_windows,0.0
35.0,-0.27451100137435275,-0.27451100137435275,v35,transd,without_windows_original,without_windows,0.0
36.0,-0.3588666779488421,-0.3588666779488421,v36,transd,without_windows_original,without_windows,0.0
37.0,-0.3351320100841264,-0.3351320100841264,v37,transd,without_windows_original,without_windows,0.0
38.0,-0.471275822275664,-0.471275822275664,v38,transd,without_windows_original,without_windows,0.0
39.0,-0.30668467267197097,-0.30668467267197097,v39,transd,without_windows_original,without_windows,0.0
40.0,-0.322234288261861,-0.322234288261861,v40,transd,without_windows_original,without_windows,0.0
41.0,-0.4497422750350428,-0.4497422750350428,v41,transd,without_windows_original,without_windows,0.0
42.0,-0.3995074565576169,-0.3995074565576169,v42,transd,without_windows_original,without_windows,0.0
43.0,-0.11218922913095306,-0.11218922913095306,v43,transd,without_windows_original,without_windows,0.0
44.0,-0.3744412529952263,-0.3744412529952263,v44,transd,without_windows_original,without_windows,0.0
45.0,-0.3599195641559686,-0.3599195641559686,v45,transd,without_windows_original,without_windows,0.0
46.0,-0.1166670978605575,-0.1166670978605575,v46,transd,without_windows_original,without_windows,0.0
47.0,-0.2790555153672787,-0.2790555153672787,v47,transd,without_windows_original,without_windows,0.0
48.0,-0.10403973807675869,-0.10403973807675869,v48,transd,without_windows_original,without_windows,0.0
49.0,-0.14808730816686733,-0.14808730816686733,v49,transd,without_windows_original,without_windows,0.0
50.0,0.06248961384698875,0.06248961384698875,v50,transd,without_windows_original,without_windows,0.0
51.0,-0.029936457786234334,-0.029936457786234334,v51,transd,without_windows_original,without_windows,0.0
52.0,-0.05193130643414458,-0.05193130643414458,v52,transd,without_windows_original,without_windows,0.0
53.0,0.06808478136292478,0.06808478136292478,v53,transd,without_windows_original,without_windows,0.0
54.0,-0.049541645749819375,-0.049541645749819375,v54,transd,without_windows_original,without_windows,0.0
55.0,0.04947229130722851,0.04947229130722851,v55,transd,without_windows_original,without_windows,0.0
56.0,0.05768595860609113,0.05768595860609113,v56,transd,without_windows_original,without_windows,0.0
57.0,-0.02400187322909709,-0.02400187322909709,v57,transd,without_windows_original,without_windows,0.0
58.0,-0.08813668022950609,-0.08813668022950609,v58,transd,without_windows_original,without_windows,0.0
59.0,0.1059871233480586,0.1059871233480586,v59,transd,without_windows_original,without_windows,0.0
60.0,0.18312289316288957,0.18312289316288957,v60,transd,without_windows_original,without_windows,0.0
61.0,0.25048607229262654,0.25048607229262654,v61,transd,without_windows_original,without_windows,0.0
62.0,0.13610188520849853,0.13610188520849853,v62,transd,without_windows_original,without_windows,0.0
63.0,0.07488327959371642,0.07488327959371642,v63,transd,without_windows_original,without_windows,0.0
64.0,0.1830698677196811,0.1830698677196811,v64,transd,without_windows_original,without_windows,0.0
65.0,0.2502471859874797,0.2502471859874797,v65,transd,without_windows_original,without_windows,0.0
66.0,0.3364443738392564,0.3364443738392564,v66,transd,without_windows_original,without_windows,0.0
67.0,0.14043556219731557,0.14043556219731557,v67,transd,without_windows_original,without_windows,0.0
68.0,0.2299325513176946,0.2299325513176946,v68,transd,without_windows_original,without_windows,0.0
69.0,0.43558814664605044,0.43558814664605044,v69,transd,without_windows_original,without_windows,0.0
70.0,0.20709490951928758,0.20709490951928758,v70,transd,without_windows_original,without_windows,0.0
71.0,0.48911611288741935,0.48911611288741935,v71,transd,without_windows_original,without_windows,0.0
72.0,0.40451512673985585,0.40451512673985585,v72,transd,without_windows_original,without_windows,0.0
73.0,0.4325171871660258,0.4325171871660258,v73,transd,without_windows_original,without_windows,0.0
74.0,0.7599633682705118,0.7599633682705118,v74,transd,without_windows_original,without_windows,0.0
75.0,0.7842927952112451,0.7842927952112451,v75,transd,without_windows_original,without_windows,0.0
76.0,0.6681999789553207,0.6681999789553207,v76,transd,without_windows_original,without_windows,0.0
77.0,0.7785864324452785,0.7785864324452785,v77,transd,without_windows_original,without_windows,0.0
78.0,0.6979057413472441,0.6979057413472441,v78,transd,without_windows_original,without_windows,0.0
79.0,0.7199145497253918,0.7199145497253918,v79,transd,without_windows_original,without_windows,0.0
80.0,0.8177368770364993,0.8177368770364993,v80,transd,without_windows_original,without_windows,0.0
81.0,0.8068947360530435,0.8068947360530435,v81,transd,without_windows_original,without_windows,0.0
82.0,0.7083669618801702,0.7083669618801702,v82,transd,without_windows_original,without_windows,0.0
83.0,0.8279345265870992,0.8279345265870992,v83,transd,without_windows_original,without_windows,0.0
84.0,0.785372040154073,0.785372040154073,v84,transd,without_windows_original,without_windows,0.0
85.0,0.8444827982233756,0.8444827982233756,v85,transd,without_windows_original,without_windows,0.0
86.0,0.7505775465573804,0.7505775465573804,v86,transd,without_windows_original,without_windows,0.0
87.0,0.8016113424525445,0.8016113424525445,v87,transd,without_windows_original,without_windows,0.0
88.0,0.8339350612790927,0.8339350612790927,v88,transd,without_windows_original,without_windows,0.0
89.0,0.8714856759677069,0.8714856759677069,v89,transd,without_windows_original,without_windows,0.0
90.0,0.9289465763180876,0.9289465763180876,v90,transd,without_windows_original,without_windows,0.0
91.0,0.8627523812259784,0.8627523812259784,v91,transd,without_windows_original,without_windows,0.0
92.0,0.9389522753779944,0.9389522753779944,v92,transd,without_windows_original,without_windows,0.0
93.0,0.9525060516871232,0.9525060516871232,v93,transd,without_windows_original,without_windows,0.0
94.0,0.9100910042882906,0.9100910042882906,v94,transd,without_windows_original,without_windows,0.0
95.0,0.9985855710617768,0.9985855710617768,v95,transd,without_windows_original,without_windows,0.0
96.0,0.8871087136500199,0.8871087136500199,v96,transd,without_windows_original,without_windows,0.0
97.0,0.8856999417244482,0.8856999417244482,v97,transd,without_windows_original,without_windows,0.0
98.0,0.9985364248383917,0.9985364248383917,v98,transd,without_windows_original,without_windows,0.0
99.0,0.9356019464650631,0.9356019464650631,v99,transd,without_windows_original,without_windows,0.0
100.0,1.013623871510382,1.013623871510382,v100,transd,without_windows_original,without_windows,0.0
1.0,-0.9101094950198951,-0.9101094950198951,v1,transd,with_windows_removed_25pct,with_windows,25.0
2.0,-0.8569764674729097,-0.8569764674729097,v2,transd,with_windows_removed_25pct,with_windows,25.0
3.0,-0.8917255198731951,-0.8917255198731951,v3,transd,with_windows_removed_25pct,with_windows,25.0
4.0,-0.8396649571756402,-0.8396649571756402,v4,transd,with_windows_removed_25pct,with_windows,25.0
5.0,-0.839287223764521,-0.839287223764521,v5,transd,with_windows_removed_25pct,with_windows,25.0
6.0,-0.7890117177668504,-0.7890117177668504,v6,transd,with_windows_removed_25pct,with_windows,25.0
7.0,-0.8018050377295552,-0.8018050377295552,v7,transd,with_windows_removed_25pct,with_windows,25.0
8.0,-0.8425177352974677,-0.8425177352974677,v8,transd,with_windows_removed_25pct,with_windows,25.0
9.0,-0.837754705063757,-0.837754705063757,v9,transd,with_windows_removed_25pct,with_windows,25.0
10.0,-0.7013533425253183,-0.7013533425253183,v10,transd,with_windows_removed_25pct,with_windows,25.0
11.0,-0.826968236616856,-0.826968236616856,v11,transd,with_windows_removed_25pct,with_windows,25.0
12.0,-0.685107860765569,-0.685107860765569,v12,transd,with_windows_removed_25pct,with_windows,25.0
13.0,-0.6822388982580386,-0.6822388982580386,v13,transd,with_windows_removed_25pct,with_windows,25.0
14.0,-0.810172334297779,-0.810172334297779,v14,transd,with_windows_removed_25pct,with_windows,25.0
15.0,-0.7975583177595661,-0.7975583177595661,v15,transd,with_windows_removed_25pct,with_windows,25.0
16.0,-0.7748123158194347,-0.7748123158194347,v16,transd,with_windows_removed_25pct,with_windows,25.0
17.0,-0.8769836089333218,-0.8769836089333218,v17,transd,with_windows_removed_25pct,with_windows,25.0
18.0,-0.7558132670302243,-0.7558132670302243,v18,transd,with_windows_removed_25pct,with_windows,25.0
19.0,-0.7715568135125725,-0.7715568135125725,v19,transd,with_windows_removed_25pct,with_windows,25.0
20.0,-0.7585681943504511,-0.7585681943504511,v20,transd,with_windows_removed_25pct,with_windows,25.0
21.0,-0.8440360971567847,-0.8440360971567847,v21,transd,with_windows_removed_25pct,with_windows,25.0
22.0,-0.5883489796252892,-0.5883489796252892,v22,transd,with_windows_removed_25pct,with_windows,25.0
23.0,-0.787278168496518,-0.787278168496518,v23,transd,with_windows_removed_25pct,with_windows,25.0
24.0,-0.6178481809652142,-0.6178481809652142,v24,transd,with_windows_removed_25pct,with_windows,25.0
25.0,-0.5817220112736337,-0.5817220112736337,v25,transd,with_windows_removed_25pct,with_windows,25.0
26.0,-0.7908242681365436,-0.7908242681365436,v26,transd,with_windows_removed_25pct,with_windows,25.0
27.0,-0.6888619805020166,-0.6888619805020166,v27,transd,with_windows_removed_25pct,with_windows,25.0
28.0,-0.581191274245957,-0.581191274245957,v28,transd,with_windows_removed_25pct,with_windows,25.0
29.0,-0.6035094338144341,-0.6035094338144341,v29,transd,with_windows_removed_25pct,with_windows,25.0
30.0,-0.5437166088621425,-0.5437166088621425,v30,transd,with_windows_removed_25pct,with_windows,25.0
31.0,-0.5103268591903809,-0.5103268591903809,v31,transd,with_windows_removed_25pct,with_windows,25.0
32.0,-0.29506537549949713,-0.29506537549949713,v32,transd,with_windows_removed_25pct,with_windows,25.0
33.0,-0.4218901185106503,-0.4218901185106503,v33,transd,with_windows_removed_25pct,with_windows,25.0
34.0,-0.31735165182238084,-0.31735165182238084,v34,transd,with_windows_removed_25pct,with_windows,25.0
35.0,-0.5032171312377957,-0.5032171312377957,v35,transd,with_windows_removed_25pct,with_windows,25.0
36.0,-0.15430113015917934,-0.15430113015917934,v36,transd,with_windows_removed_25pct,with_windows,25.0
37.0,-0.5838225439872418,-0.5838225439872418,v37,transd,with_windows_removed_25pct,with_windows,25.0
38.0,-0.3322884316233061,-0.3322884316233061,v38,transd,with_windows_removed_25pct,with_windows,25.0
39.0,-0.3459680082917732,-0.3459680082917732,v39,transd,with_windows_removed_25pct,with_windows,25.0
40.0,-0.30339186236354526,-0.30339186236354526,v40,transd,with_windows_removed_25pct,with_windows,25.0
41.0,-0.36996208130355746,-0.36996208130355746,v41,transd,with_windows_removed_25pct,with_windows,25.0
42.0,-0.3429142994195244,-0.3429142994195244,v42,transd,with_windows_removed_25pct,with_windows,25.0
43.0,-0.4088345278111673,-0.4088345278111673,v43,transd,with_windows_removed_25pct,with_windows,25.0
44.0,-0.13870399116862162,-0.13870399116862162,v44,transd,with_windows_removed_25pct,with_windows,25.0
45.0,-0.20974999714739626,-0.20974999714739626,v45,transd,with_windows_removed_25pct,with_windows,25.0
46.0,0.07512949211480963,0.07512949211480963,v46,transd,with_windows_removed_25pct,with_windows,25.0
47.0,-0.12128194865737933,-0.12128194865737933,v47,transd,with_windows_removed_25pct,with_windows,25.0
48.0,-0.22214541181152336,-0.22214541181152336,v48,transd,with_windows_removed_25pct,with_windows,25.0
49.0,-0.1759916524860937,-0.1759916524860937,v49,transd,with_windows_removed_25pct,with_windows,25.0
50.0,-0.06674544182640486,-0.06674544182640486,v50,transd,with_windows_removed_25pct,with_windows,25.0
51.0,0.04027435092600899,0.04027435092600899,v51,transd,with_windows_removed_25pct,with_windows,25.0
52.0,-0.04110732548608108,-0.04110732548608108,v52,transd,with_windows_removed_25pct,with_windows,25.0
53.0,0.0019365471276118445,0.0019365471276118445,v53,transd,with_windows_removed_25pct,with_windows,25.0
54.0,0.2816796473986427,0.2816796473986427,v54,transd,with_windows_removed_25pct,with_windows,25.0
55.0,0.13785222309841164,0.13785222309841164,v55,transd,with_windows_removed_25pct,with_windows,25.0
56.0,0.2723396372493078,0.2723396372493078,v56,transd,with_windows_removed_25pct,with_windows,25.0
57.0,0.20194447385449413,0.20194447385449413,v57,transd,with_windows_removed_25pct,with_windows,25.0
58.0,0.47131775728569303,0.47131775728569303,v58,transd,with_windows_removed_25pct,with_windows,25.0
59.0,0.3373468952244272,0.3373468952244272,v59,transd,with_windows_removed_25pct,with_windows,25.0
60.0,0.2633981889473814,0.2633981889473814,v60,transd,with_windows_removed_25pct,with_windows,25.0
61.0,0.2183135651533099,0.2183135651533099,v61,transd,with_windows_removed_25pct,with_windows,25.0
62.0,0.32893707446350856,0.32893707446350856,v62,transd,with_windows_removed_25pct,with_windows,25.0
63.0,0.5088047712396244,0.5088047712396244,v63,transd,with_windows_removed_25pct,with_windows,25.0
64.0,0.39668462096845275,0.39668462096845275,v64,transd,with_windows_removed_25pct,with_windows,25.0
65.0,0.37366146808366835,0.37366146808366835,v65,transd,with_windows_removed_25pct,with_windows,25.0
66.0,0.4787716572807089,0.4787716572807089,v66,transd,with_windows_removed_25pct,with_windows,25.0
67.0,0.5673166041557401,0.5673166041557401,v67,transd,with_windows_removed_25pct,with_windows,25.0
68.0,0.5707812385007465,0.5707812385007465,v68,transd,with_windows_removed_25pct,with_windows,25.0
69.0,0.533248093383623,0.533248093383623,v69,transd,with_windows_removed_25pct,with_windows,25.0
70.0,0.5526583060767966,0.5526583060767966,v70,transd,with_windows_removed_25pct,with_windows,25.0
71.0,0.3931234417943474,0.3931234417943474,v71,transd,with_windows_removed_25pct,with_windows,25.0
72.0,0.7155408906691089,0.7155408906691089,v72,transd,with_windows_removed_25pct,with_windows,25.0
73.0,0.6656649560374355,0.6656649560374355,v73,transd,with_windows_removed_25pct,with_windows,25.0
74.0,0.4409422230376063,0.4409422230376063,v74,transd,with_windows_removed_25pct,with_windows,25.0
75.0,0.6964512433415232,0.6964512433415232,v75,transd,with_windows_removed_25pct,with_windows,25.0
76.0,0.5211424146458055,0.5211424146458055,v76,transd,with_windows_removed_25pct,with_windows,25.0
77.0,0.7450370731243415,0.7450370731243415,v77,transd,with_windows_removed_25pct,with_windows,25.0
78.0,0.555385993077506,0.555385993077506,v78,transd,with_windows_removed_25pct,with_windows,25.0
79.0,0.7383217361572147,0.7383217361572147,v79,transd,with_windows_removed_25pct,with_windows,25.0
80.0,0.6973537006712607,0.6973537006712607,v80,transd,with_windows_removed_25pct,with_windows,25.0
81.0,0.8020041486258257,0.8020041486258257,v81,transd,with_windows_removed_25pct,with_windows,25.0
82.0,0.7312727412515049,0.7312727412515049,v82,transd,with_windows_removed_25pct,with_windows,25.0
83.0,0.7285362366785586,0.7285362366785586,v83,transd,with_windows_removed_25pct,with_windows,25.0
84.0,0.8788795131785343,0.8788795131785343,v84,transd,with_windows_removed_25pct,with_windows,25.0
85.0,0.5993421860626286,0.5993421860626286,v85,transd,with_windows_removed_25pct,with_windows,25.0
86.0,0.6053924375898734,0.6053924375898734,v86,transd,with_windows_removed_25pct,with_windows,25.0
87.0,0.7696123296327444,0.7696123296327444,v87,transd,with_windows_removed_25pct,with_windows,25.0
88.0,0.7712043219541059,0.7712043219541059,v88,transd,with_windows_removed_25pct,with_windows,25.0
89.0,0.7076299361209449,0.7076299361209449,v89,transd,with_windows_removed_25pct,with_windows,25.0
90.0,0.7894496026327886,0.7894496026327886,v90,transd,with_windows_removed_25pct,with_windows,25.0
91.0,0.8221909415236179,0.8221909415236179,v91,transd,with_windows_removed_25pct,with_windows,25.0
92.0,0.788204897731257,0.788204897731257,v92,transd,with_windows_removed_25pct,with_windows,25.0
93.0,0.8652231619141094,0.8652231619141094,v93,transd,with_windows_removed_25pct,with_windows,25.0
94.0,0.8715091633904981,0.8715091633904981,v94,transd,with_windows_removed_25pct,with_windows,25.0
95.0,0.787107412643643,0.787107412643643,v95,transd,with_windows_removed_25pct,with_windows,25.0
96.0,0.8519310545314525,0.8519310545314525,v96,transd,with_windows_removed_25pct,with_windows,25.0
97.0,0.8069259456103681,0.8069259456103681,v97,transd,with_windows_removed_25pct,with_windows,25.0
98.0,0.849995887394679,0.849995887394679,v98,transd,with_windows_removed_25pct,with_windows,25.0
99.0,0.8150953539663561,0.8150953539663561,v99,transd,with_windows_removed_25pct,with_windows,25.0
100.0,0.9195152843923496,0.9195152843923496,v100,transd,with_windows_removed_25pct,with_windows,25.0
1.0,-0.8002831694693431,-0.8002831694693431,v1,transd,without_windows_removed_25pct,without_windows,25.0
2.0,-0.8150711497203134,-0.8150711497203134,v2,transd,without_windows_removed_25pct,without_windows,25.0
3.0,-0.7289857071378735,-0.7289857071378735,v3,transd,without_windows_removed_25pct,without_windows,25.0
4.0,-0.8138976882767514,-0.8138976882767514,v4,transd,without_windows_removed_25pct,without_windows,25.0
5.0,-0.7412315584462588,-0.7412315584462588,v5,transd,without_windows_removed_25pct,without_windows,25.0
6.0,-0.7804566928658354,-0.7804566928658354,v6,transd,without_windows_removed_25pct,without_windows,25.0
7.0,-0.7677955257769333,-0.7677955257769333,v7,transd,without_windows_removed_25pct,without_windows,25.0
8.0,-0.7102359653573067,-0.7102359653573067,v8,transd,without_windows_removed_25pct,without_windows,25.0
9.0,-0.6291447259822118,-0.6291447259822118,v9,transd,without_windows_removed_25pct,without_windows,25.0
10.0,-0.6464007350703151,-0.6464007350703151,v10,transd,without_windows_removed_25pct,without_windows,25.0
11.0,-0.7431517662212873,-0.7431517662212873,v11,transd,without_windows_removed_25pct,without_windows,25.0
12.0,-0.6505894534987693,-0.6505894534987693,v12,transd,without_windows_removed_25pct,without_windows,25.0
13.0,-0.7334149562938854,-0.7334149562938854,v13,transd,without_windows_removed_25pct,without_windows,25.0
14.0,-0.6896219899434678,-0.6896219899434678,v14,transd,without_windows_removed_25pct,without_windows,25.0
15.0,-0.6960939336860862,-0.6960939336860862,v15,transd,without_windows_removed_25pct,without_windows,25.0
16.0,-0.5714539323266198,-0.5714539323266198,v16,transd,without_windows_removed_25pct,without_windows,25.0
17.0,-0.7210146171866325,-0.7210146171866325,v17,transd,without_windows_removed_25pct,without_windows,25.0
18.0,-0.6866571251436385,-0.6866571251436385,v18,transd,without_windows_removed_25pct,without_windows,25.0
19.0,-0.6149338928785977,-0.6149338928785977,v19,transd,without_windows_removed_25pct,without_windows,25.0
20.0,-0.5927557896932851,-0.5927557896932851,v20,transd,without_windows_removed_25pct,without_windows,25.0
21.0,-0.6026613652061588,-0.6026613652061588,v21,transd,without_windows_removed_25pct,without_windows,25.0
22.0,-0.7182977378353581,-0.7182977378353581,v22,transd,without_windows_removed_25pct,without_windows,25.0
23.0,-0.6260299279536904,-0.6260299279536904,v23,transd,without_windows_removed_25pct,without_windows,25.0
24.0,-0.6364322335891586,-0.6364322335891586,v24,transd,without_windows_removed_25pct,without_windows,25.0
25.0,-0.5354937418330156,-0.5354937418330156,v25,transd,without_windows_removed_25pct,without_windows,25.0
26.0,-0.6619941324919421,-0.6619941324919421,v26,transd,without_windows_removed_25pct,without_windows,25.0
27.0,-0.5664998878260604,-0.5664998878260604,v27,transd,without_windows_removed_25pct,without_windows,25.0
28.0,-0.40546367145784545,-0.40546367145784545,v28,transd,without_windows_removed_25pct,without_windows,25.0
29.0,-0.5525502530898034,-0.5525502530898034,v29,transd,without_windows_removed_25pct,without_windows,25.0
30.0,-0.4239692269521547,-0.4239692269521547,v30,transd,without_windows_removed_25pct,without_windows,25.0
31.0,-0.4851600876574162,-0.4851600876574162,v31,transd,without_windows_removed_25pct,without_windows,25.0
32.0,-0.5264862793534412,-0.5264862793534412,v32,transd,without_windows_removed_25pct,without_windows,25.0
33.0,-0.376692178158277,-0.376692178158277,v33,transd,without_windows_removed_25pct,without_windows,25.0
34.0,-0.40767698448167095,-0.40767698448167095,v34,transd,without_windows_removed_25pct,without_windows,25.0
35.0,-0.4103154134219173,-0.4103154134219173,v35,transd,without_windows_removed_25pct,without_windows,25.0
36.0,-0.2153430216873102,-0.2153430216873102,v36,transd,without_windows_removed_25pct,without_windows,25.0
37.0,-0.4473243079853785,-0.4473243079853785,v37,transd,without_windows_removed_25pct,without_windows,25.0
38.0,-0.4409719754510798,-0.4409719754510798,v38,transd,without_windows_removed_25pct,without_windows,25.0
39.0,-0.387441067852817,-0.387441067852817,v39,transd,without_windows_removed_25pct,without_windows,25.0
40.0,-0.35310595298457076,-0.35310595298457076,v40,transd,without_windows_removed_25pct,without_windows,25.0
41.0,-0.3819404902981949,-0.3819404902981949,v41,transd,without_windows_removed_25pct,without_windows,25.0
42.0,-0.36230918810627133,-0.36230918810627133,v42,transd,without_windows_removed_25pct,without_windows,25.0
43.0,-0.301775976400197,-0.301775976400197,v43,transd,without_windows_removed_25pct,without_windows,25.0
44.0,-0.23645201790868148,-0.23645201790868148,v44,transd,without_windows_removed_25pct,without_windows,25.0
45.0,-0.340223569638495,-0.340223569638495,v45,transd,without_windows_removed_25pct,without_windows,25.0
46.0,-0.38561293739583424,-0.38561293739583424,v46,transd,without_windows_removed_25pct,without_windows,25.0
47.0,-0.32131982256532576,-0.32131982256532576,v47,transd,without_windows_removed_25pct,without_windows,25.0
48.0,-0.1648467153529867,-0.1648467153529867,v48,transd,without_windows_removed_25pct,without_windows,25.0
49.0,-0.20871014120896783,-0.20871014120896783,v49,transd,without_windows_removed_25pct,without_windows,25.0
50.0,-0.15718291287613487,-0.15718291287613487,v50,transd,without_windows_removed_25pct,without_windows,25.0
51.0,-0.10056129852764778,-0.10056129852764778,v51,transd,without_windows_removed_25pct,without_windows,25.0
52.0,0.11611352934951151,0.11611352934951151,v52,transd,without_windows_removed_25pct,without_windows,25.0
53.0,-0.037022182532562016,-0.037022182532562016,v53,transd,without_windows_removed_25pct,without_windows,25.0
54.0,0.04712209682518223,0.04712209682518223,v54,transd,without_windows_removed_25pct,without_windows,25.0
55.0,-0.002350519767488357,-0.002350519767488357,v55,transd,without_windows_removed_25pct,without_windows,25.0
56.0,0.07714923405896587,0.07714923405896587,v56,transd,without_windows_removed_25pct,without_windows,25.0
57.0,0.023899346607992443,0.023899346607992443,v57,transd,without_windows_removed_25pct,without_windows,25.0
58.0,0.14338047101231077,0.14338047101231077,v58,transd,without_windows_removed_25pct,without_windows,25.0
59.0,0.08738542941130965,0.08738542941130965,v59,transd,without_windows_removed_25pct,without_windows,25.0
60.0,0.007934722568192939,0.007934722568192939,v60,transd,without_windows_removed_25pct,without_windows,25.0
61.0,-0.1427679455629991,-0.1427679455629991,v61,transd,without_windows_removed_25pct,without_windows,25.0
62.0,0.04198556050744759,0.04198556050744759,v62,transd,without_windows_removed_25pct,without_windows,25.0
63.0,0.22213858353883334,0.22213858353883334,v63,transd,without_windows_removed_25pct,without_windows,25.0
64.0,0.26470031836063784,0.26470031836063784,v64,transd,without_windows_removed_25pct,without_windows,25.0
65.0,0.3509013699259795,0.3509013699259795,v65,transd,without_windows_removed_25pct,without_windows,25.0
66.0,0.17890534003690026,0.17890534003690026,v66,transd,without_windows_removed_25pct,without_windows,25.0
67.0,0.5083279038316878,0.5083279038316878,v67,transd,without_windows_removed_25pct,without_windows,25.0
68.0,0.6310571115181679,0.6310571115181679,v68,transd,without_windows_removed_25pct,without_windows,25.0
69.0,0.4407928558025614,0.4407928558025614,v69,transd,without_windows_removed_25pct,without_windows,25.0
70.0,0.2534908776654247,0.2534908776654247,v70,transd,without_windows_removed_25pct,without_windows,25.0
71.0,0.4482833533714848,0.4482833533714848,v71,transd,without_windows_removed_25pct,without_windows,25.0
72.0,0.4871210105413029,0.4871210105413029,v72,transd,without_windows_removed_25pct,without_windows,25.0
73.0,0.7154464149678295,0.7154464149678295,v73,transd,without_windows_removed_25pct,without_windows,25.0
74.0,0.7868945138866532,0.7868945138866532,v74,transd,without_windows_removed_25pct,without_windows,25.0
75.0,0.5946982268130435,0.5946982268130435,v75,transd,without_windows_removed_25pct,without_windows,25.0
76.0,0.7406769111489706,0.7406769111489706,v76,transd,without_windows_removed_25pct,without_windows,25.0
77.0,0.7881702090222927,0.7881702090222927,v77,transd,without_windows_removed_25pct,without_windows,25.0
78.0,0.6429621975791783,0.6429621975791783,v78,transd,without_windows_removed_25pct,without_windows,25.0
79.0,0.536397143053758,0.536397143053758,v79,transd,without_windows_removed_25pct,without_windows,25.0
80.0,0.8299889105232697,0.8299889105232697,v80,transd,without_windows_removed_25pct,without_windows,25.0
81.0,0.5260853568372406,0.5260853568372406,v81,transd,without_windows_removed_25pct,without_windows,25.0
82.0,0.7754824949422074,0.7754824949422074,v82,transd,without_windows_removed_25pct,without_windows,25.0
83.0,0.8554767380375236,0.8554767380375236,v83,transd,without_windows_removed_25pct,without_windows,25.0
84.0,0.6456252429486988,0.6456252429486988,v84,transd,without_windows_removed_25pct,without_windows,25.0
85.0,0.7146281139149401,0.7146281139149401,v85,transd,without_windows_removed_25pct,without_windows,25.0
86.0,0.9498512977473845,0.9498512977473845,v86,transd,without_windows_removed_25pct,without_windows,25.0
87.0,0.8336963604629157,0.8336963604629157,v87,transd,without_windows_removed_25pct,without_windows,25.0
88.0,0.6719223906429878,0.6719223906429878,v88,transd,without_windows_removed_25pct,without_windows,25.0
89.0,0.8939065196994704,0.8939065196994704,v89,transd,without_windows_removed_25pct,without_windows,25.0
90.0,0.9277401161955043,0.9277401161955043,v90,transd,without_windows_removed_25pct,without_windows,25.0
91.0,0.7993863081319079,0.7993863081319079,v91,transd,without_windows_removed_25pct,without_windows,25.0
92.0,0.9295897051051724,0.9295897051051724,v92,transd,without_windows_removed_25pct,without_windows,25.0
93.0,0.9004044079340366,0.9004044079340366,v93,transd,without_windows_removed_25pct,without_windows,25.0
94.0,0.979170123443906,0.979170123443906,v94,transd,without_windows_removed_25pct,without_windows,25.0
95.0,0.8112081653240666,0.8112081653240666,v95,transd,without_windows_removed_25pct,without_windows,25.0
96.0,0.93591669296446,0.93591669296446,v96,transd,without_windows_removed_25pct,without_windows,25.0
97.0,0.9775348994388185,0.9775348994388185,v97,transd,without_windows_removed_25pct,without_windows,25.0
98.0,0.9018113011394767,0.9018113011394767,v98,transd,without_windows_removed_25pct,without_windows,25.0
99.0,1.0111745170464805,1.0111745170464805,v99,transd,without_windows_removed_25pct,without_windows,25.0
100.0,1.0496411465001818,1.0496411465001818,v100,transd,without_windows_removed_25pct,without_windows,25.0
1.0,0.9088824130637191,-0.9088824130637191,v1,transd,with_windows_removed_50pct,with_windows,50.0
2.0,0.8574844854680469,-0.8574844854680469,v2,transd,with_windows_removed_50pct,with_windows,50.0
3.0,0.8660587935706576,-0.8660587935706576,v3,transd,with_windows_removed_50pct,with_windows,50.0
4.0,0.8045225663543976,-0.8045225663543976,v4,transd,with_windows_removed_50pct,with_windows,50.0
5.0,0.7646262841144366,-0.7646262841144366,v5,transd,with_windows_removed_50pct,with_windows,50.0
6.0,0.8112608009942789,-0.8112608009942789,v6,transd,with_windows_removed_50pct,with_windows,50.0
7.0,0.9075216162250941,-0.9075216162250941,v7,transd,with_windows_removed_50pct,with_windows,50.0
8.0,0.922484723353143,-0.922484723353143,v8,transd,with_windows_removed_50pct,with_windows,50.0
9.0,0.8799987253974743,-0.8799987253974743,v9,transd,with_windows_removed_50pct,with_windows,50.0
10.0,0.8050791762975519,-0.8050791762975519,v10,transd,with_windows_removed_50pct,with_windows,50.0
11.0,0.7723097878092571,-0.7723097878092571,v11,transd,with_windows_removed_50pct,with_windows,50.0
12.0,0.7371260897857589,-0.7371260897857589,v12,transd,with_windows_removed_50pct,with_windows,50.0
13.0,0.7321068115487178,-0.7321068115487178,v13,transd,with_windows_removed_50pct,with_windows,50.0
14.0,0.8110131446627742,-0.8110131446627742,v14,transd,with_windows_removed_50pct,with_windows,50.0
15.0,0.725745027707511,-0.725745027707511,v15,transd,with_windows_removed_50pct,with_windows,50.0
16.0,0.6291337292465358,-0.6291337292465358,v16,transd,with_windows_removed_50pct,with_windows,50.0
17.0,0.769650994578872,-0.769650994578872,v17,transd,with_windows_removed_50pct,with_windows,50.0
18.0,0.6107830586306289,-0.6107830586306289,v18,transd,with_windows_removed_50pct,with_windows,50.0
19.0,0.7419692513938747,-0.7419692513938747,v19,transd,with_windows_removed_50pct,with_windows,50.0
20.0,0.7189313743310508,-0.7189313743310508,v20,transd,with_windows_removed_50pct,with_windows,50.0
21.0,0.7312090744813281,-0.7312090744813281,v21,transd,with_windows_removed_50pct,with_windows,50.0
22.0,0.7571653055305656,-0.7571653055305656,v22,transd,with_windows_removed_50pct,with_windows,50.0
23.0,0.769446485986601,-0.769446485986601,v23,transd,with_windows_removed_50pct,with_windows,50.0
24.0,0.7443753967191222,-0.7443753967191222,v24,transd,with_windows_removed_50pct,with_windows,50.0
25.0,0.8488384655257653,-0.8488384655257653,v25,transd,with_windows_removed_50pct,with_windows,50.0
26.0,0.364945570172047,-0.364945570172047,v26,transd,with_windows_removed_50pct,with_windows,50.0
27.0,0.519752313555149,-0.519752313555149,v27,transd,with_windows_removed_50pct,with_windows,50.0
28.0,0.5644335283924026,-0.5644335283924026,v28,transd,with_windows_removed_50pct,with_windows,50.0
29.0,0.460031925738387,-0.460031925738387,v29,transd,with_windows_removed_50pct,with_windows,50.0
30.0,0.71117935481668,-0.71117935481668,v30,transd,with_windows_removed_50pct,with_windows,50.0
31.0,0.4523631037335602,-0.4523631037335602,v31,transd,with_windows_removed_50pct,with_windows,50.0
32.0,0.5500743802740605,-0.5500743802740605,v32,transd,with_windows_removed_50pct,with_windows,50.0
33.0,0.5382977995460949,-0.5382977995460949,v33,transd,with_windows_removed_50pct,with_windows,50.0
34.0,0.5638988207402378,-0.5638988207402378,v34,transd,with_windows_removed_50pct,with_windows,50.0
35.0,0.4054022070556862,-0.4054022070556862,v35,transd,with_windows_removed_50pct,with_windows,50.0
36.0,0.5767927259558329,-0.5767927259558329,v36,transd,with_windows_removed_50pct,with_windows,50.0
37.0,0.7285492601302849,-0.7285492601302849,v37,transd,with_windows_removed_50pct,with_windows,50.0
38.0,0.38611924834216454,-0.38611924834216454,v38,transd,with_windows_removed_50pct,with_windows,50.0
39.0,0.23806039058020362,-0.23806039058020362,v39,transd,with_windows_removed_50pct,with_windows,50.0
40.0,0.32769700761627274,-0.32769700761627274,v40,transd,with_windows_removed_50pct,with_windows,50.0
41.0,0.23220505310174216,-0.23220505310174216,v41,transd,with_windows_removed_50pct,with_windows,50.0
42.0,0.3549044107807973,-0.3549044107807973,v42,transd,with_windows_removed_50pct,with_windows,50.0
43.0,0.1963462726123015,-0.1963462726123015,v43,transd,with_windows_removed_50pct,with_windows,50.0
44.0,0.1926149625693115,-0.1926149625693115,v44,transd,with_windows_removed_50pct,with_windows,50.0
45.0,0.1922334285430815,-0.1922334285430815,v45,transd,with_windows_removed_50pct,with_windows,50.0
46.0,0.009029309596808071,-0.009029309596808071,v46,transd,with_windows_removed_50pct,with_windows,50.0
47.0,0.1876960352203953,-0.1876960352203953,v47,transd,with_windows_removed_50pct,with_windows,50.0
48.0,0.04367652053508209,-0.04367652053508209,v48,transd,with_windows_removed_50pct,with_windows,50.0
49.0,0.20513286100269382,-0.20513286100269382,v49,transd,with_windows_removed_50pct,with_windows,50.0
50.0,0.19682103095398643,-0.19682103095398643,v50,transd,with_windows_removed_50pct,with_windows,50.0
51.0,-0.1805644086912425,0.1805644086912425,v51,transd,with_windows_removed_50pct,with_windows,50.0
52.0,-0.22891688307230712,0.22891688307230712,v52,transd,with_windows_removed_50pct,with_windows,50.0
53.0,-0.1941784676543582,0.1941784676543582,v53,transd,with_windows_removed_50pct,with_windows,50.0
54.0,-0.32756254299535326,0.32756254299535326,v54,transd,with_windows_removed_50pct,with_windows,50.0
55.0,-0.003318343924716086,0.003318343924716086,v55,transd,with_windows_removed_50pct,with_windows,50.0
56.0,-0.3801580320254035,0.3801580320254035,v56,transd,with_windows_removed_50pct,with_windows,50.0
57.0,-0.023125200714653786,0.023125200714653786,v57,transd,with_windows_removed_50pct,with_windows,50.0
58.0,-0.11352961160893561,0.11352961160893561,v58,transd,with_windows_removed_50pct,with_windows,50.0
59.0,-0.3158102692294559,0.3158102692294559,v59,transd,with_windows_removed_50pct,with_windows,50.0
60.0,-0.17198605088153135,0.17198605088153135,v60,transd,with_windows_removed_50pct,with_windows,50.0
61.0,0.05488773168109205,-0.05488773168109205,v61,transd,with_windows_removed_50pct,with_windows,50.0
62.0,-0.44914303060684013,0.44914303060684013,v62,transd,with_windows_removed_50pct,with_windows,50.0
63.0,-0.5539283176278027,0.5539283176278027,v63,transd,with_windows_removed_50pct,with_windows,50.0
64.0,-0.23602029429841406,0.23602029429841406,v64,transd,with_windows_removed_50pct,with_windows,50.0
65.0,-0.35702153406963133,0.35702153406963133,v65,transd,with_windows_removed_50pct,with_windows,50.0
66.0,-0.5520633481987972,0.5520633481987972,v66,transd,with_windows_removed_50pct,with_windows,50.0
67.0,-0.39798204775280427,0.39798204775280427,v67,transd,with_windows_removed_50pct,with_windows,50.0
68.0,-0.5983082724083632,0.5983082724083632,v68,transd,with_windows_removed_50pct,with_windows,50.0
69.0,-0.62602136281252,0.62602136281252,v69,transd,with_windows_removed_50pct,with_windows,50.0
70.0,-0.7183842609614913,0.7183842609614913,v70,transd,with_windows_removed_50pct,with_windows,50.0
71.0,-0.4051577225517069,0.4051577225517069,v71,transd,with_windows_removed_50pct,with_windows,50.0
72.0,-0.6426509718135018,0.6426509718135018,v72,transd,with_windows_removed_50pct,with_windows,50.0
73.0,-0.7613260345955841,0.7613260345955841,v73,transd,with_windows_removed_50pct,with_windows,50.0
74.0,-0.7600221853251627,0.7600221853251627,v74,transd,with_windows_removed_50pct,with_windows,50.0
75.0,-0.5727181350873726,0.5727181350873726,v75,transd,with_windows_removed_50pct,with_windows,50.0
76.0,-0.7323302351426721,0.7323302351426721,v76,transd,with_windows_removed_50pct,with_windows,50.0
77.0,-0.6809110912802946,0.6809110912802946,v77,transd,with_windows_removed_50pct,with_windows,50.0
78.0,-0.5873172120837654,0.5873172120837654,v78,transd,with_windows_removed_50pct,with_windows,50.0
79.0,-0.6993195948161866,0.6993195948161866,v79,transd,with_windows_removed_50pct,with_windows,50.0
80.0,-0.7377003406609964,0.7377003406609964,v80,transd,with_windows_removed_50pct,with_windows,50.0
81.0,-0.6820312815194185,0.6820312815194185,v81,transd,with_windows_removed_50pct,with_windows,50.0
82.0,-0.6674583637662848,0.6674583637662848,v82,transd,with_windows_removed_50pct,with_windows,50.0
83.0,-0.8216856330627829,0.8216856330627829,v83,transd,with_windows_removed_50pct,with_windows,50.0
84.0,-0.8253180647760989,0.8253180647760989,v84,transd,with_windows_removed_50pct,with_windows,50.0
85.0,-0.7986934362489946,0.7986934362489946,v85,transd,with_windows_removed_50pct,with_windows,50.0
86.0,-0.7397764376370574,0.7397764376370574,v86,transd,with_windows_removed_50pct,with_windows,50.0
87.0,-0.6999565737614076,0.6999565737614076,v87,transd,with_windows_removed_50pct,with_windows,50.0
88.0,-0.7293410034958385,0.7293410034958385,v88,transd,with_windows_removed_50pct,with_windows,50.0
89.0,-0.8005380349875695,0.8005380349875695,v89,transd,with_windows_removed_50pct,with_windows,50.0
90.0,-0.7044794495064748,0.7044794495064748,v90,transd,with_windows_removed_50pct,with_windows,50.0
91.0,-0.8424897280007307,0.8424897280007307,v91,transd,with_windows_removed_50pct,with_windows,50.0
92.0,-0.8465942327266309,0.8465942327266309,v92,transd,with_windows_removed_50pct,with_windows,50.0
93.0,-0.8525651202401162,0.8525651202401162,v93,transd,with_windows_removed_50pct,with_windows,50.0
94.0,-0.8053514435094581,0.8053514435094581,v94,transd,with_windows_removed_50pct,with_windows,50.0
95.0,-0.7415421607468115,0.7415421607468115,v95,transd,with_windows_removed_50pct,with_windows,50.0
96.0,-0.8906655468054353,0.8906655468054353,v96,transd,with_windows_removed_50pct,with_windows,50.0
97.0,-0.8587782906973354,0.8587782906973354,v97,transd,with_windows_removed_50pct,with_windows,50.0
98.0,-0.8757415592324096,0.8757415592324096,v98,transd,with_windows_removed_50pct,with_windows,50.0
99.0,-0.7999217864619107,0.7999217864619107,v99,transd,with_windows_removed_50pct,with_windows,50.0
100.0,-0.8904648859488917,0.8904648859488917,v100,transd,with_windows_removed_50pct,with_windows,50.0
1.0,0.8016393984698159,-0.8016393984698159,v1,transd,without_windows_removed_50pct,without_windows,50.0
2.0,0.8142146397238524,-0.8142146397238524,v2,transd,without_windows_removed_50pct,without_windows,50.0
3.0,0.7956299308803008,-0.7956299308803008,v3,transd,without_windows_removed_50pct,without_windows,50.0
4.0,0.7880870625638349,-0.7880870625638349,v4,transd,without_windows_removed_50pct,without_windows,50.0
5.0,0.7619148862175044,-0.7619148862175044,v5,transd,without_windows_removed_50pct,without_windows,50.0
6.0,0.7564120035699743,-0.7564120035699743,v6,transd,without_windows_removed_50pct,without_windows,50.0
7.0,0.6410788964927226,-0.6410788964927226,v7,transd,without_windows_removed_50pct,without_windows,50.0
8.0,0.6176623772520591,-0.6176623772520591,v8,transd,without_windows_removed_50pct,without_windows,50.0
9.0,0.7639103366587022,-0.7639103366587022,v9,transd,without_windows_removed_50pct,without_windows,50.0
10.0,0.7551146893931924,-0.7551146893931924,v10,transd,without_windows_removed_50pct,without_windows,50.0
11.0,0.7012846106161501,-0.7012846106161501,v11,transd,without_windows_removed_50pct,without_windows,50.0
12.0,0.6807133448845551,-0.6807133448845551,v12,transd,without_windows_removed_50pct,without_windows,50.0
13.0,0.6905139508325586,-0.6905139508325586,v13,transd,without_windows_removed_50pct,without_windows,50.0
14.0,0.7050083117287351,-0.7050083117287351,v14,transd,without_windows_removed_50pct,without_windows,50.0
15.0,0.648537206135874,-0.648537206135874,v15,transd,without_windows_removed_50pct,without_windows,50.0
16.0,0.6813064495345583,-0.6813064495345583,v16,transd,without_windows_removed_50pct,without_windows,50.0
17.0,0.7060246800807505,-0.7060246800807505,v17,transd,without_windows_removed_50pct,without_windows,50.0
18.0,0.6349035536415886,-0.6349035536415886,v18,transd,without_windows_removed_50pct,without_windows,50.0
19.0,0.7352016721294113,-0.7352016721294113,v19,transd,without_windows_removed_50pct,without_windows,50.0
20.0,0.56851264226542,-0.56851264226542,v20,transd,without_windows_removed_50pct,without_windows,50.0
21.0,0.6546249641885703,-0.6546249641885703,v21,transd,without_windows_removed_50pct,without_windows,50.0
22.0,0.7038128206320546,-0.7038128206320546,v22,transd,without_windows_removed_50pct,without_windows,50.0
23.0,0.6583526509623229,-0.6583526509623229,v23,transd,without_windows_removed_50pct,without_windows,50.0
24.0,0.6749162596414083,-0.6749162596414083,v24,transd,without_windows_removed_50pct,without_windows,50.0
25.0,0.6568605648770175,-0.6568605648770175,v25,transd,without_windows_removed_50pct,without_windows,50.0
26.0,0.47682490381924186,-0.47682490381924186,v26,transd,without_windows_removed_50pct,without_windows,50.0
27.0,0.5715082674987467,-0.5715082674987467,v27,transd,without_windows_removed_50pct,without_windows,50.0
28.0,0.6512523894631159,-0.6512523894631159,v28,transd,without_windows_removed_50pct,without_windows,50.0
29.0,0.48388511992042876,-0.48388511992042876,v29,transd,without_windows_removed_50pct,without_windows,50.0
30.0,0.7559144281766177,-0.7559144281766177,v30,transd,without_windows_removed_50pct,without_windows,50.0
31.0,0.48615480250883564,-0.48615480250883564,v31,transd,without_windows_removed_50pct,without_windows,50.0
32.0,0.4871298796075083,-0.4871298796075083,v32,transd,without_windows_removed_50pct,without_windows,50.0
33.0,0.4687066546931186,-0.4687066546931186,v33,transd,without_windows_removed_50pct,without_windows,50.0
34.0,0.4133943214766538,-0.4133943214766538,v34,transd,without_windows_removed_50pct,without_windows,50.0
35.0,0.562552377200675,-0.562552377200675,v35,transd,without_windows_removed_50pct,without_windows,50.0
36.0,0.22474142537144776,-0.22474142537144776,v36,transd,without_windows_removed_50pct,without_windows,50.0
37.0,0.265962719140986,-0.265962719140986,v37,transd,without_windows_removed_50pct,without_windows,50.0
38.0,0.352721997837093,-0.352721997837093,v38,transd,without_windows_removed_50pct,without_windows,50.0
39.0,0.25907192510755034,-0.25907192510755034,v39,transd,without_windows_removed_50pct,without_windows,50.0
40.0,0.10625205597691967,-0.10625205597691967,v40,transd,without_windows_removed_50pct,without_windows,50.0
41.0,0.49831558234829765,-0.49831558234829765,v41,transd,without_windows_removed_50pct,without_windows,50.0
42.0,0.4567014292193029,-0.4567014292193029,v42,transd,without_windows_removed_50pct,without_windows,50.0
43.0,0.29053793186120985,-0.29053793186120985,v43,transd,without_windows_removed_50pct,without_windows,50.0
44.0,0.11267595164413868,-0.11267595164413868,v44,transd,without_windows_removed_50pct,without_windows,50.0
45.0,0.2726776527427945,-0.2726776527427945,v45,transd,without_windows_removed_50pct,without_windows,50.0
46.0,0.13208499279705455,-0.13208499279705455,v46,transd,without_windows_removed_50pct,without_windows,50.0
47.0,0.03685327849455928,-0.03685327849455928,v47,transd,without_windows_removed_50pct,without_windows,50.0
48.0,0.27063586437701087,-0.27063586437701087,v48,transd,without_windows_removed_50pct,without_windows,50.0
49.0,0.28797858666160364,-0.28797858666160364,v49,transd,without_windows_removed_50pct,without_windows,50.0
50.0,-0.07676308653047166,0.07676308653047166,v50,transd,without_windows_removed_50pct,without_windows,50.0
51.0,-0.003386603286804259,0.003386603286804259,v51,transd,without_windows_removed_50pct,without_windows,50.0
52.0,0.22680098876808227,-0.22680098876808227,v52,transd,without_windows_removed_50pct,without_windows,50.0
53.0,0.007926924412807632,-0.007926924412807632,v53,transd,without_windows_removed_50pct,without_windows,50.0
54.0,0.004703004493041993,-0.004703004493041993,v54,transd,without_windows_removed_50pct,without_windows,50.0
55.0,0.21419385531269217,-0.21419385531269217,v55,transd,without_windows_removed_50pct,without_windows,50.0
56.0,0.09717423014583429,-0.09717423014583429,v56,transd,without_windows_removed_50pct,without_windows,50.0
57.0,-0.05056756290230455,0.05056756290230455,v57,transd,without_windows_removed_50pct,without_windows,50.0
58.0,-0.1290849286589063,0.1290849286589063,v58,transd,without_windows_removed_50pct,without_windows,50.0
59.0,0.12380762496367369,-0.12380762496367369,v59,transd,without_windows_removed_50pct,without_windows,50.0
60.0,-0.31943504925332517,0.31943504925332517,v60,transd,without_windows_removed_50pct,without_windows,50.0
61.0,0.02940695956354772,-0.02940695956354772,v61,transd,without_windows_removed_50pct,without_windows,50.0
62.0,-0.35053959329127016,0.35053959329127016,v62,transd,without_windows_removed_50pct,without_windows,50.0
63.0,-0.4863491884528818,0.4863491884528818,v63,transd,without_windows_removed_50pct,without_windows,50.0
64.0,-0.20577763328050427,0.20577763328050427,v64,transd,without_windows_removed_50pct,without_windows,50.0
65.0,-0.27270542624527394,0.27270542624527394,v65,transd,without_windows_removed_50pct,without_windows,50.0
66.0,-0.23886997478831737,0.23886997478831737,v66,transd,without_windows_removed_50pct,without_windows,50.0
67.0,-0.44847887757329985,0.44847887757329985,v67,transd,without_windows_removed_50pct,without_windows,50.0
68.0,-0.27550788501538215,0.27550788501538215,v68,transd,without_windows_removed_50pct,without_windows,50.0
69.0,-0.32147254941799436,0.32147254941799436,v69,transd,without_windows_removed_50pct,without_windows,50.0
70.0,-0.3225016703180626,0.3225016703180626,v70,transd,without_windows_removed_50pct,without_windows,50.0
71.0,-0.40952516830067437,0.40952516830067437,v71,transd,without_windows_removed_50pct,without_windows,50.0
72.0,-0.40524450018619784,0.40524450018619784,v72,transd,without_windows_removed_50pct,without_windows,50.0
73.0,-0.3480515453404979,0.3480515453404979,v73,transd,without_windows_removed_50pct,without_windows,50.0
74.0,-0.7420897209530556,0.7420897209530556,v74,transd,without_windows_removed_50pct,without_windows,50.0
75.0,-0.3534416184892492,0.3534416184892492,v75,transd,without_windows_removed_50pct,without_windows,50.0
76.0,-0.7663502493060241,0.7663502493060241,v76,transd,without_windows_removed_50pct,without_windows,50.0
77.0,-0.8471564955298214,0.8471564955298214,v77,transd,without_windows_removed_50pct,without_windows,50.0
78.0,-0.6256387349586346,0.6256387349586346,v78,transd,without_windows_removed_50pct,without_windows,50.0
79.0,-0.5727155168576471,0.5727155168576471,v79,transd,without_windows_removed_50pct,without_windows,50.0
80.0,-0.7474094892990946,0.7474094892990946,v80,transd,without_windows_removed_50pct,without_windows,50.0
81.0,-0.6783369666602389,0.6783369666602389,v81,transd,without_windows_removed_50pct,without_windows,50.0
82.0,-0.7338099004519931,0.7338099004519931,v82,transd,without_windows_removed_50pct,without_windows,50.0
83.0,-0.774883964411796,0.774883964411796,v83,transd,without_windows_removed_50pct,without_windows,50.0
84.0,-0.6588046889055074,0.6588046889055074,v84,transd,without_windows_removed_50pct,without_windows,50.0
85.0,-0.9547891606836857,0.9547891606836857,v85,transd,without_windows_removed_50pct,without_windows,50.0
86.0,-0.9979667685367926,0.9979667685367926,v86,transd,without_windows_removed_50pct,without_windows,50.0
87.0,-0.8177764431480994,0.8177764431480994,v87,transd,without_windows_removed_50pct,without_windows,50.0
88.0,-0.9019244462058914,0.9019244462058914,v88,transd,without_windows_removed_50pct,without_windows,50.0
89.0,-0.9375282289018608,0.9375282289018608,v89,transd,without_windows_removed_50pct,without_windows,50.0
90.0,-0.9033439148163496,0.9033439148163496,v90,transd,without_windows_removed_50pct,without_windows,50.0
91.0,-0.7637853811996831,0.7637853811996831,v91,transd,without_windows_removed_50pct,without_windows,50.0
92.0,-0.9629597247755386,0.9629597247755386,v92,transd,without_windows_removed_50pct,without_windows,50.0
93.0,-0.9202241161597619,0.9202241161597619,v93,transd,without_windows_removed_50pct,without_windows,50.0
94.0,-0.9155256955495074,0.9155256955495074,v94,transd,without_windows_removed_50pct,without_windows,50.0
95.0,-0.957359302524206,0.957359302524206,v95,transd,without_windows_removed_50pct,without_windows,50.0
96.0,-1.0239232175156223,1.0239232175156223,v96,transd,without_windows_removed_50pct,without_windows,50.0
97.0,-1.0009902987302557,1.0009902987302557,v97,transd,without_windows_removed_50pct,without_windows,50.0
98.0,-0.9653264067429123,0.9653264067429123,v98,transd,without_windows_removed_50pct,without_windows,50.0
99.0,-0.9653843864387821,0.9653843864387821,v99,transd,without_windows_removed_50pct,without_windows,50.0
100.0,-1.0710799483833442,1.0710799483833442,v100,transd,without_windows_removed_50pct,without_windows,50.0
1.0,0.8648957410313375,-0.8648957410313375,v1,transd,with_windows_removed_75pct,with_windows,75.0
2.0,0.8665974634276307,-0.8665974634276307,v2,transd,with_windows_removed_75pct,with_windows,75.0
3.0,0.8735010914668503,-0.8735010914668503,v3,transd,with_windows_removed_75pct,with_windows,75.0
4.0,0.8099224930473768,-0.8099224930473768,v4,transd,with_windows_removed_75pct,with_windows,75.0
5.0,0.8603264738844132,-0.8603264738844132,v5,transd,with_windows_removed_75pct,with_windows,75.0
6.0,0.7309633853395728,-0.7309633853395728,v6,transd,with_windows_removed_75pct,with_windows,75.0
7.0,0.874636559696225,-0.874636559696225,v7,transd,with_windows_removed_75pct,with_windows,75.0
8.0,0.8446927790054886,-0.8446927790054886,v8,transd,with_windows_removed_75pct,with_windows,75.0
9.0,0.825577662217978,-0.825577662217978,v9,transd,with_windows_removed_75pct,with_windows,75.0
10.0,0.8189832398053937,-0.8189832398053937,v10,transd,with_windows_removed_75pct,with_windows,75.0
11.0,0.7883980105015035,-0.7883980105015035,v11,transd,with_windows_removed_75pct,with_windows,75.0
12.0,0.8250569618538957,-0.8250569618538957,v12,transd,with_windows_removed_75pct,with_windows,75.0
13.0,0.8204034520298424,-0.8204034520298424,v13,transd,with_windows_removed_75pct,with_windows,75.0
14.0,0.8160775321152897,-0.8160775321152897,v14,transd,with_windows_removed_75pct,with_windows,75.0
15.0,0.9064340915823468,-0.9064340915823468,v15,transd,with_windows_removed_75pct,with_windows,75.0
16.0,0.8353506351217073,-0.8353506351217073,v16,transd,with_windows_removed_75pct,with_windows,75.0
17.0,0.7901672218039176,-0.7901672218039176,v17,transd,with_windows_removed_75pct,with_windows,75.0
18.0,0.7551821543633533,-0.7551821543633533,v18,transd,with_windows_removed_75pct,with_windows,75.0
19.0,0.7787109640883662,-0.7787109640883662,v19,transd,with_windows_removed_75pct,with_windows,75.0
20.0,0.7519937087267629,-0.7519937087267629,v20,transd,with_windows_removed_75pct,with_windows,75.0
21.0,0.7979707360068062,-0.7979707360068062,v21,transd,with_windows_removed_75pct,with_windows,75.0
22.0,0.7840654790484735,-0.7840654790484735,v22,transd,with_windows_removed_75pct,with_windows,75.0
23.0,0.6363624743976346,-0.6363624743976346,v23,transd,with_windows_removed_75pct,with_windows,75.0
24.0,0.725054814918119,-0.725054814918119,v24,transd,with_windows_removed_75pct,with_windows,75.0
25.0,0.7425624690561057,-0.7425624690561057,v25,transd,with_windows_removed_75pct,with_windows,75.0
26.0,0.5776955293176091,-0.5776955293176091,v26,transd,with_windows_removed_75pct,with_windows,75.0
27.0,0.5652357603290126,-0.5652357603290126,v27,transd,with_windows_removed_75pct,with_windows,75.0
28.0,0.4866320278524744,-0.4866320278524744,v28,transd,with_windows_removed_75pct,with_windows,75.0
29.0,0.5592079999387904,-0.5592079999387904,v29,transd,with_windows_removed_75pct,with_windows,75.0
30.0,0.45260947746973157,-0.45260947746973157,v30,transd,with_windows_removed_75pct,with_windows,75.0
31.0,0.6056579791500109,-0.6056579791500109,v31,transd,with_windows_removed_75pct,with_windows,75.0
32.0,0.5569700187801481,-0.5569700187801481,v32,transd,with_windows_removed_75pct,with_windows,75.0
33.0,0.6836684018160007,-0.6836684018160007,v33,transd,with_windows_removed_75pct,with_windows,75.0
34.0,0.7405475878697265,-0.7405475878697265,v34,transd,with_windows_removed_75pct,with_windows,75.0
35.0,0.5239086465022657,-0.5239086465022657,v35,transd,with_windows_removed_75pct,with_windows,75.0
36.0,0.7130875329213343,-0.7130875329213343,v36,transd,with_windows_removed_75pct,with_windows,75.0
37.0,0.19136159025010252,-0.19136159025010252,v37,transd,with_windows_removed_75pct,with_windows,75.0
38.0,0.45194381370376646,-0.45194381370376646,v38,transd,with_windows_removed_75pct,with_windows,75.0
39.0,0.1720589614346256,-0.1720589614346256,v39,transd,with_windows_removed_75pct,with_windows,75.0
40.0,0.3412938171421225,-0.3412938171421225,v40,transd,with_windows_removed_75pct,with_windows,75.0
41.0,0.27123522274093076,-0.27123522274093076,v41,transd,with_windows_removed_75pct,with_windows,75.0
42.0,0.41453890034807883,-0.41453890034807883,v42,transd,with_windows_removed_75pct,with_windows,75.0
43.0,-0.0067451744389984665,0.0067451744389984665,v43,transd,with_windows_removed_75pct,with_windows,75.0
44.0,0.48566746342800776,-0.48566746342800776,v44,transd,with_windows_removed_75pct,with_windows,75.0
45.0,0.24637806061729672,-0.24637806061729672,v45,transd,with_windows_removed_75pct,with_windows,75.0
46.0,-0.005251821545343565,0.005251821545343565,v46,transd,with_windows_removed_75pct,with_windows,75.0
47.0,0.35949293605163807,-0.35949293605163807,v47,transd,with_windows_removed_75pct,with_windows,75.0
48.0,0.3080334075636309,-0.3080334075636309,v48,transd,with_windows_removed_75pct,with_windows,75.0
49.0,-0.11772722571093995,0.11772722571093995,v49,transd,with_windows_removed_75pct,with_windows,75.0
50.0,0.020215101140254727,-0.020215101140254727,v50,transd,with_windows_removed_75pct,with_windows,75.0
51.0,-0.21976485174968077,0.21976485174968077,v51,transd,with_windows_removed_75pct,with_windows,75.0
52.0,-0.17426637100280476,0.17426637100280476,v52,transd,with_windows_removed_75pct,with_windows,75.0
53.0,-0.2799445733516414,0.2799445733516414,v53,transd,with_windows_removed_75pct,with_windows,75.0
54.0,-0.09855294486620696,0.09855294486620696,v54,transd,with_windows_removed_75pct,with_windows,75.0
55.0,-0.33378380227535376,0.33378380227535376,v55,transd,with_windows_removed_75pct,with_windows,75.0
56.0,-0.30708392929462447,0.30708392929462447,v56,transd,with_windows_removed_75pct,with_windows,75.0
57.0,-0.3857213244443335,0.3857213244443335,v57,transd,with_windows_removed_75pct,with_windows,75.0
58.0,0.03596566319722948,-0.03596566319722948,v58,transd,with_windows_removed_75pct,with_windows,75.0
59.0,-0.2732100857444223,0.2732100857444223,v59,transd,with_windows_removed_75pct,with_windows,75.0
60.0,-0.326237302813981,0.326237302813981,v60,transd,with_windows_removed_75pct,with_windows,75.0
61.0,-0.5087945749921844,0.5087945749921844,v61,transd,with_windows_removed_75pct,with_windows,75.0
62.0,-0.2927691084882941,0.2927691084882941,v62,transd,with_windows_removed_75pct,with_windows,75.0
63.0,-0.25411789558289216,0.25411789558289216,v63,transd,with_windows_removed_75pct,with_windows,75.0
64.0,-0.46204892673845377,0.46204892673845377,v64,transd,with_windows_removed_75pct,with_windows,75.0
65.0,-0.21516518017070244,0.21516518017070244,v65,transd,with_windows_removed_75pct,with_windows,75.0
66.0,-0.7068358734418619,0.7068358734418619,v66,transd,with_windows_removed_75pct,with_windows,75.0
67.0,-0.49317726112242977,0.49317726112242977,v67,transd,with_windows_removed_75pct,with_windows,75.0
68.0,-0.5855134486974163,0.5855134486974163,v68,transd,with_windows_removed_75pct,with_windows,75.0
69.0,-0.6393701990697866,0.6393701990697866,v69,transd,with_windows_removed_75pct,with_windows,75.0
70.0,-0.7348616738372185,0.7348616738372185,v70,transd,with_windows_removed_75pct,with_windows,75.0
71.0,-0.5135993735575715,0.5135993735575715,v71,transd,with_windows_removed_75pct,with_windows,75.0
72.0,-0.631586610401927,0.631586610401927,v72,transd,with_windows_removed_75pct,with_windows,75.0
73.0,-0.695994238361914,0.695994238361914,v73,transd,with_windows_removed_75pct,with_windows,75.0
74.0,-0.48228644214025684,0.48228644214025684,v74,transd,with_windows_removed_75pct,with_windows,75.0
75.0,-0.555274977972328,0.555274977972328,v75,transd,with_windows_removed_75pct,with_windows,75.0
76.0,-0.6873298669431522,0.6873298669431522,v76,transd,with_windows_removed_75pct,with_windows,75.0
77.0,-0.4933973944987628,0.4933973944987628,v77,transd,with_windows_removed_75pct,with_windows,75.0
78.0,-0.5563387831119401,0.5563387831119401,v78,transd,with_windows_removed_75pct,with_windows,75.0
79.0,-0.698350917575902,0.698350917575902,v79,transd,with_windows_removed_75pct,with_windows,75.0
80.0,-0.7911346929827247,0.7911346929827247,v80,transd,with_windows_removed_75pct,with_windows,75.0
81.0,-0.5412182684595543,0.5412182684595543,v81,transd,with_windows_removed_75pct,with_windows,75.0
82.0,-0.7934859654837134,0.7934859654837134,v82,transd,with_windows_removed_75pct,with_windows,75.0
83.0,-0.7840217220314752,0.7840217220314752,v83,transd,with_windows_removed_75pct,with_windows,75.0
84.0,-0.8001900027294672,0.8001900027294672,v84,transd,with_windows_removed_75pct,with_windows,75.0
85.0,-0.8509838623797675,0.8509838623797675,v85,transd,with_windows_removed_75pct,with_windows,75.0
86.0,-0.8130035883007858,0.8130035883007858,v86,transd,with_windows_removed_75pct,with_windows,75.0
87.0,-0.8159218691395167,0.8159218691395167,v87,transd,with_windows_removed_75pct,with_windows,75.0
88.0,-0.7564395377360559,0.7564395377360559,v88,transd,with_windows_removed_75pct,with_windows,75.0
89.0,-0.80664196659588,0.80664196659588,v89,transd,with_windows_removed_75pct,with_windows,75.0
90.0,-0.8314310232611718,0.8314310232611718,v90,transd,with_windows_removed_75pct,with_windows,75.0
91.0,-0.8928053920533986,0.8928053920533986,v91,transd,with_windows_removed_75pct,with_windows,75.0
92.0,-0.7797545097288724,0.7797545097288724,v92,transd,with_windows_removed_75pct,with_windows,75.0
93.0,-0.899902805675173,0.899902805675173,v93,transd,with_windows_removed_75pct,with_windows,75.0
94.0,-0.8255420303549669,0.8255420303549669,v94,transd,with_windows_removed_75pct,with_windows,75.0
95.0,-0.8437388244759709,0.8437388244759709,v95,transd,with_windows_removed_75pct,with_windows,75.0
96.0,-0.8938498716944151,0.8938498716944151,v96,transd,with_windows_removed_75pct,with_windows,75.0
97.0,-0.8911033435835196,0.8911033435835196,v97,transd,with_windows_removed_75pct,with_windows,75.0
98.0,-0.849433129172718,0.849433129172718,v98,transd,with_windows_removed_75pct,with_windows,75.0
99.0,-0.7672180820925024,0.7672180820925024,v99,transd,with_windows_removed_75pct,with_windows,75.0
100.0,-0.9243708522262087,0.9243708522262087,v100,transd,with_windows_removed_75pct,with_windows,75.0
1.0,0.834444494637954,-0.834444494637954,v1,transd,without_windows_removed_75pct,without_windows,75.0
2.0,0.8153509223085241,-0.8153509223085241,v2,transd,without_windows_removed_75pct,without_windows,75.0
3.0,0.8195640670435046,-0.8195640670435046,v3,transd,without_windows_removed_75pct,without_windows,75.0
4.0,0.8188492732184918,-0.8188492732184918,v4,transd,without_windows_removed_75pct,without_windows,75.0
5.0,0.7963395116976782,-0.7963395116976782,v5,transd,without_windows_removed_75pct,without_windows,75.0
6.0,0.7527039882190912,-0.7527039882190912,v6,transd,without_windows_removed_75pct,without_windows,75.0
7.0,0.8022278508033409,-0.8022278508033409,v7,transd,without_windows_removed_75pct,without_windows,75.0
8.0,0.7460671490221773,-0.7460671490221773,v8,transd,without_windows_removed_75pct,without_windows,75.0
9.0,0.7897375887202879,-0.7897375887202879,v9,transd,without_windows_removed_75pct,without_windows,75.0
10.0,0.7637162050993616,-0.7637162050993616,v10,transd,without_windows_removed_75pct,without_windows,75.0
11.0,0.7138883766830827,-0.7138883766830827,v11,transd,without_windows_removed_75pct,without_windows,75.0
12.0,0.7301742310826794,-0.7301742310826794,v12,transd,without_windows_removed_75pct,without_windows,75.0
13.0,0.6831623707157919,-0.6831623707157919,v13,transd,without_windows_removed_75pct,without_windows,75.0
14.0,0.6953913179297387,-0.6953913179297387,v14,transd,without_windows_removed_75pct,without_windows,75.0
15.0,0.5397146457587443,-0.5397146457587443,v15,transd,without_windows_removed_75pct,without_windows,75.0
16.0,0.7461557661039344,-0.7461557661039344,v16,transd,without_windows_removed_75pct,without_windows,75.0
17.0,0.49605510351235244,-0.49605510351235244,v17,transd,without_windows_removed_75pct,without_windows,75.0
18.0,0.7467451800926352,-0.7467451800926352,v18,transd,without_windows_removed_75pct,without_windows,75.0
19.0,0.6460491971718263,-0.6460491971718263,v19,transd,without_windows_removed_75pct,without_windows,75.0
20.0,0.776149377030344,-0.776149377030344,v20,transd,without_windows_removed_75pct,without_windows,75.0
21.0,0.7294421182182603,-0.7294421182182603,v21,transd,without_windows_removed_75pct,without_windows,75.0
22.0,0.7182387663753463,-0.7182387663753463,v22,transd,without_windows_removed_75pct,without_windows,75.0
23.0,0.7574365467930216,-0.7574365467930216,v23,transd,without_windows_removed_75pct,without_windows,75.0
24.0,0.5404046068772849,-0.5404046068772849,v24,transd,without_windows_removed_75pct,without_windows,75.0
25.0,0.7509789363092804,-0.7509789363092804,v25,transd,without_windows_removed_75pct,without_windows,75.0
26.0,0.34714129197334537,-0.34714129197334537,v26,transd,without_windows_removed_75pct,without_windows,75.0
27.0,0.6311279720876773,-0.6311279720876773,v27,transd,without_windows_removed_75pct,without_windows,75.0
28.0,0.35620021667819474,-0.35620021667819474,v28,transd,without_windows_removed_75pct,without_windows,75.0
29.0,0.47929766896117915,-0.47929766896117915,v29,transd,without_windows_removed_75pct,without_windows,75.0
30.0,0.5384116473545127,-0.5384116473545127,v30,transd,without_windows_removed_75pct,without_windows,75.0
31.0,0.5013183965824779,-0.5013183965824779,v31,transd,without_windows_removed_75pct,without_windows,75.0
32.0,0.602226073393353,-0.602226073393353,v32,transd,without_windows_removed_75pct,without_windows,75.0
33.0,0.4448130928842776,-0.4448130928842776,v33,transd,without_windows_removed_75pct,without_windows,75.0
34.0,0.522561870162284,-0.522561870162284,v34,transd,without_windows_removed_75pct,without_windows,75.0
35.0,0.5591871428046192,-0.5591871428046192,v35,transd,without_windows_removed_75pct,without_windows,75.0
36.0,0.5291101223203237,-0.5291101223203237,v36,transd,without_windows_removed_75pct,without_windows,75.0
37.0,0.39416916634348853,-0.39416916634348853,v37,transd,without_windows_removed_75pct,without_windows,75.0
38.0,0.3901110791696242,-0.3901110791696242,v38,transd,without_windows_removed_75pct,without_windows,75.0
39.0,0.41660012931785284,-0.41660012931785284,v39,transd,without_windows_removed_75pct,without_windows,75.0
40.0,0.4418897295887877,-0.4418897295887877,v40,transd,without_windows_removed_75pct,without_windows,75.0
41.0,0.26519346642016967,-0.26519346642016967,v41,transd,without_windows_removed_75pct,without_windows,75.0
42.0,0.43836597011683587,-0.43836597011683587,v42,transd,without_windows_removed_75pct,without_windows,75.0
43.0,0.5404023533547123,-0.5404023533547123,v43,transd,without_windows_removed_75pct,without_windows,75.0
44.0,0.33555721282318485,-0.33555721282318485,v44,transd,without_windows_removed_75pct,without_windows,75.0
45.0,0.17250460428638778,-0.17250460428638778,v45,transd,without_windows_removed_75pct,without_windows,75.0
46.0,0.266136416144942,-0.266136416144942,v46,transd,without_windows_removed_75pct,without_windows,75.0
47.0,0.33916341545651185,-0.33916341545651185,v47,transd,without_windows_removed_75pct,without_windows,75.0
48.0,0.1923703105456512,-0.1923703105456512,v48,transd,without_windows_removed_75pct,without_windows,75.0
49.0,0.1697584129302204,-0.1697584129302204,v49,transd,without_windows_removed_75pct,without_windows,75.0
50.0,0.018514490549001422,-0.018514490549001422,v50,transd,without_windows_removed_75pct,without_windows,75.0
51.0,-0.16092701561064043,0.16092701561064043,v51,transd,without_windows_removed_75pct,without_windows,75.0
52.0,-0.015187121894896603,0.015187121894896603,v52,transd,without_windows_removed_75pct,without_windows,75.0
53.0,-0.04159799160817957,0.04159799160817957,v53,transd,without_windows_removed_75pct,without_windows,75.0
54.0,0.07543132645190213,-0.07543132645190213,v54,transd,without_windows_removed_75pct,without_windows,75.0
55.0,-0.010560326788900887,0.010560326788900887,v55,transd,without_windows_removed_75pct,without_windows,75.0
56.0,0.017685596594465,-0.017685596594465,v56,transd,without_windows_removed_75pct,without_windows,75.0
57.0,0.005530469276925226,-0.005530469276925226,v57,transd,without_windows_removed_75pct,without_windows,75.0
58.0,-0.30734790984279836,0.30734790984279836,v58,transd,without_windows_removed_75pct,without_windows,75.0
59.0,0.04444525523614747,-0.04444525523614747,v59,transd,without_windows_removed_75pct,without_windows,75.0
60.0,-0.3313433584517729,0.3313433584517729,v60,transd,without_windows_removed_75pct,without_windows,75.0
61.0,-0.15950741791699144,0.15950741791699144,v61,transd,without_windows_removed_75pct,without_windows,75.0
62.0,-0.2488186470747112,0.2488186470747112,v62,transd,without_windows_removed_75pct,without_windows,75.0
63.0,-0.11547566581029489,0.11547566581029489,v63,transd,without_windows_removed_75pct,without_windows,75.0
64.0,-0.1858184707181231,0.1858184707181231,v64,transd,without_windows_removed_75pct,without_windows,75.0
65.0,-0.33461687090017084,0.33461687090017084,v65,transd,without_windows_removed_75pct,without_windows,75.0
66.0,-0.1454383574606638,0.1454383574606638,v66,transd,without_windows_removed_75pct,without_windows,75.0
67.0,-0.46362089653910854,0.46362089653910854,v67,transd,without_windows_removed_75pct,without_windows,75.0
68.0,-0.47167195180440163,0.47167195180440163,v68,transd,without_windows_removed_75pct,without_windows,75.0
69.0,-0.4942356387301451,0.4942356387301451,v69,transd,without_windows_removed_75pct,without_windows,75.0
70.0,-0.43842938813896876,0.43842938813896876,v70,transd,without_windows_removed_75pct,without_windows,75.0
71.0,-0.4217147409566474,0.4217147409566474,v71,transd,without_windows_removed_75pct,without_windows,75.0
72.0,-0.4251859391056908,0.4251859391056908,v72,transd,without_windows_removed_75pct,without_windows,75.0
73.0,-0.5771585994959697,0.5771585994959697,v73,transd,without_windows_removed_75pct,without_windows,75.0
74.0,-0.7564475844077786,0.7564475844077786,v74,transd,without_windows_removed_75pct,without_windows,75.0
75.0,-0.7721448165301027,0.7721448165301027,v75,transd,without_windows_removed_75pct,without_windows,75.0
76.0,-0.5807141614548552,0.5807141614548552,v76,transd,without_windows_removed_75pct,without_windows,75.0
77.0,-0.7058235875531736,0.7058235875531736,v77,transd,without_windows_removed_75pct,without_windows,75.0
78.0,-0.5207506415329747,0.5207506415329747,v78,transd,without_windows_removed_75pct,without_windows,75.0
79.0,-0.897486935911754,0.897486935911754,v79,transd,without_windows_removed_75pct,without_windows,75.0
80.0,-0.7181127528640073,0.7181127528640073,v80,transd,without_windows_removed_75pct,without_windows,75.0
81.0,-0.8195809649979169,0.8195809649979169,v81,transd,without_windows_removed_75pct,without_windows,75.0
82.0,-0.8316911621078058,0.8316911621078058,v82,transd,without_windows_removed_75pct,without_windows,75.0
83.0,-0.8404000176875482,0.8404000176875482,v83,transd,without_windows_removed_75pct,without_windows,75.0
84.0,-0.8880302565117488,0.8880302565117488,v84,transd,without_windows_removed_75pct,without_windows,75.0
85.0,-0.7270753135642534,0.7270753135642534,v85,transd,without_windows_removed_75pct,without_windows,75.0
86.0,-0.9279425023001732,0.9279425023001732,v86,transd,without_windows_removed_75pct,without_windows,75.0
87.0,-0.90546160078584,0.90546160078584,v87,transd,without_windows_removed_75pct,without_windows,75.0
88.0,-0.774068259373704,0.774068259373704,v88,transd,without_windows_removed_75pct,without_windows,75.0
89.0,-0.8340880021296374,0.8340880021296374,v89,transd,without_windows_removed_75pct,without_windows,75.0
90.0,-0.8189109314072105,0.8189109314072105,v90,transd,without_windows_removed_75pct,without_windows,75.0
91.0,-0.9077459787593961,0.9077459787593961,v91,transd,without_windows_removed_75pct,without_windows,75.0
92.0,-0.9433677170591959,0.9433677170591959,v92,transd,without_windows_removed_75pct,without_windows,75.0
93.0,-0.9910950353458785,0.9910950353458785,v93,transd,without_windows_removed_75pct,without_windows,75.0
94.0,-0.8402774036906755,0.8402774036906755,v94,transd,without_windows_removed_75pct,without_windows,75.0
95.0,-0.9126536529728098,0.9126536529728098,v95,transd,without_windows_removed_75pct,without_windows,75.0
96.0,-1.0098609641328256,1.0098609641328256,v96,transd,without_windows_removed_75pct,without_windows,75.0
97.0,-0.9268337716862861,0.9268337716862861,v97,transd,without_windows_removed_75pct,without_windows,75.0
98.0,-0.9618878518480981,0.9618878518480981,v98,transd,without_windows_removed_75pct,without_windows,75.0
99.0,-1.0175036011561935,1.0175036011561935,v99,transd,without_windows_removed_75pct,without_windows,75.0
100.0,-1.0656007146128685,1.0656007146128685,v100,transd,without_windows_removed_75pct,without_windows,75.0
1.0,-0.9415606489160593,-0.9415606489160593,v1,transd,with_windows_removed_99pct,with_windows,99.0
2.0,-0.8869729959505755,-0.8869729959505755,v2,transd,with_windows_removed_99pct,with_windows,99.0
3.0,-0.8601525465306105,-0.8601525465306105,v3,transd,with_windows_removed_99pct,with_windows,99.0
4.0,-0.8789326141454284,-0.8789326141454284,v4,transd,with_windows_removed_99pct,with_windows,99.0
5.0,-0.8831113510126116,-0.8831113510126116,v5,transd,with_windows_removed_99pct,with_windows,99.0
6.0,-0.9086172435812493,-0.9086172435812493,v6,transd,with_windows_removed_99pct,with_windows,99.0
7.0,-0.8323694518339556,-0.8323694518339556,v7,transd,with_windows_removed_99pct,with_windows,99.0
8.0,-0.7408673829417478,-0.7408673829417478,v8,transd,with_windows_removed_99pct,with_windows,99.0
9.0,-0.7756572938071254,-0.7756572938071254,v9,transd,with_windows_removed_99pct,with_windows,99.0
10.0,-0.921143968521269,-0.921143968521269,v10,transd,with_windows_removed_99pct,with_windows,99.0
11.0,-0.9167665809642265,-0.9167665809642265,v11,transd,with_windows_removed_99pct,with_windows,99.0
12.0,-0.8332615620671385,-0.8332615620671385,v12,transd,with_windows_removed_99pct,with_windows,99.0
13.0,-0.8222519413301542,-0.8222519413301542,v13,transd,with_windows_removed_99pct,with_windows,99.0
14.0,-0.8880632918781526,-0.8880632918781526,v14,transd,with_windows_removed_99pct,with_windows,99.0
15.0,-0.8971162174003839,-0.8971162174003839,v15,transd,with_windows_removed_99pct,with_windows,99.0
16.0,-0.8092932063114684,-0.8092932063114684,v16,transd,with_windows_removed_99pct,with_windows,99.0
17.0,-0.7566001825861192,-0.7566001825861192,v17,transd,with_windows_removed_99pct,with_windows,99.0
18.0,-0.7475377558581344,-0.7475377558581344,v18,transd,with_windows_removed_99pct,with_windows,99.0
19.0,-0.7240610364450498,-0.7240610364450498,v19,transd,with_windows_removed_99pct,with_windows,99.0
20.0,-0.48332260682477146,-0.48332260682477146,v20,transd,with_windows_removed_99pct,with_windows,99.0
21.0,-0.7314914048596567,-0.7314914048596567,v21,transd,with_windows_removed_99pct,with_windows,99.0
22.0,-0.794450469411465,-0.794450469411465,v22,transd,with_windows_removed_99pct,with_windows,99.0
23.0,-0.5224248482733627,-0.5224248482733627,v23,transd,with_windows_removed_99pct,with_windows,99.0
24.0,-0.8321711139204674,-0.8321711139204674,v24,transd,with_windows_removed_99pct,with_windows,99.0
25.0,-0.6620957204305935,-0.6620957204305935,v25,transd,with_windows_removed_99pct,with_windows,99.0
26.0,-0.5822196214700299,-0.5822196214700299,v26,transd,with_windows_removed_99pct,with_windows,99.0
27.0,-0.7695682398780058,-0.7695682398780058,v27,transd,with_windows_removed_99pct,with_windows,99.0
28.0,-0.3741377431518968,-0.3741377431518968,v28,transd,with_windows_removed_99pct,with_windows,99.0
29.0,-0.5914558901007045,-0.5914558901007045,v29,transd,with_windows_removed_99pct,with_windows,99.0
30.0,-0.3682877998484359,-0.3682877998484359,v30,transd,with_windows_removed_99pct,with_windows,99.0
31.0,-0.4822082782196599,-0.4822082782196599,v31,transd,with_windows_removed_99pct,with_windows,99.0
32.0,-0.5951040849647088,-0.5951040849647088,v32,transd,with_windows_removed_99pct,with_windows,99.0
33.0,-0.4482992238954212,-0.4482992238954212,v33,transd,with_windows_removed_99pct,with_windows,99.0
34.0,-0.4694840111088712,-0.4694840111088712,v34,transd,with_windows_removed_99pct,with_windows,99.0
35.0,-0.5031288773908427,-0.5031288773908427,v35,transd,with_windows_removed_99pct,with_windows,99.0
36.0,-0.6031005244245222,-0.6031005244245222,v36,transd,with_windows_removed_99pct,with_windows,99.0
37.0,-0.48050009222363915,-0.48050009222363915,v37,transd,with_windows_removed_99pct,with_windows,99.0
38.0,-0.5071881602269356,-0.5071881602269356,v38,transd,with_windows_removed_99pct,with_windows,99.0
39.0,-0.3518171128101902,-0.3518171128101902,v39,transd,with_windows_removed_99pct,with_windows,99.0
40.0,-0.17767209556784777,-0.17767209556784777,v40,transd,with_windows_removed_99pct,with_windows,99.0
41.0,-0.3744189654883757,-0.3744189654883757,v41,transd,with_windows_removed_99pct,with_windows,99.0
42.0,-0.1302040681773485,-0.1302040681773485,v42,transd,with_windows_removed_99pct,with_windows,99.0
43.0,-0.16089921404476007,-0.16089921404476007,v43,transd,with_windows_removed_99pct,with_windows,99.0
44.0,-0.23343518615085224,-0.23343518615085224,v44,transd,with_windows_removed_99pct,with_windows,99.0
45.0,-0.6492734641064208,-0.6492734641064208,v45,transd,with_windows_removed_99pct,with_windows,99.0
46.0,-0.021448977842693086,-0.021448977842693086,v46,transd,with_windows_removed_99pct,with_windows,99.0
47.0,-0.26171345082340186,-0.26171345082340186,v47,transd,with_windows_removed_99pct,with_windows,99.0
48.0,-0.37328919546199685,-0.37328919546199685,v48,transd,with_windows_removed_99pct,with_windows,99.0
49.0,0.01560846682051371,0.01560846682051371,v49,transd,with_windows_removed_99pct,with_windows,99.0
50.0,-0.13920773294633332,-0.13920773294633332,v50,transd,with_windows_removed_99pct,with_windows,99.0
51.0,0.0672889331788253,0.0672889331788253,v51,transd,with_windows_removed_99pct,with_windows,99.0
52.0,-0.05207422454901773,-0.05207422454901773,v52,transd,with_windows_removed_99pct,with_windows,99.0
53.0,0.28975315879348545,0.28975315879348545,v53,transd,with_windows_removed_99pct,with_windows,99.0
54.0,0.11004856952688373,0.11004856952688373,v54,transd,with_windows_removed_99pct,with_windows,99.0
55.0,0.08268350993715258,0.08268350993715258,v55,transd,with_windows_removed_99pct,with_windows,99.0
56.0,-0.015935768647475312,-0.015935768647475312,v56,transd,with_windows_removed_99pct,with_windows,99.0
57.0,0.16839930995916802,0.16839930995916802,v57,transd,with_windows_removed_99pct,with_windows,99.0
58.0,0.2528654646231552,0.2528654646231552,v58,transd,with_windows_removed_99pct,with_windows,99.0
59.0,0.404205225498633,0.404205225498633,v59,transd,with_windows_removed_99pct,with_windows,99.0
60.0,0.47065240655692014,0.47065240655692014,v60,transd,with_windows_removed_99pct,with_windows,99.0
61.0,0.3041764817270885,0.3041764817270885,v61,transd,with_windows_removed_99pct,with_windows,99.0
62.0,0.45882901657071107,0.45882901657071107,v62,transd,with_windows_removed_99pct,with_windows,99.0
63.0,0.35523754927538914,0.35523754927538914,v63,transd,with_windows_removed_99pct,with_windows,99.0
64.0,0.2322021110669599,0.2322021110669599,v64,transd,with_windows_removed_99pct,with_windows,99.0
65.0,0.35603094540556146,0.35603094540556146,v65,transd,with_windows_removed_99pct,with_windows,99.0
66.0,0.5329789526388209,0.5329789526388209,v66,transd,with_windows_removed_99pct,with_windows,99.0
67.0,0.5267762331736572,0.5267762331736572,v67,transd,with_windows_removed_99pct,with_windows,99.0
68.0,0.3843661588649718,0.3843661588649718,v68,transd,with_windows_removed_99pct,with_windows,99.0
69.0,0.38602756427525653,0.38602756427525653,v69,transd,with_windows_removed_99pct,with_windows,99.0
70.0,0.7103835570207495,0.7103835570207495,v70,transd,with_windows_removed_99pct,with_windows,99.0
71.0,0.7241426552458408,0.7241426552458408,v71,transd,with_windows_removed_99pct,with_windows,99.0
72.0,0.6607895831528006,0.6607895831528006,v72,transd,with_windows_removed_99pct,with_windows,99.0
73.0,0.5699348946788549,0.5699348946788549,v73,transd,with_windows_removed_99pct,with_windows,99.0
74.0,0.6703187677900241,0.6703187677900241,v74,transd,with_windows_removed_99pct,with_windows,99.0
75.0,0.6022003181995758,0.6022003181995758,v75,transd,with_windows_removed_99pct,with_windows,99.0
76.0,0.7362428560419432,0.7362428560419432,v76,transd,with_windows_removed_99pct,with_windows,99.0
77.0,0.7860557234200901,0.7860557234200901,v77,transd,with_windows_removed_99pct,with_windows,99.0
78.0,0.6945883711149982,0.6945883711149982,v78,transd,with_windows_removed_99pct,with_windows,99.0
79.0,0.680248658214396,0.680248658214396,v79,transd,with_windows_removed_99pct,with_windows,99.0
80.0,0.7419966009981318,0.7419966009981318,v80,transd,with_windows_removed_99pct,with_windows,99.0
81.0,0.8328231262683297,0.8328231262683297,v81,transd,with_windows_removed_99pct,with_windows,99.0
82.0,0.7321479434670198,0.7321479434670198,v82,transd,with_windows_removed_99pct,with_windows,99.0
83.0,0.8054167037330344,0.8054167037330344,v83,transd,with_windows_removed_99pct,with_windows,99.0
84.0,0.8988818304898367,0.8988818304898367,v84,transd,with_windows_removed_99pct,with_windows,99.0
85.0,0.7598375658788382,0.7598375658788382,v85,transd,with_windows_removed_99pct,with_windows,99.0
86.0,0.7390280500013687,0.7390280500013687,v86,transd,with_windows_removed_99pct,with_windows,99.0
87.0,0.8194985630733899,0.8194985630733899,v87,transd,with_windows_removed_99pct,with_windows,99.0
88.0,0.9056382031302831,0.9056382031302831,v88,transd,with_windows_removed_99pct,with_windows,99.0
89.0,0.824933952932193,0.824933952932193,v89,transd,with_windows_removed_99pct,with_windows,99.0
90.0,0.8493124763995862,0.8493124763995862,v90,transd,with_windows_removed_99pct,with_windows,99.0
91.0,0.8903161096457264,0.8903161096457264,v91,transd,with_windows_removed_99pct,with_windows,99.0
92.0,0.8953945963744594,0.8953945963744594,v92,transd,with_windows_removed_99pct,with_windows,99.0
93.0,0.8663234415070623,0.8663234415070623,v93,transd,with_windows_removed_99pct,with_windows,99.0
94.0,0.8981739258769166,0.8981739258769166,v94,transd,with_windows_removed_99pct,with_windows,99.0
95.0,0.7827238069132523,0.7827238069132523,v95,transd,with_windows_removed_99pct,with_windows,99.0
96.0,0.8627397501627146,0.8627397501627146,v96,transd,with_windows_removed_99pct,with_windows,99.0
97.0,0.8457159676764494,0.8457159676764494,v97,transd,with_windows_removed_99pct,with_windows,99.0
98.0,0.8667691649832188,0.8667691649832188,v98,transd,with_windows_removed_99pct,with_windows,99.0
99.0,0.8575039464239784,0.8575039464239784,v99,transd,with_windows_removed_99pct,with_windows,99.0
100.0,0.8581542706139452,0.8581542706139452,v100,transd,with_windows_removed_99pct,with_windows,99.0
1.0,-1.1673432613498036,-1.1673432613498036,v1,transd,without_windows_removed_99pct,without_windows,99.0
2.0,-1.0898720259883043,-1.0898720259883043,v2,transd,without_windows_removed_99pct,without_windows,99.0
3.0,-1.1457344225269583,-1.1457344225269583,v3,transd,without_windows_removed_99pct,without_windows,99.0
4.0,-1.1530822616361465,-1.1530822616361465,v4,transd,without_windows_removed_99pct,without_windows,99.0
5.0,-0.9701642078819354,-0.9701642078819354,v5,transd,without_windows_removed_99pct,without_windows,99.0
6.0,-1.003743935146912,-1.003743935146912,v6,transd,without_windows_removed_99pct,without_windows,99.0
7.0,-0.9268855018163109,-0.9268855018163109,v7,transd,without_windows_removed_99pct,without_windows,99.0
8.0,-1.0353732353975715,-1.0353732353975715,v8,transd,without_windows_removed_99pct,without_windows,99.0
9.0,-0.9662387674346463,-0.9662387674346463,v9,transd,without_windows_removed_99pct,without_windows,99.0
10.0,-0.8536369434643223,-0.8536369434643223,v10,transd,without_windows_removed_99pct,without_windows,99.0
11.0,-1.0067296754150465,-1.0067296754150465,v11,transd,without_windows_removed_99pct,without_windows,99.0
12.0,-0.7793452213706745,-0.7793452213706745,v12,transd,without_windows_removed_99pct,without_windows,99.0
13.0,-0.8302193749969501,-0.8302193749969501,v13,transd,without_windows_removed_99pct,without_windows,99.0
14.0,-0.8536578127697053,-0.8536578127697053,v14,transd,without_windows_removed_99pct,without_windows,99.0
15.0,-0.7460170840802003,-0.7460170840802003,v15,transd,without_windows_removed_99pct,without_windows,99.0
16.0,-0.42458199209190944,-0.42458199209190944,v16,transd,without_windows_removed_99pct,without_windows,99.0
17.0,-0.7589225174548337,-0.7589225174548337,v17,transd,without_windows_removed_99pct,without_windows,99.0
18.0,-0.4959554736919679,-0.4959554736919679,v18,transd,without_windows_removed_99pct,without_windows,99.0
19.0,-0.6275685091867742,-0.6275685091867742,v19,transd,without_windows_removed_99pct,without_windows,99.0
20.0,-0.39694605983250253,-0.39694605983250253,v20,transd,without_windows_removed_99pct,without_windows,99.0
21.0,-0.5778675714813468,-0.5778675714813468,v21,transd,without_windows_removed_99pct,without_windows,99.0
22.0,-0.7107959576876117,-0.7107959576876117,v22,transd,without_windows_removed_99pct,without_windows,99.0
23.0,-0.46981635896268914,-0.46981635896268914,v23,transd,without_windows_removed_99pct,without_windows,99.0
24.0,-0.5244557185919816,-0.5244557185919816,v24,transd,without_windows_removed_99pct,without_windows,99.0
25.0,-0.6647807550294396,-0.6647807550294396,v25,transd,without_windows_removed_99pct,without_windows,99.0
26.0,-0.43905848212250825,-0.43905848212250825,v26,transd,without_windows_removed_99pct,without_windows,99.0
27.0,-0.48490875940184225,-0.48490875940184225,v27,transd,without_windows_removed_99pct,without_windows,99.0
28.0,-0.45316903400449426,-0.45316903400449426,v28,transd,without_windows_removed_99pct,without_windows,99.0
29.0,-0.4612770315246758,-0.4612770315246758,v29,transd,without_windows_removed_99pct,without_windows,99.0
30.0,-0.4022593169000172,-0.4022593169000172,v30,transd,without_windows_removed_99pct,without_windows,99.0
31.0,-0.22916773613733324,-0.22916773613733324,v31,transd,without_windows_removed_99pct,without_windows,99.0
32.0,-0.29118200026746976,-0.29118200026746976,v32,transd,without_windows_removed_99pct,without_windows,99.0
33.0,-0.2943408302808732,-0.2943408302808732,v33,transd,without_windows_removed_99pct,without_windows,99.0
34.0,-0.02522034958646036,-0.02522034958646036,v34,transd,without_windows_removed_99pct,without_windows,99.0
35.0,-0.1585932906887913,-0.1585932906887913,v35,transd,without_windows_removed_99pct,without_windows,99.0
36.0,0.04263350443610725,0.04263350443610725,v36,transd,without_windows_removed_99pct,without_windows,99.0
37.0,-0.06383257756490457,-0.06383257756490457,v37,transd,without_windows_removed_99pct,without_windows,99.0
38.0,0.11346576136657432,0.11346576136657432,v38,transd,without_windows_removed_99pct,without_windows,99.0
39.0,-0.005762324956720542,-0.005762324956720542,v39,transd,without_windows_removed_99pct,without_windows,99.0
40.0,0.15455127258174137,0.15455127258174137,v40,transd,without_windows_removed_99pct,without_windows,99.0
41.0,-0.051900844944648555,-0.051900844944648555,v41,transd,without_windows_removed_99pct,without_windows,99.0
42.0,0.13553370394889594,0.13553370394889594,v42,transd,without_windows_removed_99pct,without_windows,99.0
43.0,-0.020683461071171996,-0.020683461071171996,v43,transd,without_windows_removed_99pct,without_windows,99.0
44.0,0.14774740559912167,0.14774740559912167,v44,transd,without_windows_removed_99pct,without_windows,99.0
45.0,-0.10262363952413583,-0.10262363952413583,v45,transd,without_windows_removed_99pct,without_windows,99.0
46.0,0.16111392462896035,0.16111392462896035,v46,transd,without_windows_removed_99pct,without_windows,99.0
47.0,0.21896986735376517,0.21896986735376517,v47,transd,without_windows_removed_99pct,without_windows,99.0
48.0,0.018428825407371906,0.018428825407371906,v48,transd,without_windows_removed_99pct,without_windows,99.0
49.0,0.09462329524035609,0.09462329524035609,v49,transd,without_windows_removed_99pct,without_windows,99.0
50.0,0.1388414017979639,0.1388414017979639,v50,transd,without_windows_removed_99pct,without_windows,99.0
51.0,0.2254242755814412,0.2254242755814412,v51,transd,without_windows_removed_99pct,without_windows,99.0
52.0,0.26347356827856044,0.26347356827856044,v52,transd,without_windows_removed_99pct,without_windows,99.0
53.0,0.27577245100608927,0.27577245100608927,v53,transd,without_windows_removed_99pct,without_windows,99.0
54.0,0.4213297203041261,0.4213297203041261,v54,transd,without_windows_removed_99pct,without_windows,99.0
55.0,0.23818024381996467,0.23818024381996467,v55,transd,without_windows_removed_99pct,without_windows,99.0
56.0,0.19982887687293088,0.19982887687293088,v56,transd,without_windows_removed_99pct,without_windows,99.0
57.0,0.19346907257472326,0.19346907257472326,v57,transd,without_windows_removed_99pct,without_windows,99.0
58.0,0.3422186026411775,0.3422186026411775,v58,transd,without_windows_removed_99pct,without_windows,99.0
59.0,0.24839800570983653,0.24839800570983653,v59,transd,without_windows_removed_99pct,without_windows,99.0
60.0,0.2759636518814052,0.2759636518814052,v60,transd,without_windows_removed_99pct,without_windows,99.0
61.0,0.4006644154238388,0.4006644154238388,v61,transd,without_windows_removed_99pct,without_windows,99.0
62.0,0.38583724028789457,0.38583724028789457,v62,transd,without_windows_removed_99pct,without_windows,99.0
63.0,0.3732485897541909,0.3732485897541909,v63,transd,without_windows_removed_99pct,without_windows,99.0
64.0,0.4109460686522812,0.4109460686522812,v64,transd,without_windows_removed_99pct,without_windows,99.0
65.0,0.25753846364513644,0.25753846364513644,v65,transd,without_windows_removed_99pct,without_windows,99.0
66.0,0.2905128422312734,0.2905128422312734,v66,transd,without_windows_removed_99pct,without_windows,99.0
67.0,0.497095433231299,0.497095433231299,v67,transd,without_windows_removed_99pct,without_windows,99.0
68.0,0.3381840138580636,0.3381840138580636,v68,transd,without_windows_removed_99pct,without_windows,99.0
69.0,0.45771566503431527,0.45771566503431527,v69,transd,without_windows_removed_99pct,without_windows,99.0
70.0,0.2986015945759645,0.2986015945759645,v70,transd,without_windows_removed_99pct,without_windows,99.0
71.0,0.30429169230720415,0.30429169230720415,v71,transd,without_windows_removed_99pct,without_windows,99.0
72.0,0.483396402202869,0.483396402202869,v72,transd,without_windows_removed_99pct,without_windows,99.0
73.0,0.41490400982845493,0.41490400982845493,v73,transd,without_windows_removed_99pct,without_windows,99.0
74.0,0.47296074238062846,0.47296074238062846,v74,transd,without_windows_removed_99pct,without_windows,99.0
75.0,0.4377189476737499,0.4377189476737499,v75,transd,without_windows_removed_99pct,without_windows,99.0
76.0,0.4982496556085228,0.4982496556085228,v76,transd,without_windows_removed_99pct,without_windows,99.0
77.0,0.3989656395691317,0.3989656395691317,v77,transd,without_windows_removed_99pct,without_windows,99.0
78.0,0.4618861011172199,0.4618861011172199,v78,transd,without_windows_removed_99pct,without_windows,99.0
79.0,0.4506865722739237,0.4506865722739237,v79,transd,without_windows_removed_99pct,without_windows,99.0
80.0,0.464296777610864,0.464296777610864,v80,transd,without_windows_removed_99pct,without_windows,99.0
81.0,0.5377537550703421,0.5377537550703421,v81,transd,without_windows_removed_99pct,without_windows,99.0
82.0,0.5082885579544033,0.5082885579544033,v82,transd,without_windows_removed_99pct,without_windows,99.0
83.0,0.4637263494248502,0.4637263494248502,v83,transd,without_windows_removed_99pct,without_windows,99.0
84.0,0.6000222051012462,0.6000222051012462,v84,transd,without_windows_removed_99pct,without_windows,99.0
85.0,0.5400686625010634,0.5400686625010634,v85,transd,without_windows_removed_99pct,without_windows,99.0
86.0,0.6170012966166153,0.6170012966166153,v86,transd,without_windows_removed_99pct,without_windows,99.0
87.0,0.5439929349779432,0.5439929349779432,v87,transd,without_windows_removed_99pct,without_windows,99.0
88.0,0.5764671747983012,0.5764671747983012,v88,transd,without_windows_removed_99pct,without_windows,99.0
89.0,0.5510316864928906,0.5510316864928906,v89,transd,without_windows_removed_99pct,without_windows,99.0
90.0,0.6036599353401537,0.6036599353401537,v90,transd,without_windows_removed_99pct,without_windows,99.0
91.0,0.5893867752009089,0.5893867752009089,v91,transd,without_windows_removed_99pct,without_windows,99.0
92.0,0.6270000271898032,0.6270000271898032,v92,transd,without_windows_removed_99pct,without_windows,99.0
93.0,0.5760337137643292,0.5760337137643292,v93,transd,without_windows_removed_99pct,without_windows,99.0
94.0,0.6364788912644764,0.6364788912644764,v94,transd,without_windows_removed_99pct,without_windows,99.0
95.0,0.576991983630891,0.576991983630891,v95,transd,without_windows_removed_99pct,without_windows,99.0
96.0,0.5841878029237482,0.5841878029237482,v96,transd,without_windows_removed_99pct,without_windows,99.0
97.0,0.642314682612039,0.642314682612039,v97,transd,without_windows_removed_99pct,without_windows,99.0
98.0,0.6291560229670388,0.6291560229670388,v98,transd,without_windows_removed_99pct,without_windows,99.0
99.0,0.6373304437583123,0.6373304437583123,v99,transd,without_windows_removed_99pct,without_windows,99.0
100.0,0.6151531243752962,0.6151531243752962,v100,transd,without_windows_removed_99pct,without_windows,99.0
1.0,0.03762673130681865,0.03762673130681865,v1,transr,with_windows_original,with_windows,0.0
2.0,0.02924781370762884,0.02924781370762884,v2,transr,with_windows_original,with_windows,0.0
3.0,-0.025707475992563913,-0.025707475992563913,v3,transr,with_windows_original,with_windows,0.0
4.0,0.029792254751373395,0.029792254751373395,v4,transr,with_windows_original,with_windows,0.0
5.0,0.036489218606506245,0.036489218606506245,v5,transr,with_windows_original,with_windows,0.0
6.0,0.03492378498573923,0.03492378498573923,v6,transr,with_windows_original,with_windows,0.0
7.0,0.051120197404085396,0.051120197404085396,v7,transr,with_windows_original,with_windows,0.0
8.0,-0.03204291391875853,-0.03204291391875853,v8,transr,with_windows_original,with_windows,0.0
9.0,0.03829679896384443,0.03829679896384443,v9,transr,with_windows_original,with_windows,0.0
10.0,-0.05934073406262912,-0.05934073406262912,v10,transr,with_windows_original,with_windows,0.0
11.0,-0.03544063934519628,-0.03544063934519628,v11,transr,with_windows_original,with_windows,0.0
12.0,-0.03518148264877259,-0.03518148264877259,v12,transr,with_windows_original,with_windows,0.0
13.0,0.04540250008646006,0.04540250008646006,v13,transr,with_windows_original,with_windows,0.0
14.0,0.04957324800352097,0.04957324800352097,v14,transr,with_windows_original,with_windows,0.0
15.0,0.02986961654453351,0.02986961654453351,v15,transr,with_windows_original,with_windows,0.0
16.0,0.04039793577610408,0.04039793577610408,v16,transr,with_windows_original,with_windows,0.0
17.0,-0.04536499211863532,-0.04536499211863532,v17,transr,with_windows_original,with_windows,0.0
18.0,0.037616091273694065,0.037616091273694065,v18,transr,with_windows_original,with_windows,0.0
19.0,0.0322423775025331,0.0322423775025331,v19,transr,with_windows_original,with_windows,0.0
20.0,-0.037939103456362686,-0.037939103456362686,v20,transr,with_windows_original,with_windows,0.0
21.0,0.02466430715230812,0.02466430715230812,v21,transr,with_windows_original,with_windows,0.0
22.0,-0.049394399715740354,-0.049394399715740354,v22,transr,with_windows_original,with_windows,0.0
23.0,-0.035050150671542546,-0.035050150671542546,v23,transr,with_windows_original,with_windows,0.0
24.0,0.033710671437085934,0.033710671437085934,v24,transr,with_windows_original,with_windows,0.0
25.0,-0.04814296869145203,-0.04814296869145203,v25,transr,with_windows_original,with_windows,0.0
26.0,-0.0382885484391101,-0.0382885484391101,v26,transr,with_windows_original,with_windows,0.0
27.0,0.043043959615277606,0.043043959615277606,v27,transr,with_windows_original,with_windows,0.0
28.0,-0.03584107523880978,-0.03584107523880978,v28,transr,with_windows_original,with_windows,0.0
29.0,-0.036439321411288715,-0.036439321411288715,v29,transr,with_windows_original,with_windows,0.0
30.0,0.034886952363580415,0.034886952363580415,v30,transr,with_windows_original,with_windows,0.0
31.0,-0.06101983356745742,-0.06101983356745742,v31,transr,with_windows_original,with_windows,0.0
32.0,-0.04215665821009168,-0.04215665821009168,v32,transr,with_windows_original,with_windows,0.0
33.0,-0.057820531040158704,-0.057820531040158704,v33,transr,with_windows_original,with_windows,0.0
34.0,-0.06331523956475905,-0.06331523956475905,v34,transr,with_windows_original,with_windows,0.0
35.0,-0.05982776000637955,-0.05982776000637955,v35,transr,with_windows_original,with_windows,0.0
36.0,-0.03806981148466734,-0.03806981148466734,v36,transr,with_windows_original,with_windows,0.0
37.0,-0.04568850254976655,-0.04568850254976655,v37,transr,with_windows_original,with_windows,0.0
38.0,-0.0469144929295951,-0.0469144929295951,v38,transr,with_windows_original,with_windows,0.0
39.0,-0.04516078574807211,-0.04516078574807211,v39,transr,with_windows_original,with_windows,0.0
40.0,-0.03907344730098992,-0.03907344730098992,v40,transr,with_windows_original,with_windows,0.0
41.0,0.036549296400704596,0.036549296400704596,v41,transr,with_windows_original,with_windows,0.0
42.0,-0.05744695110143764,-0.05744695110143764,v42,transr,with_windows_original,with_windows,0.0
43.0,0.040451353242043186,0.040451353242043186,v43,transr,with_windows_original,with_windows,0.0
44.0,-0.03950229778481109,-0.03950229778481109,v44,transr,with_windows_original,with_windows,0.0
45.0,0.04849991175278495,0.04849991175278495,v45,transr,with_windows_original,with_windows,0.0
46.0,-0.03120289598340393,-0.03120289598340393,v46,transr,with_windows_original,with_windows,0.0
47.0,0.044061749241552164,0.044061749241552164,v47,transr,with_windows_original,with_windows,0.0
48.0,-0.045521092328539,-0.045521092328539,v48,transr,with_windows_original,with_windows,0.0
49.0,0.023434089520210453,0.023434089520210453,v49,transr,with_windows_original,with_windows,0.0
50.0,-0.04083176029681558,-0.04083176029681558,v50,transr,with_windows_original,with_windows,0.0
51.0,0.05182116982448351,0.05182116982448351,v51,transr,with_windows_original,with_windows,0.0
52.0,0.04616812089541195,0.04616812089541195,v52,transr,with_windows_original,with_windows,0.0
53.0,0.033936920494465304,0.033936920494465304,v53,transr,with_windows_original,with_windows,0.0
54.0,-0.04064520948807111,-0.04064520948807111,v54,transr,with_windows_original,with_windows,0.0
55.0,-0.042957344748738434,-0.042957344748738434,v55,transr,with_windows_original,with_windows,0.0
56.0,0.03942545033754601,0.03942545033754601,v56,transr,with_windows_original,with_windows,0.0
57.0,-0.04072282672999321,-0.04072282672999321,v57,transr,with_windows_original,with_windows,0.0
58.0,0.04261671557079696,0.04261671557079696,v58,transr,with_windows_original,with_windows,0.0
59.0,0.04447869475559747,0.04447869475559747,v59,transr,with_windows_original,with_windows,0.0
60.0,-0.04571335030586247,-0.04571335030586247,v60,transr,with_windows_original,with_windows,0.0
61.0,-0.03784459227540001,-0.03784459227540001,v61,transr,with_windows_original,with_windows,0.0
62.0,0.04413983904267858,0.04413983904267858,v62,transr,with_windows_original,with_windows,0.0
63.0,0.050556587024436085,0.050556587024436085,v63,transr,with_windows_original,with_windows,0.0
64.0,-0.04474512986916003,-0.04474512986916003,v64,transr,with_windows_original,with_windows,0.0
65.0,0.04315600924663416,0.04315600924663416,v65,transr,with_windows_original,with_windows,0.0
66.0,-0.05620948846569063,-0.05620948846569063,v66,transr,with_windows_original,with_windows,0.0
67.0,-0.0573921625195864,-0.0573921625195864,v67,transr,with_windows_original,with_windows,0.0
68.0,-0.039514546882985446,-0.039514546882985446,v68,transr,with_windows_original,with_windows,0.0
69.0,-0.044897872154329374,-0.044897872154329374,v69,transr,with_windows_original,with_windows,0.0
70.0,-0.039710642825372726,-0.039710642825372726,v70,transr,with_windows_original,with_windows,0.0
71.0,0.044260342649935065,0.044260342649935065,v71,transr,with_windows_original,with_windows,0.0
72.0,0.0385184498273498,0.0385184498273498,v72,transr,with_windows_original,with_windows,0.0
73.0,0.048167957465819575,0.048167957465819575,v73,transr,with_windows_original,with_windows,0.0
74.0,-0.040574947312185326,-0.040574947312185326,v74,transr,with_windows_original,with_windows,0.0
75.0,-0.05907248170459449,-0.05907248170459449,v75,transr,with_windows_original,with_windows,0.0
76.0,0.05194532863334084,0.05194532863334084,v76,transr,with_windows_original,with_windows,0.0
77.0,-0.03281603364804826,-0.03281603364804826,v77,transr,with_windows_original,with_windows,0.0
78.0,0.045239284192219405,0.045239284192219405,v78,transr,with_windows_original,with_windows,0.0
79.0,0.05031736367737287,0.05031736367737287,v79,transr,with_windows_original,with_windows,0.0
80.0,0.04465058856023341,0.04465058856023341,v80,transr,with_windows_original,with_windows,0.0
81.0,0.042450407295014425,0.042450407295014425,v81,transr,with_windows_original,with_windows,0.0
82.0,0.057612594315106916,0.057612594315106916,v82,transr,with_windows_original,with_windows,0.0
83.0,0.04797096173754861,0.04797096173754861,v83,transr,with_windows_original,with_windows,0.0
84.0,-0.046503594217085664,-0.046503594217085664,v84,transr,with_windows_original,with_windows,0.0
85.0,0.04303507590445703,0.04303507590445703,v85,transr,with_windows_original,with_windows,0.0
86.0,-0.041081636395337504,-0.041081636395337504,v86,transr,with_windows_original,with_windows,0.0
87.0,0.05084242788939056,0.05084242788939056,v87,transr,with_windows_original,with_windows,0.0
88.0,-0.04913966178978201,-0.04913966178978201,v88,transr,with_windows_original,with_windows,0.0
89.0,0.04394409003342959,0.04394409003342959,v89,transr,with_windows_original,with_windows,0.0
90.0,0.04053851935798665,0.04053851935798665,v90,transr,with_windows_original,with_windows,0.0
91.0,0.045066917446339595,0.045066917446339595,v91,transr,with_windows_original,with_windows,0.0
92.0,-0.026959629713024274,-0.026959629713024274,v92,transr,with_windows_original,with_windows,0.0
93.0,0.04100931392090532,0.04100931392090532,v93,transr,with_windows_original,with_windows,0.0
94.0,0.056308016489563316,0.056308016489563316,v94,transr,with_windows_original,with_windows,0.0
95.0,-0.05171616221220627,-0.05171616221220627,v95,transr,with_windows_original,with_windows,0.0
96.0,-0.03788514890788681,-0.03788514890788681,v96,transr,with_windows_original,with_windows,0.0
97.0,0.04764523169014662,0.04764523169014662,v97,transr,with_windows_original,with_windows,0.0
98.0,0.049649712047441986,0.049649712047441986,v98,transr,with_windows_original,with_windows,0.0
99.0,-0.04023897719715527,-0.04023897719715527,v99,transr,with_windows_original,with_windows,0.0
100.0,0.03669435500626118,0.03669435500626118,v100,transr,with_windows_original,with_windows,0.0
1.0,-0.07570911288199908,0.07570911288199908,v1,transr,without_windows_original,without_windows,0.0
2.0,0.09497472191074113,-0.09497472191074113,v2,transr,without_windows_original,without_windows,0.0
3.0,0.08098390246848182,-0.08098390246848182,v3,transr,without_windows_original,without_windows,0.0
4.0,0.10786286532356494,-0.10786286532356494,v4,transr,without_windows_original,without_windows,0.0
5.0,0.08554118497619415,-0.08554118497619415,v5,transr,without_windows_original,without_windows,0.0
6.0,0.11069671954674376,-0.11069671954674376,v6,transr,without_windows_original,without_windows,0.0
7.0,-0.06450407400373254,0.06450407400373254,v7,transr,without_windows_original,without_windows,0.0
8.0,0.09321024412624239,-0.09321024412624239,v8,transr,without_windows_original,without_windows,0.0
9.0,-0.08689631519556137,0.08689631519556137,v9,transr,without_windows_original,without_windows,0.0
10.0,0.10111256443053823,-0.10111256443053823,v10,transr,without_windows_original,without_windows,0.0
11.0,-0.05418686118530326,0.05418686118530326,v11,transr,without_windows_original,without_windows,0.0
12.0,-0.07086115903892573,0.07086115903892573,v12,transr,without_windows_original,without_windows,0.0
13.0,0.11551284433831054,-0.11551284433831054,v13,transr,without_windows_original,without_windows,0.0
14.0,0.1272833990264655,-0.1272833990264655,v14,transr,without_windows_original,without_windows,0.0
15.0,0.10173491066432315,-0.10173491066432315,v15,transr,without_windows_original,without_windows,0.0
16.0,0.10459237914318505,-0.10459237914318505,v16,transr,without_windows_original,without_windows,0.0
17.0,0.09280102936343736,-0.09280102936343736,v17,transr,without_windows_original,without_windows,0.0
18.0,0.07546611858396145,-0.07546611858396145,v18,transr,without_windows_original,without_windows,0.0
19.0,0.08738267021611353,-0.08738267021611353,v19,transr,without_windows_original,without_windows,0.0
20.0,0.0991253456302844,-0.0991253456302844,v20,transr,without_windows_original,without_windows,0.0
21.0,0.0988573162092799,-0.0988573162092799,v21,transr,without_windows_original,without_windows,0.0
22.0,0.09727539335659936,-0.09727539335659936,v22,transr,without_windows_original,without_windows,0.0
23.0,-0.08773498897250794,0.08773498897250794,v23,transr,without_windows_original,without_windows,0.0
24.0,-0.0716457281303603,0.0716457281303603,v24,transr,without_windows_original,without_windows,0.0
25.0,-0.08632289497113406,0.08632289497113406,v25,transr,without_windows_original,without_windows,0.0
26.0,-0.08735218144557075,0.08735218144557075,v26,transr,without_windows_original,without_windows,0.0
27.0,0.0984997453222759,-0.0984997453222759,v27,transr,without_windows_original,without_windows,0.0
28.0,0.0886619582808958,-0.0886619582808958,v28,transr,without_windows_original,without_windows,0.0
29.0,-0.07197079942660121,0.07197079942660121,v29,transr,without_windows_original,without_windows,0.0
30.0,0.09232204609387727,-0.09232204609387727,v30,transr,without_windows_original,without_windows,0.0
31.0,0.0954268228576588,-0.0954268228576588,v31,transr,without_windows_original,without_windows,0.0
32.0,-0.06350173972523983,0.06350173972523983,v32,transr,without_windows_original,without_windows,0.0
33.0,0.07885917385599374,-0.07885917385599374,v33,transr,without_windows_original,without_windows,0.0
34.0,0.09002984860798846,-0.09002984860798846,v34,transr,without_windows_original,without_windows,0.0
35.0,-0.037902975975975695,0.037902975975975695,v35,transr,without_windows_original,without_windows,0.0
36.0,0.07100130019532423,-0.07100130019532423,v36,transr,without_windows_original,without_windows,0.0
37.0,-0.04854776493205284,0.04854776493205284,v37,transr,without_windows_original,without_windows,0.0
38.0,-0.08190255625980673,0.08190255625980673,v38,transr,without_windows_original,without_windows,0.0
39.0,0.08637002762625981,-0.08637002762625981,v39,transr,without_windows_original,without_windows,0.0
40.0,-0.08436659916273517,0.08436659916273517,v40,transr,without_windows_original,without_windows,0.0
41.0,-0.12297210779673663,0.12297210779673663,v41,transr,without_windows_original,without_windows,0.0
42.0,-0.07127876032059408,0.07127876032059408,v42,transr,without_windows_original,without_windows,0.0
43.0,-0.07903811019601695,0.07903811019601695,v43,transr,without_windows_original,without_windows,0.0
44.0,-0.0803770351053762,0.0803770351053762,v44,transr,without_windows_original,without_windows,0.0
45.0,0.09534836576715212,-0.09534836576715212,v45,transr,without_windows_original,without_windows,0.0
46.0,0.09652054308888795,-0.09652054308888795,v46,transr,without_windows_original,without_windows,0.0
47.0,0.06588905229136587,-0.06588905229136587,v47,transr,without_windows_original,without_windows,0.0
48.0,-0.0593490170874227,0.0593490170874227,v48,transr,without_windows_original,without_windows,0.0
49.0,0.10297563568959497,-0.10297563568959497,v49,transr,without_windows_original,without_windows,0.0
50.0,-0.06772337810085463,0.06772337810085463,v50,transr,without_windows_original,without_windows,0.0
51.0,-0.07034674053001531,0.07034674053001531,v51,transr,without_windows_original,without_windows,0.0
52.0,-0.067573625206136,0.067573625206136,v52,transr,without_windows_original,without_windows,0.0
53.0,0.09274080043613081,-0.09274080043613081,v53,transr,without_windows_original,without_windows,0.0
54.0,-0.0854278227671958,0.0854278227671958,v54,transr,without_windows_original,without_windows,0.0
55.0,-0.08606040762189922,0.08606040762189922,v55,transr,without_windows_original,without_windows,0.0
56.0,-0.08875182031978192,0.08875182031978192,v56,transr,without_windows_original,without_windows,0.0
57.0,-0.07863675358164562,0.07863675358164562,v57,transr,without_windows_original,without_windows,0.0
58.0,0.1106566667880783,-0.1106566667880783,v58,transr,without_windows_original,without_windows,0.0
59.0,-0.06844729776580409,0.06844729776580409,v59,transr,without_windows_original,without_windows,0.0
60.0,-0.06833947072082003,0.06833947072082003,v60,transr,without_windows_original,without_windows,0.0
61.0,-0.10081617399517616,0.10081617399517616,v61,transr,without_windows_original,without_windows,0.0
62.0,-0.09754243639356378,0.09754243639356378,v62,transr,without_windows_original,without_windows,0.0
63.0,-0.09064970947849667,0.09064970947849667,v63,transr,without_windows_original,without_windows,0.0
64.0,-0.06771745164099463,0.06771745164099463,v64,transr,without_windows_original,without_windows,0.0
65.0,0.06871944988159918,-0.06871944988159918,v65,transr,without_windows_original,without_windows,0.0
66.0,0.09552559852675077,-0.09552559852675077,v66,transr,without_windows_original,without_windows,0.0
67.0,-0.08871619937861615,0.08871619937861615,v67,transr,without_windows_original,without_windows,0.0
68.0,-0.08499026564844475,0.08499026564844475,v68,transr,without_windows_original,without_windows,0.0
69.0,-0.0756929622464615,0.0756929622464615,v69,transr,without_windows_original,without_windows,0.0
70.0,0.1170437426591259,-0.1170437426591259,v70,transr,without_windows_original,without_windows,0.0
71.0,0.06938651654481602,-0.06938651654481602,v71,transr,without_windows_original,without_windows,0.0
72.0,-0.10450822101992877,0.10450822101992877,v72,transr,without_windows_original,without_windows,0.0
73.0,-0.05051841038862605,0.05051841038862605,v73,transr,without_windows_original,without_windows,0.0
74.0,-0.14535262363826845,0.14535262363826845,v74,transr,without_windows_original,without_windows,0.0
75.0,0.10646710184429169,-0.10646710184429169,v75,transr,without_windows_original,without_windows,0.0
76.0,-0.06303209026280733,0.06303209026280733,v76,transr,without_windows_original,without_windows,0.0
77.0,-0.0794477193296249,0.0794477193296249,v77,transr,without_windows_original,without_windows,0.0
78.0,0.07175878585685819,-0.07175878585685819,v78,transr,without_windows_original,without_windows,0.0
79.0,0.08695037257102871,-0.08695037257102871,v79,transr,without_windows_original,without_windows,0.0
80.0,-0.07511221778027298,0.07511221778027298,v80,transr,without_windows_original,without_windows,0.0
81.0,0.0701104683747836,-0.0701104683747836,v81,transr,without_windows_original,without_windows,0.0
82.0,-0.06750542181446789,0.06750542181446789,v82,transr,without_windows_original,without_windows,0.0
83.0,0.05169822062825937,-0.05169822062825937,v83,transr,without_windows_original,without_windows,0.0
84.0,-0.11053539559210113,0.11053539559210113,v84,transr,without_windows_original,without_windows,0.0
85.0,-0.09679342915041379,0.09679342915041379,v85,transr,without_windows_original,without_windows,0.0
86.0,0.0572779576890403,-0.0572779576890403,v86,transr,without_windows_original,without_windows,0.0
87.0,-0.07478910968476177,0.07478910968476177,v87,transr,without_windows_original,without_windows,0.0
88.0,-0.08279463691719377,0.08279463691719377,v88,transr,without_windows_original,without_windows,0.0
89.0,0.07259409114601778,-0.07259409114601778,v89,transr,without_windows_original,without_windows,0.0
90.0,-0.06344539527617643,0.06344539527617643,v90,transr,without_windows_original,without_windows,0.0
91.0,-0.089260283862669,0.089260283862669,v91,transr,without_windows_original,without_windows,0.0
92.0,-0.08647236617115017,0.08647236617115017,v92,transr,without_windows_original,without_windows,0.0
93.0,0.08008428646451456,-0.08008428646451456,v93,transr,without_windows_original,without_windows,0.0
94.0,-0.06944804384821363,0.06944804384821363,v94,transr,without_windows_original,without_windows,0.0
95.0,0.07139717039989193,-0.07139717039989193,v95,transr,without_windows_original,without_windows,0.0
96.0,-0.10666649574768804,0.10666649574768804,v96,transr,without_windows_original,without_windows,0.0
97.0,0.0932292175098813,-0.0932292175098813,v97,transr,without_windows_original,without_windows,0.0
98.0,0.09912025094702148,-0.09912025094702148,v98,transr,without_windows_original,without_windows,0.0
99.0,0.07188392843954897,-0.07188392843954897,v99,transr,without_windows_original,without_windows,0.0
100.0,-0.08342759800545704,0.08342759800545704,v100,transr,without_windows_original,without_windows,0.0
1.0,0.07665050950322512,-0.07665050950322512,v1,transr,with_windows_removed_25pct,with_windows,25.0
2.0,-0.053379315753518806,0.053379315753518806,v2,transr,with_windows_removed_25pct,with_windows,25.0
3.0,-0.05104137983475521,0.05104137983475521,v3,transr,with_windows_removed_25pct,with_windows,25.0
4.0,-0.04397069341618241,0.04397069341618241,v4,transr,with_windows_removed_25pct,with_windows,25.0
5.0,0.04355222676741265,-0.04355222676741265,v5,transr,with_windows_removed_25pct,with_windows,25.0
6.0,0.07183989201337093,-0.07183989201337093,v6,transr,with_windows_removed_25pct,with_windows,25.0
7.0,-0.046055915179042894,0.046055915179042894,v7,transr,with_windows_removed_25pct,with_windows,25.0
8.0,-0.04665570117446907,0.04665570117446907,v8,transr,with_windows_removed_25pct,with_windows,25.0
9.0,0.07914082451945605,-0.07914082451945605,v9,transr,with_windows_removed_25pct,with_windows,25.0
10.0,0.06650263468362715,-0.06650263468362715,v10,transr,with_windows_removed_25pct,with_windows,25.0
11.0,0.07551748211078853,-0.07551748211078853,v11,transr,with_windows_removed_25pct,with_windows,25.0
12.0,0.06550565030971603,-0.06550565030971603,v12,transr,with_windows_removed_25pct,with_windows,25.0
13.0,-0.04642038157473944,0.04642038157473944,v13,transr,with_windows_removed_25pct,with_windows,25.0
14.0,0.09866691286104974,-0.09866691286104974,v14,transr,with_windows_removed_25pct,with_windows,25.0
15.0,-0.05800179823804169,0.05800179823804169,v15,transr,with_windows_removed_25pct,with_windows,25.0
16.0,-0.04174588821530386,0.04174588821530386,v16,transr,with_windows_removed_25pct,with_windows,25.0
17.0,0.04755731839468527,-0.04755731839468527,v17,transr,with_windows_removed_25pct,with_windows,25.0
18.0,-0.04844091353188879,0.04844091353188879,v18,transr,with_windows_removed_25pct,with_windows,25.0
19.0,0.048384893850416,-0.048384893850416,v19,transr,with_windows_removed_25pct,with_windows,25.0
20.0,0.06937613190084058,-0.06937613190084058,v20,transr,with_windows_removed_25pct,with_windows,25.0
21.0,0.0780971869116635,-0.0780971869116635,v21,transr,with_windows_removed_25pct,with_windows,25.0
22.0,-0.05775338725081068,0.05775338725081068,v22,transr,with_windows_removed_25pct,with_windows,25.0
23.0,0.04877326730496952,-0.04877326730496952,v23,transr,with_windows_removed_25pct,with_windows,25.0
24.0,-0.03415619641816462,0.03415619641816462,v24,transr,with_windows_removed_25pct,with_windows,25.0
25.0,0.0632633409858488,-0.0632633409858488,v25,transr,with_windows_removed_25pct,with_windows,25.0
26.0,0.067196286184805,-0.067196286184805,v26,transr,with_windows_removed_25pct,with_windows,25.0
27.0,-0.05422277673819526,0.05422277673819526,v27,transr,with_windows_removed_25pct,with_windows,25.0
28.0,0.06725305999103674,-0.06725305999103674,v28,transr,with_windows_removed_25pct,with_windows,25.0
29.0,-0.047367428077589556,0.047367428077589556,v29,transr,with_windows_removed_25pct,with_windows,25.0
30.0,-0.03134839214265668,0.03134839214265668,v30,transr,with_windows_removed_25pct,with_windows,25.0
31.0,0.06351900501762876,-0.06351900501762876,v31,transr,with_windows_removed_25pct,with_windows,25.0
32.0,-0.04064628709891352,0.04064628709891352,v32,transr,with_windows_removed_25pct,with_windows,25.0
33.0,-0.0413621443936536,0.0413621443936536,v33,transr,with_windows_removed_25pct,with_windows,25.0
34.0,0.05898530446271889,-0.05898530446271889,v34,transr,with_windows_removed_25pct,with_windows,25.0
35.0,-0.0664007193475831,0.0664007193475831,v35,transr,with_windows_removed_25pct,with_windows,25.0
36.0,-0.0431613355789155,0.0431613355789155,v36,transr,with_windows_removed_25pct,with_windows,25.0
37.0,0.06645178820487485,-0.06645178820487485,v37,transr,with_windows_removed_25pct,with_windows,25.0
38.0,0.07269899770236149,-0.07269899770236149,v38,transr,with_windows_removed_25pct,with_windows,25.0
39.0,-0.05462355887127,0.05462355887127,v39,transr,with_windows_removed_25pct,with_windows,25.0
40.0,-0.07843844566265619,0.07843844566265619,v40,transr,with_windows_removed_25pct,with_windows,25.0
41.0,-0.03756261160355702,0.03756261160355702,v41,transr,with_windows_removed_25pct,with_windows,25.0
42.0,0.06570442761852488,-0.06570442761852488,v42,transr,with_windows_removed_25pct,with_windows,25.0
43.0,-0.044327890850566744,0.044327890850566744,v43,transr,with_windows_removed_25pct,with_windows,25.0
44.0,0.10189883740739039,-0.10189883740739039,v44,transr,with_windows_removed_25pct,with_windows,25.0
45.0,-0.05833347949670326,0.05833347949670326,v45,transr,with_windows_removed_25pct,with_windows,25.0
46.0,0.083358360365293,-0.083358360365293,v46,transr,with_windows_removed_25pct,with_windows,25.0
47.0,-0.04623567489778906,0.04623567489778906,v47,transr,with_windows_removed_25pct,with_windows,25.0
48.0,-0.043406226471016884,0.043406226471016884,v48,transr,with_windows_removed_25pct,with_windows,25.0
49.0,-0.051795230676624615,0.051795230676624615,v49,transr,with_windows_removed_25pct,with_windows,25.0
50.0,0.074864052364478,-0.074864052364478,v50,transr,with_windows_removed_25pct,with_windows,25.0
51.0,-0.028824054038164276,0.028824054038164276,v51,transr,with_windows_removed_25pct,with_windows,25.0
52.0,-0.04099386404229937,0.04099386404229937,v52,transr,with_windows_removed_25pct,with_windows,25.0
53.0,-0.0406664804003836,0.0406664804003836,v53,transr,with_windows_removed_25pct,with_windows,25.0
54.0,-0.06246749548828989,0.06246749548828989,v54,transr,with_windows_removed_25pct,with_windows,25.0
55.0,-0.0385408794178835,0.0385408794178835,v55,transr,with_windows_removed_25pct,with_windows,25.0
56.0,0.07878083084280083,-0.07878083084280083,v56,transr,with_windows_removed_25pct,with_windows,25.0
57.0,0.07328240361309596,-0.07328240361309596,v57,transr,with_windows_removed_25pct,with_windows,25.0
58.0,-0.04528118389764732,0.04528118389764732,v58,transr,with_windows_removed_25pct,with_windows,25.0
59.0,-0.04823468406471395,0.04823468406471395,v59,transr,with_windows_removed_25pct,with_windows,25.0
60.0,-0.05045012630852384,0.05045012630852384,v60,transr,with_windows_removed_25pct,with_windows,25.0
61.0,-0.04383327808567382,0.04383327808567382,v61,transr,with_windows_removed_25pct,with_windows,25.0
62.0,-0.048413480996689254,0.048413480996689254,v62,transr,with_windows_removed_25pct,with_windows,25.0
63.0,-0.06600361508762075,0.06600361508762075,v63,transr,with_windows_removed_25pct,with_windows,25.0
64.0,0.05568207344746556,-0.05568207344746556,v64,transr,with_windows_removed_25pct,with_windows,25.0
65.0,-0.05077580723722627,0.05077580723722627,v65,transr,with_windows_removed_25pct,with_windows,25.0
66.0,0.05235939646506986,-0.05235939646506986,v66,transr,with_windows_removed_25pct,with_windows,25.0
67.0,0.06805059478003778,-0.06805059478003778,v67,transr,with_windows_removed_25pct,with_windows,25.0
68.0,-0.054316134457674706,0.054316134457674706,v68,transr,with_windows_removed_25pct,with_windows,25.0
69.0,-0.04343451730044153,0.04343451730044153,v69,transr,with_windows_removed_25pct,with_windows,25.0
70.0,0.08509668615802793,-0.08509668615802793,v70,transr,with_windows_removed_25pct,with_windows,25.0
71.0,-0.0252817741175164,0.0252817741175164,v71,transr,with_windows_removed_25pct,with_windows,25.0
72.0,-0.046532485043552146,0.046532485043552146,v72,transr,with_windows_removed_25pct,with_windows,25.0
73.0,-0.05940049203193327,0.05940049203193327,v73,transr,with_windows_removed_25pct,with_windows,25.0
74.0,-0.054427564865870005,0.054427564865870005,v74,transr,with_windows_removed_25pct,with_windows,25.0
75.0,0.07700868437784716,-0.07700868437784716,v75,transr,with_windows_removed_25pct,with_windows,25.0
76.0,-0.05421586615691897,0.05421586615691897,v76,transr,with_windows_removed_25pct,with_windows,25.0
77.0,0.06340486619122006,-0.06340486619122006,v77,transr,with_windows_removed_25pct,with_windows,25.0
78.0,-0.050223773946792005,0.050223773946792005,v78,transr,with_windows_removed_25pct,with_windows,25.0
79.0,0.06705359211731143,-0.06705359211731143,v79,transr,with_windows_removed_25pct,with_windows,25.0
80.0,0.05755620197598014,-0.05755620197598014,v80,transr,with_windows_removed_25pct,with_windows,25.0
81.0,-0.056647704013039576,0.056647704013039576,v81,transr,with_windows_removed_25pct,with_windows,25.0
82.0,-0.04642880392937564,0.04642880392937564,v82,transr,with_windows_removed_25pct,with_windows,25.0
83.0,-0.06972516589084826,0.06972516589084826,v83,transr,with_windows_removed_25pct,with_windows,25.0
84.0,0.07107071568392936,-0.07107071568392936,v84,transr,with_windows_removed_25pct,with_windows,25.0
85.0,-0.0557648496813873,0.0557648496813873,v85,transr,with_windows_removed_25pct,with_windows,25.0
86.0,-0.0683688020591462,0.0683688020591462,v86,transr,with_windows_removed_25pct,with_windows,25.0
87.0,-0.05412944414372539,0.05412944414372539,v87,transr,with_windows_removed_25pct,with_windows,25.0
88.0,-0.05496230608456726,0.05496230608456726,v88,transr,with_windows_removed_25pct,with_windows,25.0
89.0,0.07569772045903715,-0.07569772045903715,v89,transr,with_windows_removed_25pct,with_windows,25.0
90.0,0.06447900742215294,-0.06447900742215294,v90,transr,with_windows_removed_25pct,with_windows,25.0
91.0,-0.06612647618477316,0.06612647618477316,v91,transr,with_windows_removed_25pct,with_windows,25.0
92.0,0.07963739170789391,-0.07963739170789391,v92,transr,with_windows_removed_25pct,with_windows,25.0
93.0,0.08705625675672436,-0.08705625675672436,v93,transr,with_windows_removed_25pct,with_windows,25.0
94.0,-0.059820821877157315,0.059820821877157315,v94,transr,with_windows_removed_25pct,with_windows,25.0
95.0,0.07332217898567021,-0.07332217898567021,v95,transr,with_windows_removed_25pct,with_windows,25.0
96.0,0.05383076068192067,-0.05383076068192067,v96,transr,with_windows_removed_25pct,with_windows,25.0
97.0,-0.05460411983861386,0.05460411983861386,v97,transr,with_windows_removed_25pct,with_windows,25.0
98.0,-0.05483763183798245,0.05483763183798245,v98,transr,with_windows_removed_25pct,with_windows,25.0
99.0,0.06367986039120892,-0.06367986039120892,v99,transr,with_windows_removed_25pct,with_windows,25.0
100.0,-0.04122015847253674,0.04122015847253674,v100,transr,with_windows_removed_25pct,with_windows,25.0
1.0,0.07742378095942885,-0.07742378095942885,v1,transr,without_windows_removed_25pct,without_windows,25.0
2.0,0.06605594299098456,-0.06605594299098456,v2,transr,without_windows_removed_25pct,without_windows,25.0
3.0,0.07269171611368282,-0.07269171611368282,v3,transr,without_windows_removed_25pct,without_windows,25.0
4.0,-0.05333852470917173,0.05333852470917173,v4,transr,without_windows_removed_25pct,without_windows,25.0
5.0,-0.06257455140525331,0.06257455140525331,v5,transr,without_windows_removed_25pct,without_windows,25.0
6.0,0.05121873768488019,-0.05121873768488019,v6,transr,without_windows_removed_25pct,without_windows,25.0
7.0,0.05229740304367812,-0.05229740304367812,v7,transr,without_windows_removed_25pct,without_windows,25.0
8.0,-0.0881315163870189,0.0881315163870189,v8,transr,without_windows_removed_25pct,without_windows,25.0
9.0,0.07687932845886117,-0.07687932845886117,v9,transr,without_windows_removed_25pct,without_windows,25.0
10.0,0.0745722968179523,-0.0745722968179523,v10,transr,without_windows_removed_25pct,without_windows,25.0
11.0,0.07499593917165039,-0.07499593917165039,v11,transr,without_windows_removed_25pct,without_windows,25.0
12.0,-0.060040932980791446,0.060040932980791446,v12,transr,without_windows_removed_25pct,without_windows,25.0
13.0,-0.06238548314296383,0.06238548314296383,v13,transr,without_windows_removed_25pct,without_windows,25.0
14.0,-0.08625457080233913,0.08625457080233913,v14,transr,without_windows_removed_25pct,without_windows,25.0
15.0,-0.07657404399105502,0.07657404399105502,v15,transr,without_windows_removed_25pct,without_windows,25.0
16.0,0.06576786506551655,-0.06576786506551655,v16,transr,without_windows_removed_25pct,without_windows,25.0
17.0,-0.0726400034589629,0.0726400034589629,v17,transr,without_windows_removed_25pct,without_windows,25.0
18.0,-0.06806646167457164,0.06806646167457164,v18,transr,without_windows_removed_25pct,without_windows,25.0
19.0,-0.06805007801786868,0.06805007801786868,v19,transr,without_windows_removed_25pct,without_windows,25.0
20.0,-0.07035967872309604,0.07035967872309604,v20,transr,without_windows_removed_25pct,without_windows,25.0
21.0,0.07945838978749144,-0.07945838978749144,v21,transr,without_windows_removed_25pct,without_windows,25.0
22.0,-0.06892469160300792,0.06892469160300792,v22,transr,without_windows_removed_25pct,without_windows,25.0
23.0,-0.07279399691043645,0.07279399691043645,v23,transr,without_windows_removed_25pct,without_windows,25.0
24.0,-0.07882180697438045,0.07882180697438045,v24,transr,without_windows_removed_25pct,without_windows,25.0
25.0,0.08161933984055107,-0.08161933984055107,v25,transr,without_windows_removed_25pct,without_windows,25.0
26.0,0.07711280745790329,-0.07711280745790329,v26,transr,without_windows_removed_25pct,without_windows,25.0
27.0,0.07042785021970267,-0.07042785021970267,v27,transr,without_windows_removed_25pct,without_windows,25.0
28.0,-0.057070320099852447,0.057070320099852447,v28,transr,without_windows_removed_25pct,without_windows,25.0
29.0,0.07615755177015109,-0.07615755177015109,v29,transr,without_windows_removed_25pct,without_windows,25.0
30.0,-0.06386283007590808,0.06386283007590808,v30,transr,without_windows_removed_25pct,without_windows,25.0
31.0,0.08729109872729006,-0.08729109872729006,v31,transr,without_windows_removed_25pct,without_windows,25.0
32.0,0.07522869828816048,-0.07522869828816048,v32,transr,without_windows_removed_25pct,without_windows,25.0
33.0,-0.06873326829850339,0.06873326829850339,v33,transr,without_windows_removed_25pct,without_windows,25.0
34.0,-0.07651784545555691,0.07651784545555691,v34,transr,without_windows_removed_25pct,without_windows,25.0
35.0,0.06274759275577309,-0.06274759275577309,v35,transr,without_windows_removed_25pct,without_windows,25.0
36.0,0.07501680583037204,-0.07501680583037204,v36,transr,without_windows_removed_25pct,without_windows,25.0
37.0,-0.050593604081119244,0.050593604081119244,v37,transr,without_windows_removed_25pct,without_windows,25.0
38.0,0.060629275309943775,-0.060629275309943775,v38,transr,without_windows_removed_25pct,without_windows,25.0
39.0,-0.07172377800569744,0.07172377800569744,v39,transr,without_windows_removed_25pct,without_windows,25.0
40.0,-0.07662955857614573,0.07662955857614573,v40,transr,without_windows_removed_25pct,without_windows,25.0
41.0,0.061642961220250536,-0.061642961220250536,v41,transr,without_windows_removed_25pct,without_windows,25.0
42.0,0.07099161372409249,-0.07099161372409249,v42,transr,without_windows_removed_25pct,without_windows,25.0
43.0,0.06688812227464117,-0.06688812227464117,v43,transr,without_windows_removed_25pct,without_windows,25.0
44.0,0.08196004721773366,-0.08196004721773366,v44,transr,without_windows_removed_25pct,without_windows,25.0
45.0,-0.0736362379462974,0.0736362379462974,v45,transr,without_windows_removed_25pct,without_windows,25.0
46.0,-0.08297999665827153,0.08297999665827153,v46,transr,without_windows_removed_25pct,without_windows,25.0
47.0,-0.08801699555479003,0.08801699555479003,v47,transr,without_windows_removed_25pct,without_windows,25.0
48.0,0.060789519757829036,-0.060789519757829036,v48,transr,without_windows_removed_25pct,without_windows,25.0
49.0,-0.06743604858727398,0.06743604858727398,v49,transr,without_windows_removed_25pct,without_windows,25.0
50.0,0.062214063483481935,-0.062214063483481935,v50,transr,without_windows_removed_25pct,without_windows,25.0
51.0,-0.0850357638986388,0.0850357638986388,v51,transr,without_windows_removed_25pct,without_windows,25.0
52.0,0.07378484264950388,-0.07378484264950388,v52,transr,without_windows_removed_25pct,without_windows,25.0
53.0,-0.05675375292906798,0.05675375292906798,v53,transr,without_windows_removed_25pct,without_windows,25.0
54.0,0.07652422425115853,-0.07652422425115853,v54,transr,without_windows_removed_25pct,without_windows,25.0
55.0,0.0775559415103348,-0.0775559415103348,v55,transr,without_windows_removed_25pct,without_windows,25.0
56.0,-0.07815459245436926,0.07815459245436926,v56,transr,without_windows_removed_25pct,without_windows,25.0
57.0,0.06976979483750621,-0.06976979483750621,v57,transr,without_windows_removed_25pct,without_windows,25.0
58.0,0.05658595217573987,-0.05658595217573987,v58,transr,without_windows_removed_25pct,without_windows,25.0
59.0,0.08340160210763017,-0.08340160210763017,v59,transr,without_windows_removed_25pct,without_windows,25.0
60.0,0.07284349424075566,-0.07284349424075566,v60,transr,without_windows_removed_25pct,without_windows,25.0
61.0,0.08945774931545078,-0.08945774931545078,v61,transr,without_windows_removed_25pct,without_windows,25.0
62.0,-0.08070805318486073,0.08070805318486073,v62,transr,without_windows_removed_25pct,without_windows,25.0
63.0,0.09032371170421442,-0.09032371170421442,v63,transr,without_windows_removed_25pct,without_windows,25.0
64.0,0.07140327663717264,-0.07140327663717264,v64,transr,without_windows_removed_25pct,without_windows,25.0
65.0,-0.08953478608383587,0.08953478608383587,v65,transr,without_windows_removed_25pct,without_windows,25.0
66.0,-0.06668876763955954,0.06668876763955954,v66,transr,without_windows_removed_25pct,without_windows,25.0
67.0,0.08038385202406159,-0.08038385202406159,v67,transr,without_windows_removed_25pct,without_windows,25.0
68.0,0.08138383091549141,-0.08138383091549141,v68,transr,without_windows_removed_25pct,without_windows,25.0
69.0,-0.07047252736566853,0.07047252736566853,v69,transr,without_windows_removed_25pct,without_windows,25.0
70.0,-0.07458768490896046,0.07458768490896046,v70,transr,without_windows_removed_25pct,without_windows,25.0
71.0,0.05519038947068974,-0.05519038947068974,v71,transr,without_windows_removed_25pct,without_windows,25.0
72.0,-0.06738902180140782,0.06738902180140782,v72,transr,without_windows_removed_25pct,without_windows,25.0
73.0,0.07000515204019638,-0.07000515204019638,v73,transr,without_windows_removed_25pct,without_windows,25.0
74.0,0.046631257214437546,-0.046631257214437546,v74,transr,without_windows_removed_25pct,without_windows,25.0
75.0,-0.07380324669453686,0.07380324669453686,v75,transr,without_windows_removed_25pct,without_windows,25.0
76.0,-0.057102803889896435,0.057102803889896435,v76,transr,without_windows_removed_25pct,without_windows,25.0
77.0,-0.07096136850933638,0.07096136850933638,v77,transr,without_windows_removed_25pct,without_windows,25.0
78.0,-0.06221206899749654,0.06221206899749654,v78,transr,without_windows_removed_25pct,without_windows,25.0
79.0,0.05639908324390281,-0.05639908324390281,v79,transr,without_windows_removed_25pct,without_windows,25.0
80.0,-0.08837323121027624,0.08837323121027624,v80,transr,without_windows_removed_25pct,without_windows,25.0
81.0,0.0780878906939046,-0.0780878906939046,v81,transr,without_windows_removed_25pct,without_windows,25.0
82.0,0.05417670597330498,-0.05417670597330498,v82,transr,without_windows_removed_25pct,without_windows,25.0
83.0,-0.05370247550533663,0.05370247550533663,v83,transr,without_windows_removed_25pct,without_windows,25.0
84.0,-0.060549642724748616,0.060549642724748616,v84,transr,without_windows_removed_25pct,without_windows,25.0
85.0,-0.05871432118224995,0.05871432118224995,v85,transr,without_windows_removed_25pct,without_windows,25.0
86.0,0.06975564269424782,-0.06975564269424782,v86,transr,without_windows_removed_25pct,without_windows,25.0
87.0,-0.07114936928532484,0.07114936928532484,v87,transr,without_windows_removed_25pct,without_windows,25.0
88.0,0.06175157606966043,-0.06175157606966043,v88,transr,without_windows_removed_25pct,without_windows,25.0
89.0,-0.045655541765994685,0.045655541765994685,v89,transr,without_windows_removed_25pct,without_windows,25.0
90.0,-0.05884017350845923,0.05884017350845923,v90,transr,without_windows_removed_25pct,without_windows,25.0
91.0,-0.06946443409737788,0.06946443409737788,v91,transr,without_windows_removed_25pct,without_windows,25.0
92.0,0.06271283856197304,-0.06271283856197304,v92,transr,without_windows_removed_25pct,without_windows,25.0
93.0,0.05751613866689046,-0.05751613866689046,v93,transr,without_windows_removed_25pct,without_windows,25.0
94.0,0.07868471016243067,-0.07868471016243067,v94,transr,without_windows_removed_25pct,without_windows,25.0
95.0,-0.0795323848605989,0.0795323848605989,v95,transr,without_windows_removed_25pct,without_windows,25.0
96.0,0.06465695463179771,-0.06465695463179771,v96,transr,without_windows_removed_25pct,without_windows,25.0
97.0,0.044049571861966175,-0.044049571861966175,v97,transr,without_windows_removed_25pct,without_windows,25.0
98.0,-0.08236330737272889,0.08236330737272889,v98,transr,without_windows_removed_25pct,without_windows,25.0
99.0,-0.059230846175012376,0.059230846175012376,v99,transr,without_windows_removed_25pct,without_windows,25.0
100.0,-0.05797794146034846,0.05797794146034846,v100,transr,without_windows_removed_25pct,without_windows,25.0
1.0,0.07316305221348779,-0.07316305221348779,v1,transr,with_windows_removed_50pct,with_windows,50.0
2.0,-0.07750855668960141,0.07750855668960141,v2,transr,with_windows_removed_50pct,with_windows,50.0
3.0,-0.07995695454477457,0.07995695454477457,v3,transr,with_windows_removed_50pct,with_windows,50.0
4.0,0.07326413826977354,-0.07326413826977354,v4,transr,with_windows_removed_50pct,with_windows,50.0
5.0,-0.0756023845492266,0.0756023845492266,v5,transr,with_windows_removed_50pct,with_windows,50.0
6.0,0.06813274544850381,-0.06813274544850381,v6,transr,with_windows_removed_50pct,with_windows,50.0
7.0,0.059493880522526445,-0.059493880522526445,v7,transr,with_windows_removed_50pct,with_windows,50.0
8.0,0.06750055497752956,-0.06750055497752956,v8,transr,with_windows_removed_50pct,with_windows,50.0
9.0,0.044541341797316086,-0.044541341797316086,v9,transr,with_windows_removed_50pct,with_windows,50.0
10.0,-0.08152461208037087,0.08152461208037087,v10,transr,with_windows_removed_50pct,with_windows,50.0
11.0,-0.06706431514171513,0.06706431514171513,v11,transr,with_windows_removed_50pct,with_windows,50.0
12.0,-0.062067911710367234,0.062067911710367234,v12,transr,with_windows_removed_50pct,with_windows,50.0
13.0,0.0751486844680624,-0.0751486844680624,v13,transr,with_windows_removed_50pct,with_windows,50.0
14.0,0.07531439097477043,-0.07531439097477043,v14,transr,with_windows_removed_50pct,with_windows,50.0
15.0,0.06078255455756008,-0.06078255455756008,v15,transr,with_windows_removed_50pct,with_windows,50.0
16.0,0.044079716731120135,-0.044079716731120135,v16,transr,with_windows_removed_50pct,with_windows,50.0
17.0,0.07291574292988984,-0.07291574292988984,v17,transr,with_windows_removed_50pct,with_windows,50.0
18.0,0.08023758836257819,-0.08023758836257819,v18,transr,with_windows_removed_50pct,with_windows,50.0
19.0,0.047370056259634495,-0.047370056259634495,v19,transr,with_windows_removed_50pct,with_windows,50.0
20.0,-0.06444258321087372,0.06444258321087372,v20,transr,with_windows_removed_50pct,with_windows,50.0
21.0,0.05535408646966186,-0.05535408646966186,v21,transr,with_windows_removed_50pct,with_windows,50.0
22.0,0.07907460953133723,-0.07907460953133723,v22,transr,with_windows_removed_50pct,with_windows,50.0
23.0,-0.08659757465605776,0.08659757465605776,v23,transr,with_windows_removed_50pct,with_windows,50.0
24.0,0.06281824876190303,-0.06281824876190303,v24,transr,with_windows_removed_50pct,with_windows,50.0
25.0,0.07392829229633673,-0.07392829229633673,v25,transr,with_windows_removed_50pct,with_windows,50.0
26.0,-0.07393706812979352,0.07393706812979352,v26,transr,with_windows_removed_50pct,with_windows,50.0
27.0,0.040007453306064714,-0.040007453306064714,v27,transr,with_windows_removed_50pct,with_windows,50.0
28.0,-0.0707268335295565,0.0707268335295565,v28,transr,with_windows_removed_50pct,with_windows,50.0
29.0,-0.06891447329995558,0.06891447329995558,v29,transr,with_windows_removed_50pct,with_windows,50.0
30.0,0.06779064600633654,-0.06779064600633654,v30,transr,with_windows_removed_50pct,with_windows,50.0
31.0,0.06114830435772245,-0.06114830435772245,v31,transr,with_windows_removed_50pct,with_windows,50.0
32.0,-0.07726840488423073,0.07726840488423073,v32,transr,with_windows_removed_50pct,with_windows,50.0
33.0,-0.06846552053192317,0.06846552053192317,v33,transr,with_windows_removed_50pct,with_windows,50.0
34.0,-0.07829595440449214,0.07829595440449214,v34,transr,with_windows_removed_50pct,with_windows,50.0
35.0,0.07662660813023355,-0.07662660813023355,v35,transr,with_windows_removed_50pct,with_windows,50.0
36.0,0.06297728667614959,-0.06297728667614959,v36,transr,with_windows_removed_50pct,with_windows,50.0
37.0,0.07079528981435138,-0.07079528981435138,v37,transr,with_windows_removed_50pct,with_windows,50.0
38.0,-0.08604104740515459,0.08604104740515459,v38,transr,with_windows_removed_50pct,with_windows,50.0
39.0,0.04067389096183615,-0.04067389096183615,v39,transr,with_windows_removed_50pct,with_windows,50.0
40.0,-0.0765046518405656,0.0765046518405656,v40,transr,with_windows_removed_50pct,with_windows,50.0
41.0,0.05276917081918243,-0.05276917081918243,v41,transr,with_windows_removed_50pct,with_windows,50.0
42.0,-0.07767757836370533,0.07767757836370533,v42,transr,with_windows_removed_50pct,with_windows,50.0
43.0,0.06219594989587877,-0.06219594989587877,v43,transr,with_windows_removed_50pct,with_windows,50.0
44.0,-0.09485961243587722,0.09485961243587722,v44,transr,with_windows_removed_50pct,with_windows,50.0
45.0,-0.08937967113130738,0.08937967113130738,v45,transr,with_windows_removed_50pct,with_windows,50.0
46.0,-0.08727987451836985,0.08727987451836985,v46,transr,with_windows_removed_50pct,with_windows,50.0
47.0,0.0550199065303336,-0.0550199065303336,v47,transr,with_windows_removed_50pct,with_windows,50.0
48.0,0.0491428411567224,-0.0491428411567224,v48,transr,with_windows_removed_50pct,with_windows,50.0
49.0,-0.05964680425337928,0.05964680425337928,v49,transr,with_windows_removed_50pct,with_windows,50.0
50.0,0.0646273355105824,-0.0646273355105824,v50,transr,with_windows_removed_50pct,with_windows,50.0
51.0,-0.08638215202884902,0.08638215202884902,v51,transr,with_windows_removed_50pct,with_windows,50.0
52.0,-0.06827625665308583,0.06827625665308583,v52,transr,with_windows_removed_50pct,with_windows,50.0
53.0,0.06866443619550486,-0.06866443619550486,v53,transr,with_windows_removed_50pct,with_windows,50.0
54.0,-0.09067509541601351,0.09067509541601351,v54,transr,with_windows_removed_50pct,with_windows,50.0
55.0,-0.05218077616558323,0.05218077616558323,v55,transr,with_windows_removed_50pct,with_windows,50.0
56.0,-0.07067825253310407,0.07067825253310407,v56,transr,with_windows_removed_50pct,with_windows,50.0
57.0,-0.07577666900349744,0.07577666900349744,v57,transr,with_windows_removed_50pct,with_windows,50.0
58.0,0.08128752957321471,-0.08128752957321471,v58,transr,with_windows_removed_50pct,with_windows,50.0
59.0,0.08129496472478226,-0.08129496472478226,v59,transr,with_windows_removed_50pct,with_windows,50.0
60.0,-0.06995096928370807,0.06995096928370807,v60,transr,with_windows_removed_50pct,with_windows,50.0
61.0,0.051897458436673725,-0.051897458436673725,v61,transr,with_windows_removed_50pct,with_windows,50.0
62.0,-0.06171299025053078,0.06171299025053078,v62,transr,with_windows_removed_50pct,with_windows,50.0
63.0,0.06101625595657733,-0.06101625595657733,v63,transr,with_windows_removed_50pct,with_windows,50.0
64.0,-0.08888310745534876,0.08888310745534876,v64,transr,with_windows_removed_50pct,with_windows,50.0
65.0,0.07607132031924245,-0.07607132031924245,v65,transr,with_windows_removed_50pct,with_windows,50.0
66.0,-0.06122597525182218,0.06122597525182218,v66,transr,with_windows_removed_50pct,with_windows,50.0
67.0,-0.08316553821198594,0.08316553821198594,v67,transr,with_windows_removed_50pct,with_windows,50.0
68.0,0.0592504771765284,-0.0592504771765284,v68,transr,with_windows_removed_50pct,with_windows,50.0
69.0,0.06291343968465136,-0.06291343968465136,v69,transr,with_windows_removed_50pct,with_windows,50.0
70.0,-0.06625149957571314,0.06625149957571314,v70,transr,with_windows_removed_50pct,with_windows,50.0
71.0,-0.07891037384156906,0.07891037384156906,v71,transr,with_windows_removed_50pct,with_windows,50.0
72.0,0.0620848226098711,-0.0620848226098711,v72,transr,with_windows_removed_50pct,with_windows,50.0
73.0,0.06487668119707118,-0.06487668119707118,v73,transr,with_windows_removed_50pct,with_windows,50.0
74.0,-0.0947640353622729,0.0947640353622729,v74,transr,with_windows_removed_50pct,with_windows,50.0
75.0,0.09533102784303457,-0.09533102784303457,v75,transr,with_windows_removed_50pct,with_windows,50.0
76.0,0.07184904396977754,-0.07184904396977754,v76,transr,with_windows_removed_50pct,with_windows,50.0
77.0,-0.05090461800080619,0.05090461800080619,v77,transr,with_windows_removed_50pct,with_windows,50.0
78.0,0.059064127151491716,-0.059064127151491716,v78,transr,with_windows_removed_50pct,with_windows,50.0
79.0,-0.06472067049064917,0.06472067049064917,v79,transr,with_windows_removed_50pct,with_windows,50.0
80.0,0.045205689791113224,-0.045205689791113224,v80,transr,with_windows_removed_50pct,with_windows,50.0
81.0,0.07576823024389613,-0.07576823024389613,v81,transr,with_windows_removed_50pct,with_windows,50.0
82.0,0.06595486362822713,-0.06595486362822713,v82,transr,with_windows_removed_50pct,with_windows,50.0
83.0,0.057324045603831454,-0.057324045603831454,v83,transr,with_windows_removed_50pct,with_windows,50.0
84.0,-0.08140789829132916,0.08140789829132916,v84,transr,with_windows_removed_50pct,with_windows,50.0
85.0,0.0626162994004279,-0.0626162994004279,v85,transr,with_windows_removed_50pct,with_windows,50.0
86.0,-0.08104239966168462,0.08104239966168462,v86,transr,with_windows_removed_50pct,with_windows,50.0
87.0,0.09935488008131708,-0.09935488008131708,v87,transr,with_windows_removed_50pct,with_windows,50.0
88.0,0.033523264542013154,-0.033523264542013154,v88,transr,with_windows_removed_50pct,with_windows,50.0
89.0,-0.07411287033864518,0.07411287033864518,v89,transr,with_windows_removed_50pct,with_windows,50.0
90.0,-0.06354223935868562,0.06354223935868562,v90,transr,with_windows_removed_50pct,with_windows,50.0
91.0,0.05551521252594864,-0.05551521252594864,v91,transr,with_windows_removed_50pct,with_windows,50.0
92.0,-0.0812065268350999,0.0812065268350999,v92,transr,with_windows_removed_50pct,with_windows,50.0
93.0,0.08454368277237023,-0.08454368277237023,v93,transr,with_windows_removed_50pct,with_windows,50.0
94.0,0.04698472491006814,-0.04698472491006814,v94,transr,with_windows_removed_50pct,with_windows,50.0
95.0,0.060247483529315485,-0.060247483529315485,v95,transr,with_windows_removed_50pct,with_windows,50.0
96.0,-0.08002823755434656,0.08002823755434656,v96,transr,with_windows_removed_50pct,with_windows,50.0
97.0,-0.08480121606350426,0.08480121606350426,v97,transr,with_windows_removed_50pct,with_windows,50.0
98.0,0.05100468407611399,-0.05100468407611399,v98,transr,with_windows_removed_50pct,with_windows,50.0
99.0,-0.06077809663755215,0.06077809663755215,v99,transr,with_windows_removed_50pct,with_windows,50.0
100.0,-0.07539816210376428,0.07539816210376428,v100,transr,with_windows_removed_50pct,with_windows,50.0
1.0,0.054963432082423706,0.054963432082423706,v1,transr,without_windows_removed_50pct,without_windows,50.0
2.0,0.04790881751389454,0.04790881751389454,v2,transr,without_windows_removed_50pct,without_windows,50.0
3.0,-0.09892474966330636,-0.09892474966330636,v3,transr,without_windows_removed_50pct,without_windows,50.0
4.0,-0.0768565440980151,-0.0768565440980151,v4,transr,without_windows_removed_50pct,without_windows,50.0
5.0,-0.05164062564348639,-0.05164062564348639,v5,transr,without_windows_removed_50pct,without_windows,50.0
6.0,-0.06636619487106278,-0.06636619487106278,v6,transr,without_windows_removed_50pct,without_windows,50.0
7.0,0.042472769337085096,0.042472769337085096,v7,transr,without_windows_removed_50pct,without_windows,50.0
8.0,-0.0992225747929235,-0.0992225747929235,v8,transr,without_windows_removed_50pct,without_windows,50.0
9.0,0.054563001192281635,0.054563001192281635,v9,transr,without_windows_removed_50pct,without_windows,50.0
10.0,-0.09232539960806234,-0.09232539960806234,v10,transr,without_windows_removed_50pct,without_windows,50.0
11.0,0.025143552833414615,0.025143552833414615,v11,transr,without_windows_removed_50pct,without_windows,50.0
12.0,0.05794746418369609,0.05794746418369609,v12,transr,without_windows_removed_50pct,without_windows,50.0
13.0,-0.10734608491213063,-0.10734608491213063,v13,transr,without_windows_removed_50pct,without_windows,50.0
14.0,-0.1001243688391284,-0.1001243688391284,v14,transr,without_windows_removed_50pct,without_windows,50.0
15.0,-0.08957408891625138,-0.08957408891625138,v15,transr,without_windows_removed_50pct,without_windows,50.0
16.0,-0.08866904408949355,-0.08866904408949355,v16,transr,without_windows_removed_50pct,without_windows,50.0
17.0,-0.08648299042885822,-0.08648299042885822,v17,transr,without_windows_removed_50pct,without_windows,50.0
18.0,-0.08927463221804935,-0.08927463221804935,v18,transr,without_windows_removed_50pct,without_windows,50.0
19.0,0.042553897023335806,0.042553897023335806,v19,transr,without_windows_removed_50pct,without_windows,50.0
20.0,-0.09585628979261095,-0.09585628979261095,v20,transr,without_windows_removed_50pct,without_windows,50.0
21.0,-0.11060549674459834,-0.11060549674459834,v21,transr,without_windows_removed_50pct,without_windows,50.0
22.0,0.06159917991938396,0.06159917991938396,v22,transr,without_windows_removed_50pct,without_windows,50.0
23.0,-0.09353264924835766,-0.09353264924835766,v23,transr,without_windows_removed_50pct,without_windows,50.0
24.0,-0.06502221071094996,-0.06502221071094996,v24,transr,without_windows_removed_50pct,without_windows,50.0
25.0,-0.09228904982742814,-0.09228904982742814,v25,transr,without_windows_removed_50pct,without_windows,50.0
26.0,0.044620176593687555,0.044620176593687555,v26,transr,without_windows_removed_50pct,without_windows,50.0
27.0,-0.07909953108765604,-0.07909953108765604,v27,transr,without_windows_removed_50pct,without_windows,50.0
28.0,-0.0626735268511054,-0.0626735268511054,v28,transr,without_windows_removed_50pct,without_windows,50.0
29.0,0.061555325664738994,0.061555325664738994,v29,transr,without_windows_removed_50pct,without_windows,50.0
30.0,-0.09801097288559342,-0.09801097288559342,v30,transr,without_windows_removed_50pct,without_windows,50.0
31.0,0.06584258090951742,0.06584258090951742,v31,transr,without_windows_removed_50pct,without_windows,50.0
32.0,0.053660287083810106,0.053660287083810106,v32,transr,without_windows_removed_50pct,without_windows,50.0
33.0,-0.0780388173774065,-0.0780388173774065,v33,transr,without_windows_removed_50pct,without_windows,50.0
34.0,-0.073565459455874,-0.073565459455874,v34,transr,without_windows_removed_50pct,without_windows,50.0
35.0,0.05524348252879992,0.05524348252879992,v35,transr,without_windows_removed_50pct,without_windows,50.0
36.0,0.05450994963157446,0.05450994963157446,v36,transr,without_windows_removed_50pct,without_windows,50.0
37.0,0.059716250167906264,0.059716250167906264,v37,transr,without_windows_removed_50pct,without_windows,50.0
38.0,0.07973115830019396,0.07973115830019396,v38,transr,without_windows_removed_50pct,without_windows,50.0
39.0,-0.08031160891174995,-0.08031160891174995,v39,transr,without_windows_removed_50pct,without_windows,50.0
40.0,-0.06808017647464476,-0.06808017647464476,v40,transr,without_windows_removed_50pct,without_windows,50.0
41.0,0.07029584892613085,0.07029584892613085,v41,transr,without_windows_removed_50pct,without_windows,50.0
42.0,0.047803787511133324,0.047803787511133324,v42,transr,without_windows_removed_50pct,without_windows,50.0
43.0,0.05950309400729725,0.05950309400729725,v43,transr,without_windows_removed_50pct,without_windows,50.0
44.0,0.06709516637832838,0.06709516637832838,v44,transr,without_windows_removed_50pct,without_windows,50.0
45.0,-0.0979462278196686,-0.0979462278196686,v45,transr,without_windows_removed_50pct,without_windows,50.0
46.0,-0.07817660388147533,-0.07817660388147533,v46,transr,without_windows_removed_50pct,without_windows,50.0
47.0,0.07063188254051514,0.07063188254051514,v47,transr,without_windows_removed_50pct,without_windows,50.0
48.0,0.07331830649983503,0.07331830649983503,v48,transr,without_windows_removed_50pct,without_windows,50.0
49.0,-0.06405913154648366,-0.06405913154648366,v49,transr,without_windows_removed_50pct,without_windows,50.0
50.0,-0.08118633994858886,-0.08118633994858886,v50,transr,without_windows_removed_50pct,without_windows,50.0
51.0,0.05047365831257944,0.05047365831257944,v51,transr,without_windows_removed_50pct,without_windows,50.0
52.0,0.05739482438431685,0.05739482438431685,v52,transr,without_windows_removed_50pct,without_windows,50.0
53.0,0.0612972417544818,0.0612972417544818,v53,transr,without_windows_removed_50pct,without_windows,50.0
54.0,0.07354422456590326,0.07354422456590326,v54,transr,without_windows_removed_50pct,without_windows,50.0
55.0,0.07350458217811272,0.07350458217811272,v55,transr,without_windows_removed_50pct,without_windows,50.0
56.0,0.03478660226840836,0.03478660226840836,v56,transr,without_windows_removed_50pct,without_windows,50.0
57.0,0.06080448288495373,0.06080448288495373,v57,transr,without_windows_removed_50pct,without_windows,50.0
58.0,0.08131298774534317,0.08131298774534317,v58,transr,without_windows_removed_50pct,without_windows,50.0
59.0,0.049260997363775746,0.049260997363775746,v59,transr,without_windows_removed_50pct,without_windows,50.0
60.0,0.06887466563799612,0.06887466563799612,v60,transr,without_windows_removed_50pct,without_windows,50.0
61.0,0.04762483692833215,0.04762483692833215,v61,transr,without_windows_removed_50pct,without_windows,50.0
62.0,0.06689670272942977,0.06689670272942977,v62,transr,without_windows_removed_50pct,without_windows,50.0
63.0,0.07666657035530212,0.07666657035530212,v63,transr,without_windows_removed_50pct,without_windows,50.0
64.0,0.06313760201145414,0.06313760201145414,v64,transr,without_windows_removed_50pct,without_windows,50.0
65.0,-0.09315388484407285,-0.09315388484407285,v65,transr,without_windows_removed_50pct,without_windows,50.0
66.0,0.05068907810987862,0.05068907810987862,v66,transr,without_windows_removed_50pct,without_windows,50.0
67.0,0.07826988265650475,0.07826988265650475,v67,transr,without_windows_removed_50pct,without_windows,50.0
68.0,0.0600628338778812,0.0600628338778812,v68,transr,without_windows_removed_50pct,without_windows,50.0
69.0,-0.07395725062125592,-0.07395725062125592,v69,transr,without_windows_removed_50pct,without_windows,50.0
70.0,-0.07453732499587998,-0.07453732499587998,v70,transr,without_windows_removed_50pct,without_windows,50.0
71.0,0.03912884993577673,0.03912884993577673,v71,transr,without_windows_removed_50pct,without_windows,50.0
72.0,0.0665315393544342,0.0665315393544342,v72,transr,without_windows_removed_50pct,without_windows,50.0
73.0,0.06484276130255706,0.06484276130255706,v73,transr,without_windows_removed_50pct,without_windows,50.0
74.0,0.058349732313476683,0.058349732313476683,v74,transr,without_windows_removed_50pct,without_windows,50.0
75.0,-0.10176808777617143,-0.10176808777617143,v75,transr,without_windows_removed_50pct,without_windows,50.0
76.0,-0.07508229286013929,-0.07508229286013929,v76,transr,without_windows_removed_50pct,without_windows,50.0
77.0,-0.08623471159021506,-0.08623471159021506,v77,transr,without_windows_removed_50pct,without_windows,50.0
78.0,-0.09301752664506086,-0.09301752664506086,v78,transr,without_windows_removed_50pct,without_windows,50.0
79.0,0.06499106629622357,0.06499106629622357,v79,transr,without_windows_removed_50pct,without_windows,50.0
80.0,-0.06100295974105183,-0.06100295974105183,v80,transr,without_windows_removed_50pct,without_windows,50.0
81.0,-0.08752924500561891,-0.08752924500561891,v81,transr,without_windows_removed_50pct,without_windows,50.0
82.0,0.048278015703592796,0.048278015703592796,v82,transr,without_windows_removed_50pct,without_windows,50.0
83.0,0.060777801395974815,0.060777801395974815,v83,transr,without_windows_removed_50pct,without_windows,50.0
84.0,0.0651336994099513,0.0651336994099513,v84,transr,without_windows_removed_50pct,without_windows,50.0
85.0,0.05303615071040188,0.05303615071040188,v85,transr,without_windows_removed_50pct,without_windows,50.0
86.0,0.07166119794731236,0.07166119794731236,v86,transr,without_windows_removed_50pct,without_windows,50.0
87.0,0.07879047056458124,0.07879047056458124,v87,transr,without_windows_removed_50pct,without_windows,50.0
88.0,0.05245843329634112,0.05245843329634112,v88,transr,without_windows_removed_50pct,without_windows,50.0
89.0,-0.0885526403889096,-0.0885526403889096,v89,transr,without_windows_removed_50pct,without_windows,50.0
90.0,-0.056442319754051805,-0.056442319754051805,v90,transr,without_windows_removed_50pct,without_windows,50.0
91.0,0.07138258726168363,0.07138258726168363,v91,transr,without_windows_removed_50pct,without_windows,50.0
92.0,0.06179817846004934,0.06179817846004934,v92,transr,without_windows_removed_50pct,without_windows,50.0
93.0,0.060446990048062386,0.060446990048062386,v93,transr,without_windows_removed_50pct,without_windows,50.0
94.0,0.062359566375484864,0.062359566375484864,v94,transr,without_windows_removed_50pct,without_windows,50.0
95.0,-0.0733159148548241,-0.0733159148548241,v95,transr,without_windows_removed_50pct,without_windows,50.0
96.0,0.07202144269447765,0.07202144269447765,v96,transr,without_windows_removed_50pct,without_windows,50.0
97.0,-0.08222274995619554,-0.08222274995619554,v97,transr,without_windows_removed_50pct,without_windows,50.0
98.0,-0.07422950095288308,-0.07422950095288308,v98,transr,without_windows_removed_50pct,without_windows,50.0
99.0,0.06284603596262264,0.06284603596262264,v99,transr,without_windows_removed_50pct,without_windows,50.0
100.0,0.06619209700464732,0.06619209700464732,v100,transr,without_windows_removed_50pct,without_windows,50.0
1.0,0.04745492767771598,-0.04745492767771598,v1,transr,with_windows_removed_75pct,with_windows,75.0
2.0,0.056699329890727804,-0.056699329890727804,v2,transr,with_windows_removed_75pct,with_windows,75.0
3.0,0.0435925041413313,-0.0435925041413313,v3,transr,with_windows_removed_75pct,with_windows,75.0
4.0,0.03876688432464497,-0.03876688432464497,v4,transr,with_windows_removed_75pct,with_windows,75.0
5.0,0.03038907765467347,-0.03038907765467347,v5,transr,with_windows_removed_75pct,with_windows,75.0
6.0,0.054211447639098506,-0.054211447639098506,v6,transr,with_windows_removed_75pct,with_windows,75.0
7.0,0.03805568646363405,-0.03805568646363405,v7,transr,with_windows_removed_75pct,with_windows,75.0
8.0,0.05057063899289816,-0.05057063899289816,v8,transr,with_windows_removed_75pct,with_windows,75.0
9.0,0.012346904283539096,-0.012346904283539096,v9,transr,with_windows_removed_75pct,with_windows,75.0
10.0,0.04259270571619918,-0.04259270571619918,v10,transr,with_windows_removed_75pct,with_windows,75.0
11.0,0.04387070147417341,-0.04387070147417341,v11,transr,with_windows_removed_75pct,with_windows,75.0
12.0,0.05270714961114992,-0.05270714961114992,v12,transr,with_windows_removed_75pct,with_windows,75.0
13.0,0.041730943603288294,-0.041730943603288294,v13,transr,with_windows_removed_75pct,with_windows,75.0
14.0,0.05073616343536462,-0.05073616343536462,v14,transr,with_windows_removed_75pct,with_windows,75.0
15.0,0.039357795326204544,-0.039357795326204544,v15,transr,with_windows_removed_75pct,with_windows,75.0
16.0,0.023629960479339317,-0.023629960479339317,v16,transr,with_windows_removed_75pct,with_windows,75.0
17.0,0.020276014362504837,-0.020276014362504837,v17,transr,with_windows_removed_75pct,with_windows,75.0
18.0,0.054020779267099236,-0.054020779267099236,v18,transr,with_windows_removed_75pct,with_windows,75.0
19.0,0.051319214696837874,-0.051319214696837874,v19,transr,with_windows_removed_75pct,with_windows,75.0
20.0,0.046134609916180964,-0.046134609916180964,v20,transr,with_windows_removed_75pct,with_windows,75.0
21.0,0.04392377597797565,-0.04392377597797565,v21,transr,with_windows_removed_75pct,with_windows,75.0
22.0,0.04346229911065086,-0.04346229911065086,v22,transr,with_windows_removed_75pct,with_windows,75.0
23.0,0.04641392104576332,-0.04641392104576332,v23,transr,with_windows_removed_75pct,with_windows,75.0
24.0,0.04192143736889541,-0.04192143736889541,v24,transr,with_windows_removed_75pct,with_windows,75.0
25.0,0.03208250976217033,-0.03208250976217033,v25,transr,with_windows_removed_75pct,with_windows,75.0
26.0,0.052246077854646036,-0.052246077854646036,v26,transr,with_windows_removed_75pct,with_windows,75.0
27.0,0.04884742217507455,-0.04884742217507455,v27,transr,with_windows_removed_75pct,with_windows,75.0
28.0,0.03742182375309859,-0.03742182375309859,v28,transr,with_windows_removed_75pct,with_windows,75.0
29.0,-0.005714444811432818,0.005714444811432818,v29,transr,with_windows_removed_75pct,with_windows,75.0
30.0,0.03710415599242441,-0.03710415599242441,v30,transr,with_windows_removed_75pct,with_windows,75.0
31.0,0.041825380451636154,-0.041825380451636154,v31,transr,with_windows_removed_75pct,with_windows,75.0
32.0,0.04181730311162689,-0.04181730311162689,v32,transr,with_windows_removed_75pct,with_windows,75.0
33.0,0.02092415813371396,-0.02092415813371396,v33,transr,with_windows_removed_75pct,with_windows,75.0
34.0,0.012319908863792979,-0.012319908863792979,v34,transr,with_windows_removed_75pct,with_windows,75.0
35.0,0.024328381500145466,-0.024328381500145466,v35,transr,with_windows_removed_75pct,with_windows,75.0
36.0,-0.03213015174172489,0.03213015174172489,v36,transr,with_windows_removed_75pct,with_windows,75.0
37.0,0.036590205284879634,-0.036590205284879634,v37,transr,with_windows_removed_75pct,with_windows,75.0
38.0,-0.013992957786658189,0.013992957786658189,v38,transr,with_windows_removed_75pct,with_windows,75.0
39.0,0.04487246083889028,-0.04487246083889028,v39,transr,with_windows_removed_75pct,with_windows,75.0
40.0,0.05088405862301621,-0.05088405862301621,v40,transr,with_windows_removed_75pct,with_windows,75.0
41.0,0.018702967308608688,-0.018702967308608688,v41,transr,with_windows_removed_75pct,with_windows,75.0
42.0,0.01938320866312307,-0.01938320866312307,v42,transr,with_windows_removed_75pct,with_windows,75.0
43.0,0.041412954913160625,-0.041412954913160625,v43,transr,with_windows_removed_75pct,with_windows,75.0
44.0,0.011271530768799222,-0.011271530768799222,v44,transr,with_windows_removed_75pct,with_windows,75.0
45.0,-0.04567484271097759,0.04567484271097759,v45,transr,with_windows_removed_75pct,with_windows,75.0
46.0,-0.03136790045656964,0.03136790045656964,v46,transr,with_windows_removed_75pct,with_windows,75.0
47.0,0.017910205057147768,-0.017910205057147768,v47,transr,with_windows_removed_75pct,with_windows,75.0
48.0,0.015711936182765375,-0.015711936182765375,v48,transr,with_windows_removed_75pct,with_windows,75.0
49.0,0.014545312250006262,-0.014545312250006262,v49,transr,with_windows_removed_75pct,with_windows,75.0
50.0,0.05015278090724078,-0.05015278090724078,v50,transr,with_windows_removed_75pct,with_windows,75.0
51.0,-0.03851648665912449,0.03851648665912449,v51,transr,with_windows_removed_75pct,with_windows,75.0
52.0,-0.012893590388022068,0.012893590388022068,v52,transr,with_windows_removed_75pct,with_windows,75.0
53.0,0.04628091519042949,-0.04628091519042949,v53,transr,with_windows_removed_75pct,with_windows,75.0
54.0,0.017004480918307106,-0.017004480918307106,v54,transr,with_windows_removed_75pct,with_windows,75.0
55.0,0.027623761126963634,-0.027623761126963634,v55,transr,with_windows_removed_75pct,with_windows,75.0
56.0,-0.0005859501048170253,0.0005859501048170253,v56,transr,with_windows_removed_75pct,with_windows,75.0
57.0,0.007083380446978384,-0.007083380446978384,v57,transr,with_windows_removed_75pct,with_windows,75.0
58.0,0.011604166830413922,-0.011604166830413922,v58,transr,with_windows_removed_75pct,with_windows,75.0
59.0,-0.02219036276765259,0.02219036276765259,v59,transr,with_windows_removed_75pct,with_windows,75.0
60.0,-0.038931396041070876,0.038931396041070876,v60,transr,with_windows_removed_75pct,with_windows,75.0
61.0,-0.01496700883053157,0.01496700883053157,v61,transr,with_windows_removed_75pct,with_windows,75.0
62.0,-0.046356263072094346,0.046356263072094346,v62,transr,with_windows_removed_75pct,with_windows,75.0
63.0,-0.050987518051037795,0.050987518051037795,v63,transr,with_windows_removed_75pct,with_windows,75.0
64.0,-0.030079855509912875,0.030079855509912875,v64,transr,with_windows_removed_75pct,with_windows,75.0
65.0,-0.028909603421933064,0.028909603421933064,v65,transr,with_windows_removed_75pct,with_windows,75.0
66.0,-0.020735475513394743,0.020735475513394743,v66,transr,with_windows_removed_75pct,with_windows,75.0
67.0,-0.03382870214606118,0.03382870214606118,v67,transr,with_windows_removed_75pct,with_windows,75.0
68.0,-0.01367675396663503,0.01367675396663503,v68,transr,with_windows_removed_75pct,with_windows,75.0
69.0,0.013278722303882589,-0.013278722303882589,v69,transr,with_windows_removed_75pct,with_windows,75.0
70.0,-0.04992645984161145,0.04992645984161145,v70,transr,with_windows_removed_75pct,with_windows,75.0
71.0,-0.04568320965431035,0.04568320965431035,v71,transr,with_windows_removed_75pct,with_windows,75.0
72.0,-0.03175468919975809,0.03175468919975809,v72,transr,with_windows_removed_75pct,with_windows,75.0
73.0,-0.01069117777699076,0.01069117777699076,v73,transr,with_windows_removed_75pct,with_windows,75.0
74.0,-0.054223513635707814,0.054223513635707814,v74,transr,with_windows_removed_75pct,with_windows,75.0
75.0,-0.012557924899406476,0.012557924899406476,v75,transr,with_windows_removed_75pct,with_windows,75.0
76.0,-0.05778635344357248,0.05778635344357248,v76,transr,with_windows_removed_75pct,with_windows,75.0
77.0,-0.04458813907241919,0.04458813907241919,v77,transr,with_windows_removed_75pct,with_windows,75.0
78.0,-0.04141640888020881,0.04141640888020881,v78,transr,with_windows_removed_75pct,with_windows,75.0
79.0,-0.06334163802769362,0.06334163802769362,v79,transr,with_windows_removed_75pct,with_windows,75.0
80.0,-0.04573114975786405,0.04573114975786405,v80,transr,with_windows_removed_75pct,with_windows,75.0
81.0,-0.023205455781475655,0.023205455781475655,v81,transr,with_windows_removed_75pct,with_windows,75.0
82.0,-0.03454667698301114,0.03454667698301114,v82,transr,with_windows_removed_75pct,with_windows,75.0
83.0,-0.0594988320263919,0.0594988320263919,v83,transr,with_windows_removed_75pct,with_windows,75.0
84.0,-0.05494948169263149,0.05494948169263149,v84,transr,with_windows_removed_75pct,with_windows,75.0
85.0,-0.034967269139223954,0.034967269139223954,v85,transr,with_windows_removed_75pct,with_windows,75.0
86.0,-0.036465946405483125,0.036465946405483125,v86,transr,with_windows_removed_75pct,with_windows,75.0
87.0,-0.008361812472168889,0.008361812472168889,v87,transr,with_windows_removed_75pct,with_windows,75.0
88.0,-0.0580035070387181,0.0580035070387181,v88,transr,with_windows_removed_75pct,with_windows,75.0
89.0,-0.05170030561185933,0.05170030561185933,v89,transr,with_windows_removed_75pct,with_windows,75.0
90.0,-0.04803101931881681,0.04803101931881681,v90,transr,with_windows_removed_75pct,with_windows,75.0
91.0,-0.01930058699533731,0.01930058699533731,v91,transr,with_windows_removed_75pct,with_windows,75.0
92.0,-0.05944292828589864,0.05944292828589864,v92,transr,with_windows_removed_75pct,with_windows,75.0
93.0,-0.06174109271469993,0.06174109271469993,v93,transr,with_windows_removed_75pct,with_windows,75.0
94.0,-0.03758412513533239,0.03758412513533239,v94,transr,with_windows_removed_75pct,with_windows,75.0
95.0,-0.0493501846020224,0.0493501846020224,v95,transr,with_windows_removed_75pct,with_windows,75.0
96.0,-0.04249059091248454,0.04249059091248454,v96,transr,with_windows_removed_75pct,with_windows,75.0
97.0,-0.05291531015040421,0.05291531015040421,v97,transr,with_windows_removed_75pct,with_windows,75.0
98.0,-0.05384701033639642,0.05384701033639642,v98,transr,with_windows_removed_75pct,with_windows,75.0
99.0,-0.03966973517251325,0.03966973517251325,v99,transr,with_windows_removed_75pct,with_windows,75.0
100.0,-0.04210324272876971,0.04210324272876971,v100,transr,with_windows_removed_75pct,with_windows,75.0
1.0,0.07142851013013679,-0.07142851013013679,v1,transr,without_windows_removed_75pct,without_windows,75.0
2.0,-0.07704243360838585,0.07704243360838585,v2,transr,without_windows_removed_75pct,without_windows,75.0
3.0,0.09417411139610918,-0.09417411139610918,v3,transr,without_windows_removed_75pct,without_windows,75.0
4.0,0.08251736716903636,-0.08251736716903636,v4,transr,without_windows_removed_75pct,without_windows,75.0
5.0,0.06542821141869842,-0.06542821141869842,v5,transr,without_windows_removed_75pct,without_windows,75.0
6.0,0.08980293793449395,-0.08980293793449395,v6,transr,without_windows_removed_75pct,without_windows,75.0
7.0,-0.07818384367483323,0.07818384367483323,v7,transr,without_windows_removed_75pct,without_windows,75.0
8.0,0.12845220909694696,-0.12845220909694696,v8,transr,without_windows_removed_75pct,without_windows,75.0
9.0,-0.1240221680295471,0.1240221680295471,v9,transr,without_windows_removed_75pct,without_windows,75.0
10.0,0.08901110091859674,-0.08901110091859674,v10,transr,without_windows_removed_75pct,without_windows,75.0
11.0,0.1362182698072972,-0.1362182698072972,v11,transr,without_windows_removed_75pct,without_windows,75.0
12.0,0.06216532315166587,-0.06216532315166587,v12,transr,without_windows_removed_75pct,without_windows,75.0
13.0,-0.0892494613358757,0.0892494613358757,v13,transr,without_windows_removed_75pct,without_windows,75.0
14.0,-0.11012147322825162,0.11012147322825162,v14,transr,without_windows_removed_75pct,without_windows,75.0
15.0,0.14797806231359567,-0.14797806231359567,v15,transr,without_windows_removed_75pct,without_windows,75.0
16.0,0.09675531155379971,-0.09675531155379971,v16,transr,without_windows_removed_75pct,without_windows,75.0
17.0,-0.07532305186910843,0.07532305186910843,v17,transr,without_windows_removed_75pct,without_windows,75.0
18.0,0.09428194896694572,-0.09428194896694572,v18,transr,without_windows_removed_75pct,without_windows,75.0
19.0,0.07434677969417502,-0.07434677969417502,v19,transr,without_windows_removed_75pct,without_windows,75.0
20.0,0.04879968697714907,-0.04879968697714907,v20,transr,without_windows_removed_75pct,without_windows,75.0
21.0,0.13206480408915397,-0.13206480408915397,v21,transr,without_windows_removed_75pct,without_windows,75.0
22.0,0.09213363609141886,-0.09213363609141886,v22,transr,without_windows_removed_75pct,without_windows,75.0
23.0,0.12816007123608064,-0.12816007123608064,v23,transr,without_windows_removed_75pct,without_windows,75.0
24.0,0.10190171681088508,-0.10190171681088508,v24,transr,without_windows_removed_75pct,without_windows,75.0
25.0,0.09474401802964709,-0.09474401802964709,v25,transr,without_windows_removed_75pct,without_windows,75.0
26.0,0.09353942786967515,-0.09353942786967515,v26,transr,without_windows_removed_75pct,without_windows,75.0
27.0,0.10354452975441365,-0.10354452975441365,v27,transr,without_windows_removed_75pct,without_windows,75.0
28.0,0.09783984842811702,-0.09783984842811702,v28,transr,without_windows_removed_75pct,without_windows,75.0
29.0,-0.08207950001023186,0.08207950001023186,v29,transr,without_windows_removed_75pct,without_windows,75.0
30.0,0.06361761469984659,-0.06361761469984659,v30,transr,without_windows_removed_75pct,without_windows,75.0
31.0,-0.07896911371156921,0.07896911371156921,v31,transr,without_windows_removed_75pct,without_windows,75.0
32.0,-0.08964013627475191,0.08964013627475191,v32,transr,without_windows_removed_75pct,without_windows,75.0
33.0,0.08852512586193693,-0.08852512586193693,v33,transr,without_windows_removed_75pct,without_windows,75.0
34.0,0.1512580357200911,-0.1512580357200911,v34,transr,without_windows_removed_75pct,without_windows,75.0
35.0,-0.11679311035904055,0.11679311035904055,v35,transr,without_windows_removed_75pct,without_windows,75.0
36.0,-0.1415919694579247,0.1415919694579247,v36,transr,without_windows_removed_75pct,without_windows,75.0
37.0,-0.09781508561842417,0.09781508561842417,v37,transr,without_windows_removed_75pct,without_windows,75.0
38.0,-0.08419638062396509,0.08419638062396509,v38,transr,without_windows_removed_75pct,without_windows,75.0
39.0,0.08129299991797109,-0.08129299991797109,v39,transr,without_windows_removed_75pct,without_windows,75.0
40.0,0.13867648153696238,-0.13867648153696238,v40,transr,without_windows_removed_75pct,without_windows,75.0
41.0,-0.14015378242547757,0.14015378242547757,v41,transr,without_windows_removed_75pct,without_windows,75.0
42.0,0.11704873408063786,-0.11704873408063786,v42,transr,without_windows_removed_75pct,without_windows,75.0
43.0,-0.07959722722057516,0.07959722722057516,v43,transr,without_windows_removed_75pct,without_windows,75.0
44.0,0.154307915560209,-0.154307915560209,v44,transr,without_windows_removed_75pct,without_windows,75.0
45.0,0.11256505711458292,-0.11256505711458292,v45,transr,without_windows_removed_75pct,without_windows,75.0
46.0,0.09956296703484377,-0.09956296703484377,v46,transr,without_windows_removed_75pct,without_windows,75.0
47.0,-0.13856644940036641,0.13856644940036641,v47,transr,without_windows_removed_75pct,without_windows,75.0
48.0,0.07533541651915386,-0.07533541651915386,v48,transr,without_windows_removed_75pct,without_windows,75.0
49.0,0.13759908053649006,-0.13759908053649006,v49,transr,without_windows_removed_75pct,without_windows,75.0
50.0,-0.12039406026663584,0.12039406026663584,v50,transr,without_windows_removed_75pct,without_windows,75.0
51.0,-0.1356479361052106,0.1356479361052106,v51,transr,without_windows_removed_75pct,without_windows,75.0
52.0,-0.07992629338537546,0.07992629338537546,v52,transr,without_windows_removed_75pct,without_windows,75.0
53.0,0.11967575385001243,-0.11967575385001243,v53,transr,without_windows_removed_75pct,without_windows,75.0
54.0,-0.0901631256112355,0.0901631256112355,v54,transr,without_windows_removed_75pct,without_windows,75.0
55.0,-0.08918703106286312,0.08918703106286312,v55,transr,without_windows_removed_75pct,without_windows,75.0
56.0,-0.10938181872258215,0.10938181872258215,v56,transr,without_windows_removed_75pct,without_windows,75.0
57.0,-0.09438959623323563,0.09438959623323563,v57,transr,without_windows_removed_75pct,without_windows,75.0
58.0,-0.13420374662518061,0.13420374662518061,v58,transr,without_windows_removed_75pct,without_windows,75.0
59.0,-0.09123204972041514,0.09123204972041514,v59,transr,without_windows_removed_75pct,without_windows,75.0
60.0,-0.11077822026019683,0.11077822026019683,v60,transr,without_windows_removed_75pct,without_windows,75.0
61.0,-0.04805653726527955,0.04805653726527955,v61,transr,without_windows_removed_75pct,without_windows,75.0
62.0,-0.13372852530029586,0.13372852530029586,v62,transr,without_windows_removed_75pct,without_windows,75.0
63.0,-0.13473828369393903,0.13473828369393903,v63,transr,without_windows_removed_75pct,without_windows,75.0
64.0,-0.10148610640784657,0.10148610640784657,v64,transr,without_windows_removed_75pct,without_windows,75.0
65.0,0.12962916055794088,-0.12962916055794088,v65,transr,without_windows_removed_75pct,without_windows,75.0
66.0,-0.1049362187656176,0.1049362187656176,v66,transr,without_windows_removed_75pct,without_windows,75.0
67.0,-0.08522829419867327,0.08522829419867327,v67,transr,without_windows_removed_75pct,without_windows,75.0
68.0,-0.14122723924085798,0.14122723924085798,v68,transr,without_windows_removed_75pct,without_windows,75.0
69.0,0.07265800339954392,-0.07265800339954392,v69,transr,without_windows_removed_75pct,without_windows,75.0
70.0,-0.13843413112885775,0.13843413112885775,v70,transr,without_windows_removed_75pct,without_windows,75.0
71.0,0.06696985537940722,-0.06696985537940722,v71,transr,without_windows_removed_75pct,without_windows,75.0
72.0,0.06466857932202745,-0.06466857932202745,v72,transr,without_windows_removed_75pct,without_windows,75.0
73.0,0.1221603001294457,-0.1221603001294457,v73,transr,without_windows_removed_75pct,without_windows,75.0
74.0,-0.1470334680030545,0.1470334680030545,v74,transr,without_windows_removed_75pct,without_windows,75.0
75.0,0.06288236334114441,-0.06288236334114441,v75,transr,without_windows_removed_75pct,without_windows,75.0
76.0,-0.07287488750836275,0.07287488750836275,v76,transr,without_windows_removed_75pct,without_windows,75.0
77.0,-0.09653504566878372,0.09653504566878372,v77,transr,without_windows_removed_75pct,without_windows,75.0
78.0,0.08821806407569925,-0.08821806407569925,v78,transr,without_windows_removed_75pct,without_windows,75.0
79.0,-0.1203823938527947,0.1203823938527947,v79,transr,without_windows_removed_75pct,without_windows,75.0
80.0,-0.09327706443959656,0.09327706443959656,v80,transr,without_windows_removed_75pct,without_windows,75.0
81.0,-0.11536816286933564,0.11536816286933564,v81,transr,without_windows_removed_75pct,without_windows,75.0
82.0,0.10024509309420633,-0.10024509309420633,v82,transr,without_windows_removed_75pct,without_windows,75.0
83.0,-0.10283841969008584,0.10283841969008584,v83,transr,without_windows_removed_75pct,without_windows,75.0
84.0,-0.08258833030665429,0.08258833030665429,v84,transr,without_windows_removed_75pct,without_windows,75.0
85.0,-0.07472740965142978,0.07472740965142978,v85,transr,without_windows_removed_75pct,without_windows,75.0
86.0,0.06093227566585224,-0.06093227566585224,v86,transr,without_windows_removed_75pct,without_windows,75.0
87.0,-0.12247961796232464,0.12247961796232464,v87,transr,without_windows_removed_75pct,without_windows,75.0
88.0,-0.0827697258768121,0.0827697258768121,v88,transr,without_windows_removed_75pct,without_windows,75.0
89.0,0.07768072039546035,-0.07768072039546035,v89,transr,without_windows_removed_75pct,without_windows,75.0
90.0,0.06487605242787976,-0.06487605242787976,v90,transr,without_windows_removed_75pct,without_windows,75.0
91.0,-0.07951357117783522,0.07951357117783522,v91,transr,without_windows_removed_75pct,without_windows,75.0
92.0,0.10026467997412192,-0.10026467997412192,v92,transr,without_windows_removed_75pct,without_windows,75.0
93.0,0.0743043267834197,-0.0743043267834197,v93,transr,without_windows_removed_75pct,without_windows,75.0
94.0,-0.07629659237226186,0.07629659237226186,v94,transr,without_windows_removed_75pct,without_windows,75.0
95.0,0.06369966714265407,-0.06369966714265407,v95,transr,without_windows_removed_75pct,without_windows,75.0
96.0,0.06723081042003759,-0.06723081042003759,v96,transr,without_windows_removed_75pct,without_windows,75.0
97.0,0.07267028018863388,-0.07267028018863388,v97,transr,without_windows_removed_75pct,without_windows,75.0
98.0,0.05769642050263117,-0.05769642050263117,v98,transr,without_windows_removed_75pct,without_windows,75.0
99.0,-0.06937665536529161,0.06937665536529161,v99,transr,without_windows_removed_75pct,without_windows,75.0
100.0,0.0710060275163686,-0.0710060275163686,v100,transr,without_windows_removed_75pct,without_windows,75.0
1.0,-0.05217912633189405,0.05217912633189405,v1,transr,with_windows_removed_99pct,with_windows,99.0
2.0,-0.0605135806708618,0.0605135806708618,v2,transr,with_windows_removed_99pct,with_windows,99.0
3.0,-0.06013098211406448,0.06013098211406448,v3,transr,with_windows_removed_99pct,with_windows,99.0
4.0,0.04836826410658051,-0.04836826410658051,v4,transr,with_windows_removed_99pct,with_windows,99.0
5.0,0.051723333814742305,-0.051723333814742305,v5,transr,with_windows_removed_99pct,with_windows,99.0
6.0,0.0439959358896959,-0.0439959358896959,v6,transr,with_windows_removed_99pct,with_windows,99.0
7.0,0.05118764847384937,-0.05118764847384937,v7,transr,with_windows_removed_99pct,with_windows,99.0
8.0,-0.05195831256888013,0.05195831256888013,v8,transr,with_windows_removed_99pct,with_windows,99.0
9.0,0.05374988650118156,-0.05374988650118156,v9,transr,with_windows_removed_99pct,with_windows,99.0
10.0,0.05337091419809595,-0.05337091419809595,v10,transr,with_windows_removed_99pct,with_windows,99.0
11.0,0.05335314661559777,-0.05335314661559777,v11,transr,with_windows_removed_99pct,with_windows,99.0
12.0,-0.05204629637410927,0.05204629637410927,v12,transr,with_windows_removed_99pct,with_windows,99.0
13.0,-0.04995139533553202,0.04995139533553202,v13,transr,with_windows_removed_99pct,with_windows,99.0
14.0,0.06653500854779132,-0.06653500854779132,v14,transr,with_windows_removed_99pct,with_windows,99.0
15.0,0.050636835570765946,-0.050636835570765946,v15,transr,with_windows_removed_99pct,with_windows,99.0
16.0,0.06171872945041566,-0.06171872945041566,v16,transr,with_windows_removed_99pct,with_windows,99.0
17.0,-0.058349679379095055,0.058349679379095055,v17,transr,with_windows_removed_99pct,with_windows,99.0
18.0,-0.043458801674693764,0.043458801674693764,v18,transr,with_windows_removed_99pct,with_windows,99.0
19.0,0.049351338678248965,-0.049351338678248965,v19,transr,with_windows_removed_99pct,with_windows,99.0
20.0,-0.050778353647862186,0.050778353647862186,v20,transr,with_windows_removed_99pct,with_windows,99.0
21.0,0.04794100292123317,-0.04794100292123317,v21,transr,with_windows_removed_99pct,with_windows,99.0
22.0,0.05920049718391602,-0.05920049718391602,v22,transr,with_windows_removed_99pct,with_windows,99.0
23.0,-0.06502552116902573,0.06502552116902573,v23,transr,with_windows_removed_99pct,with_windows,99.0
24.0,0.052127129009032235,-0.052127129009032235,v24,transr,with_windows_removed_99pct,with_windows,99.0
25.0,-0.0548491349400312,0.0548491349400312,v25,transr,with_windows_removed_99pct,with_windows,99.0
26.0,-0.05046036241196631,0.05046036241196631,v26,transr,with_windows_removed_99pct,with_windows,99.0
27.0,0.05536962603107474,-0.05536962603107474,v27,transr,with_windows_removed_99pct,with_windows,99.0
28.0,-0.06236221771801491,0.06236221771801491,v28,transr,with_windows_removed_99pct,with_windows,99.0
29.0,0.051356350702856046,-0.051356350702856046,v29,transr,with_windows_removed_99pct,with_windows,99.0
30.0,0.05100341125986644,-0.05100341125986644,v30,transr,with_windows_removed_99pct,with_windows,99.0
31.0,0.04539912289826563,-0.04539912289826563,v31,transr,with_windows_removed_99pct,with_windows,99.0
32.0,0.043796935540893714,-0.043796935540893714,v32,transr,with_windows_removed_99pct,with_windows,99.0
33.0,-0.05561161207946301,0.05561161207946301,v33,transr,with_windows_removed_99pct,with_windows,99.0
34.0,-0.05931093013870187,0.05931093013870187,v34,transr,with_windows_removed_99pct,with_windows,99.0
35.0,-0.04778176290942803,0.04778176290942803,v35,transr,with_windows_removed_99pct,with_windows,99.0
36.0,0.054937191050482816,-0.054937191050482816,v36,transr,with_windows_removed_99pct,with_windows,99.0
37.0,-0.05140483320722203,0.05140483320722203,v37,transr,with_windows_removed_99pct,with_windows,99.0
38.0,-0.049682161432935724,0.049682161432935724,v38,transr,with_windows_removed_99pct,with_windows,99.0
39.0,-0.056769362921145275,0.056769362921145275,v39,transr,with_windows_removed_99pct,with_windows,99.0
40.0,-0.06502551763256913,0.06502551763256913,v40,transr,with_windows_removed_99pct,with_windows,99.0
41.0,-0.05216786595548154,0.05216786595548154,v41,transr,with_windows_removed_99pct,with_windows,99.0
42.0,-0.05506553171337154,0.05506553171337154,v42,transr,with_windows_removed_99pct,with_windows,99.0
43.0,0.05798552677251941,-0.05798552677251941,v43,transr,with_windows_removed_99pct,with_windows,99.0
44.0,0.053173030304722056,-0.053173030304722056,v44,transr,with_windows_removed_99pct,with_windows,99.0
45.0,0.04226228131770483,-0.04226228131770483,v45,transr,with_windows_removed_99pct,with_windows,99.0
46.0,-0.05136200652406033,0.05136200652406033,v46,transr,with_windows_removed_99pct,with_windows,99.0
47.0,0.05886278934732855,-0.05886278934732855,v47,transr,with_windows_removed_99pct,with_windows,99.0
48.0,0.04633057085028432,-0.04633057085028432,v48,transr,with_windows_removed_99pct,with_windows,99.0
49.0,0.04582065730846011,-0.04582065730846011,v49,transr,with_windows_removed_99pct,with_windows,99.0
50.0,-0.06000907143024171,0.06000907143024171,v50,transr,with_windows_removed_99pct,with_windows,99.0
51.0,0.05782141297667985,-0.05782141297667985,v51,transr,with_windows_removed_99pct,with_windows,99.0
52.0,0.06366316586676866,-0.06366316586676866,v52,transr,with_windows_removed_99pct,with_windows,99.0
53.0,0.05175137470745712,-0.05175137470745712,v53,transr,with_windows_removed_99pct,with_windows,99.0
54.0,-0.05962935320661837,0.05962935320661837,v54,transr,with_windows_removed_99pct,with_windows,99.0
55.0,-0.06863042707363441,0.06863042707363441,v55,transr,with_windows_removed_99pct,with_windows,99.0
56.0,-0.049283349971326496,0.049283349971326496,v56,transr,with_windows_removed_99pct,with_windows,99.0
57.0,-0.05944493903737967,0.05944493903737967,v57,transr,with_windows_removed_99pct,with_windows,99.0
58.0,0.057908551591476426,-0.057908551591476426,v58,transr,with_windows_removed_99pct,with_windows,99.0
59.0,0.054737585822522625,-0.054737585822522625,v59,transr,with_windows_removed_99pct,with_windows,99.0
60.0,-0.05568001901316858,0.05568001901316858,v60,transr,with_windows_removed_99pct,with_windows,99.0
61.0,-0.05340432268496469,0.05340432268496469,v61,transr,with_windows_removed_99pct,with_windows,99.0
62.0,0.055849306608181874,-0.055849306608181874,v62,transr,with_windows_removed_99pct,with_windows,99.0
63.0,0.05314551387981365,-0.05314551387981365,v63,transr,with_windows_removed_99pct,with_windows,99.0
64.0,-0.05304233938589491,0.05304233938589491,v64,transr,with_windows_removed_99pct,with_windows,99.0
65.0,0.04500479898422564,-0.04500479898422564,v65,transr,with_windows_removed_99pct,with_windows,99.0
66.0,-0.052932465335526466,0.052932465335526466,v66,transr,with_windows_removed_99pct,with_windows,99.0
67.0,-0.05609711446422827,0.05609711446422827,v67,transr,with_windows_removed_99pct,with_windows,99.0
68.0,-0.05325116575522348,0.05325116575522348,v68,transr,with_windows_removed_99pct,with_windows,99.0
69.0,0.043400221995810305,-0.043400221995810305,v69,transr,with_windows_removed_99pct,with_windows,99.0
70.0,0.06902628124623,-0.06902628124623,v70,transr,with_windows_removed_99pct,with_windows,99.0
71.0,-0.06086853271436845,0.06086853271436845,v71,transr,with_windows_removed_99pct,with_windows,99.0
72.0,0.04502934668450973,-0.04502934668450973,v72,transr,with_windows_removed_99pct,with_windows,99.0
73.0,0.05256591722286155,-0.05256591722286155,v73,transr,with_windows_removed_99pct,with_windows,99.0
74.0,0.05353215141747857,-0.05353215141747857,v74,transr,with_windows_removed_99pct,with_windows,99.0
75.0,-0.05314726755585458,0.05314726755585458,v75,transr,with_windows_removed_99pct,with_windows,99.0
76.0,-0.049818893254611266,0.049818893254611266,v76,transr,with_windows_removed_99pct,with_windows,99.0
77.0,-0.04678661026893016,0.04678661026893016,v77,transr,with_windows_removed_99pct,with_windows,99.0
78.0,0.06589616111714791,-0.06589616111714791,v78,transr,with_windows_removed_99pct,with_windows,99.0
79.0,0.05623602448484232,-0.05623602448484232,v79,transr,with_windows_removed_99pct,with_windows,99.0
80.0,-0.04689348585613231,0.04689348585613231,v80,transr,with_windows_removed_99pct,with_windows,99.0
81.0,-0.05909501881896751,0.05909501881896751,v81,transr,with_windows_removed_99pct,with_windows,99.0
82.0,0.07177757574711977,-0.07177757574711977,v82,transr,with_windows_removed_99pct,with_windows,99.0
83.0,0.05093534427245024,-0.05093534427245024,v83,transr,with_windows_removed_99pct,with_windows,99.0
84.0,-0.06833135645885374,0.06833135645885374,v84,transr,with_windows_removed_99pct,with_windows,99.0
85.0,0.05223296209275603,-0.05223296209275603,v85,transr,with_windows_removed_99pct,with_windows,99.0
86.0,-0.06306067134154941,0.06306067134154941,v86,transr,with_windows_removed_99pct,with_windows,99.0
87.0,0.07805406554913284,-0.07805406554913284,v87,transr,with_windows_removed_99pct,with_windows,99.0
88.0,-0.05060499056776271,0.05060499056776271,v88,transr,with_windows_removed_99pct,with_windows,99.0
89.0,-0.0736512045061676,0.0736512045061676,v89,transr,with_windows_removed_99pct,with_windows,99.0
90.0,-0.059163392735144205,0.059163392735144205,v90,transr,with_windows_removed_99pct,with_windows,99.0
91.0,0.050074435933123,-0.050074435933123,v91,transr,with_windows_removed_99pct,with_windows,99.0
92.0,-0.06424665931434526,0.06424665931434526,v92,transr,with_windows_removed_99pct,with_windows,99.0
93.0,-0.05438579659049914,0.05438579659049914,v93,transr,with_windows_removed_99pct,with_windows,99.0
94.0,0.053011786659639876,-0.053011786659639876,v94,transr,with_windows_removed_99pct,with_windows,99.0
95.0,0.05321741167232953,-0.05321741167232953,v95,transr,with_windows_removed_99pct,with_windows,99.0
96.0,-0.06309659076172147,0.06309659076172147,v96,transr,with_windows_removed_99pct,with_windows,99.0
97.0,0.055591394325467065,-0.055591394325467065,v97,transr,with_windows_removed_99pct,with_windows,99.0
98.0,-0.060336464786774846,0.060336464786774846,v98,transr,with_windows_removed_99pct,with_windows,99.0
99.0,0.051300682432772804,-0.051300682432772804,v99,transr,with_windows_removed_99pct,with_windows,99.0
100.0,0.05981621410389629,-0.05981621410389629,v100,transr,with_windows_removed_99pct,with_windows,99.0
1.0,-0.06409634703054624,0.06409634703054624,v1,transr,without_windows_removed_99pct,without_windows,99.0
2.0,-0.05372607284891411,0.05372607284891411,v2,transr,without_windows_removed_99pct,without_windows,99.0
3.0,0.06789739166291944,-0.06789739166291944,v3,transr,without_windows_removed_99pct,without_windows,99.0
4.0,0.0900245398984907,-0.0900245398984907,v4,transr,without_windows_removed_99pct,without_windows,99.0
5.0,0.08769547411381597,-0.08769547411381597,v5,transr,without_windows_removed_99pct,without_windows,99.0
6.0,0.09649707148552407,-0.09649707148552407,v6,transr,without_windows_removed_99pct,without_windows,99.0
7.0,-0.07131018061044057,0.07131018061044057,v7,transr,without_windows_removed_99pct,without_windows,99.0
8.0,0.08576640779509574,-0.08576640779509574,v8,transr,without_windows_removed_99pct,without_windows,99.0
9.0,-0.058026008334370945,0.058026008334370945,v9,transr,without_windows_removed_99pct,without_windows,99.0
10.0,-0.07431162511686884,0.07431162511686884,v10,transr,without_windows_removed_99pct,without_windows,99.0
11.0,0.08886747018737719,-0.08886747018737719,v11,transr,without_windows_removed_99pct,without_windows,99.0
12.0,-0.06871153664516759,0.06871153664516759,v12,transr,without_windows_removed_99pct,without_windows,99.0
13.0,-0.05765031301795552,0.05765031301795552,v13,transr,without_windows_removed_99pct,without_windows,99.0
14.0,0.0889544240794766,-0.0889544240794766,v14,transr,without_windows_removed_99pct,without_windows,99.0
15.0,-0.07392141990647855,0.07392141990647855,v15,transr,without_windows_removed_99pct,without_windows,99.0
16.0,0.11330788940967418,-0.11330788940967418,v16,transr,without_windows_removed_99pct,without_windows,99.0
17.0,0.07388659349785962,-0.07388659349785962,v17,transr,without_windows_removed_99pct,without_windows,99.0
18.0,0.07376279190270933,-0.07376279190270933,v18,transr,without_windows_removed_99pct,without_windows,99.0
19.0,0.09373855351609904,-0.09373855351609904,v19,transr,without_windows_removed_99pct,without_windows,99.0
20.0,0.11545591420726184,-0.11545591420726184,v20,transr,without_windows_removed_99pct,without_windows,99.0
21.0,-0.06814073299437413,0.06814073299437413,v21,transr,without_windows_removed_99pct,without_windows,99.0
22.0,-0.046626195334509075,0.046626195334509075,v22,transr,without_windows_removed_99pct,without_windows,99.0
23.0,0.08864323272861432,-0.08864323272861432,v23,transr,without_windows_removed_99pct,without_windows,99.0
24.0,0.08658694680920369,-0.08658694680920369,v24,transr,without_windows_removed_99pct,without_windows,99.0
25.0,-0.07863725743260824,0.07863725743260824,v25,transr,without_windows_removed_99pct,without_windows,99.0
26.0,-0.07742669534916155,0.07742669534916155,v26,transr,without_windows_removed_99pct,without_windows,99.0
27.0,0.10784468028124138,-0.10784468028124138,v27,transr,without_windows_removed_99pct,without_windows,99.0
28.0,0.09978616627159023,-0.09978616627159023,v28,transr,without_windows_removed_99pct,without_windows,99.0
29.0,-0.08532751425091845,0.08532751425091845,v29,transr,without_windows_removed_99pct,without_windows,99.0
30.0,-0.0684605119873239,0.0684605119873239,v30,transr,without_windows_removed_99pct,without_windows,99.0
31.0,0.09714993207847858,-0.09714993207847858,v31,transr,without_windows_removed_99pct,without_windows,99.0
32.0,-0.08375540954087944,0.08375540954087944,v32,transr,without_windows_removed_99pct,without_windows,99.0
33.0,0.08635262536206835,-0.08635262536206835,v33,transr,without_windows_removed_99pct,without_windows,99.0
34.0,-0.07302030209047845,0.07302030209047845,v34,transr,without_windows_removed_99pct,without_windows,99.0
35.0,-0.07983299096464842,0.07983299096464842,v35,transr,without_windows_removed_99pct,without_windows,99.0
36.0,0.06501627698146062,-0.06501627698146062,v36,transr,without_windows_removed_99pct,without_windows,99.0
37.0,-0.07265010220863909,0.07265010220863909,v37,transr,without_windows_removed_99pct,without_windows,99.0
38.0,-0.06852888507010638,0.06852888507010638,v38,transr,without_windows_removed_99pct,without_windows,99.0
39.0,0.08970580100954693,-0.08970580100954693,v39,transr,without_windows_removed_99pct,without_windows,99.0
40.0,0.08633482853121476,-0.08633482853121476,v40,transr,without_windows_removed_99pct,without_windows,99.0
41.0,0.11571722095765123,-0.11571722095765123,v41,transr,without_windows_removed_99pct,without_windows,99.0
42.0,-0.05899330144226789,0.05899330144226789,v42,transr,without_windows_removed_99pct,without_windows,99.0
43.0,-0.08401747619928768,0.08401747619928768,v43,transr,without_windows_removed_99pct,without_windows,99.0
44.0,-0.0590547090905694,0.0590547090905694,v44,transr,without_windows_removed_99pct,without_windows,99.0
45.0,0.096439442830051,-0.096439442830051,v45,transr,without_windows_removed_99pct,without_windows,99.0
46.0,0.08804114799156056,-0.08804114799156056,v46,transr,without_windows_removed_99pct,without_windows,99.0
47.0,0.09227340675721507,-0.09227340675721507,v47,transr,without_windows_removed_99pct,without_windows,99.0
48.0,-0.06863637500016558,0.06863637500016558,v48,transr,without_windows_removed_99pct,without_windows,99.0
49.0,0.08304455246530025,-0.08304455246530025,v49,transr,without_windows_removed_99pct,without_windows,99.0
50.0,-0.07487427879281659,0.07487427879281659,v50,transr,without_windows_removed_99pct,without_windows,99.0
51.0,0.11667512531152081,-0.11667512531152081,v51,transr,without_windows_removed_99pct,without_windows,99.0
52.0,-0.07119675267600625,0.07119675267600625,v52,transr,without_windows_removed_99pct,without_windows,99.0
53.0,-0.06290767020891606,0.06290767020891606,v53,transr,without_windows_removed_99pct,without_windows,99.0
54.0,-0.0707750249810806,0.0707750249810806,v54,transr,without_windows_removed_99pct,without_windows,99.0
55.0,-0.05180563450293179,0.05180563450293179,v55,transr,without_windows_removed_99pct,without_windows,99.0
56.0,0.09082117529775201,-0.09082117529775201,v56,transr,without_windows_removed_99pct,without_windows,99.0
57.0,-0.08466983823600381,0.08466983823600381,v57,transr,without_windows_removed_99pct,without_windows,99.0
58.0,0.06767935935156727,-0.06767935935156727,v58,transr,without_windows_removed_99pct,without_windows,99.0
59.0,-0.08354041415955243,0.08354041415955243,v59,transr,without_windows_removed_99pct,without_windows,99.0
60.0,-0.057249039269133876,0.057249039269133876,v60,transr,without_windows_removed_99pct,without_windows,99.0
61.0,-0.06314201301583992,0.06314201301583992,v61,transr,without_windows_removed_99pct,without_windows,99.0
62.0,0.07191987062070694,-0.07191987062070694,v62,transr,without_windows_removed_99pct,without_windows,99.0
63.0,-0.07933945661802776,0.07933945661802776,v63,transr,without_windows_removed_99pct,without_windows,99.0
64.0,-0.07558812688870074,0.07558812688870074,v64,transr,without_windows_removed_99pct,without_windows,99.0
65.0,0.09868666765401224,-0.09868666765401224,v65,transr,without_windows_removed_99pct,without_windows,99.0
66.0,-0.05196645914130934,0.05196645914130934,v66,transr,without_windows_removed_99pct,without_windows,99.0
67.0,0.08972788196394516,-0.08972788196394516,v67,transr,without_windows_removed_99pct,without_windows,99.0
68.0,-0.06493383814861249,0.06493383814861249,v68,transr,without_windows_removed_99pct,without_windows,99.0
69.0,-0.07113999383012719,0.07113999383012719,v69,transr,without_windows_removed_99pct,without_windows,99.0
70.0,-0.08142538013008621,0.08142538013008621,v70,transr,without_windows_removed_99pct,without_windows,99.0
71.0,-0.09652051207767655,0.09652051207767655,v71,transr,without_windows_removed_99pct,without_windows,99.0
72.0,-0.048010033600124416,0.048010033600124416,v72,transr,without_windows_removed_99pct,without_windows,99.0
73.0,-0.04519440140286169,0.04519440140286169,v73,transr,without_windows_removed_99pct,without_windows,99.0
74.0,-0.07158957259204038,0.07158957259204038,v74,transr,without_windows_removed_99pct,without_windows,99.0
75.0,0.0845737671716657,-0.0845737671716657,v75,transr,without_windows_removed_99pct,without_windows,99.0
76.0,0.07469412013439113,-0.07469412013439113,v76,transr,without_windows_removed_99pct,without_windows,99.0
77.0,-0.0724870106092866,0.0724870106092866,v77,transr,without_windows_removed_99pct,without_windows,99.0
78.0,0.08430456493663879,-0.08430456493663879,v78,transr,without_windows_removed_99pct,without_windows,99.0
79.0,-0.07239934019350569,0.07239934019350569,v79,transr,without_windows_removed_99pct,without_windows,99.0
80.0,-0.07279223742190959,0.07279223742190959,v80,transr,without_windows_removed_99pct,without_windows,99.0
81.0,0.07872923260844811,-0.07872923260844811,v81,transr,without_windows_removed_99pct,without_windows,99.0
82.0,-0.04090129498738505,0.04090129498738505,v82,transr,without_windows_removed_99pct,without_windows,99.0
83.0,-0.057613035989756596,0.057613035989756596,v83,transr,without_windows_removed_99pct,without_windows,99.0
84.0,-0.07024140142296312,0.07024140142296312,v84,transr,without_windows_removed_99pct,without_windows,99.0
85.0,-0.0753984300391436,0.0753984300391436,v85,transr,without_windows_removed_99pct,without_windows,99.0
86.0,0.10252683057687656,-0.10252683057687656,v86,transr,without_windows_removed_99pct,without_windows,99.0
87.0,0.09479553981551778,-0.09479553981551778,v87,transr,without_windows_removed_99pct,without_windows,99.0
88.0,-0.06788556267952485,0.06788556267952485,v88,transr,without_windows_removed_99pct,without_windows,99.0
89.0,-0.11006256889397767,0.11006256889397767,v89,transr,without_windows_removed_99pct,without_windows,99.0
90.0,-0.05257603671450323,0.05257603671450323,v90,transr,without_windows_removed_99pct,without_windows,99.0
91.0,-0.05354878383712717,0.05354878383712717,v91,transr,without_windows_removed_99pct,without_windows,99.0
92.0,-0.07711419208595306,0.07711419208595306,v92,transr,without_windows_removed_99pct,without_windows,99.0
93.0,0.10245973902843915,-0.10245973902843915,v93,transr,without_windows_removed_99pct,without_windows,99.0
94.0,-0.0707092332959419,0.0707092332959419,v94,transr,without_windows_removed_99pct,without_windows,99.0
95.0,0.07767717458070408,-0.07767717458070408,v95,transr,without_windows_removed_99pct,without_windows,99.0
96.0,0.08252739717714506,-0.08252739717714506,v96,transr,without_windows_removed_99pct,without_windows,99.0
97.0,0.12468365239081125,-0.12468365239081125,v97,transr,without_windows_removed_99pct,without_windows,99.0
98.0,0.11347857631112522,-0.11347857631112522,v98,transr,without_windows_removed_99pct,without_windows,99.0
99.0,-0.06567870273796897,0.06567870273796897,v99,transr,without_windows_removed_99pct,without_windows,99.0
100.0,-0.054613224095292824,0.054613224095292824,v100,transr,without_windows_removed_99pct,without_windows,99.0
1.0,1.5932952942364884,-1.5932952942364884,v1,mure,with_windows_original,with_windows,0.0
2.0,1.5542056000143158,-1.5542056000143158,v2,mure,with_windows_original,with_windows,0.0
3.0,1.5667186903250054,-1.5667186903250054,v3,mure,with_windows_original,with_windows,0.0
4.0,1.3978524036741395,-1.3978524036741395,v4,mure,with_windows_original,with_windows,0.0
5.0,1.3263922257843954,-1.3263922257843954,v5,mure,with_windows_original,with_windows,0.0
6.0,1.3869276085866196,-1.3869276085866196,v6,mure,with_windows_original,with_windows,0.0
7.0,1.3723657378029237,-1.3723657378029237,v7,mure,with_windows_original,with_windows,0.0
8.0,1.186032538204352,-1.186032538204352,v8,mure,with_windows_original,with_windows,0.0
9.0,1.325113554023561,-1.325113554023561,v9,mure,with_windows_original,with_windows,0.0
10.0,1.2482389410219437,-1.2482389410219437,v10,mure,with_windows_original,with_windows,0.0
11.0,1.2989069442180545,-1.2989069442180545,v11,mure,with_windows_original,with_windows,0.0
12.0,1.2253517689928561,-1.2253517689928561,v12,mure,with_windows_original,with_windows,0.0
13.0,1.1991710504074775,-1.1991710504074775,v13,mure,with_windows_original,with_windows,0.0
14.0,0.9800501319283118,-0.9800501319283118,v14,mure,with_windows_original,with_windows,0.0
15.0,0.9913126529143356,-0.9913126529143356,v15,mure,with_windows_original,with_windows,0.0
16.0,1.0640391240440252,-1.0640391240440252,v16,mure,with_windows_original,with_windows,0.0
17.0,1.1357064948838111,-1.1357064948838111,v17,mure,with_windows_original,with_windows,0.0
18.0,0.9508047974099594,-0.9508047974099594,v18,mure,with_windows_original,with_windows,0.0
19.0,1.0106771827497603,-1.0106771827497603,v19,mure,with_windows_original,with_windows,0.0
20.0,0.8462968920751351,-0.8462968920751351,v20,mure,with_windows_original,with_windows,0.0
21.0,0.9168237023634263,-0.9168237023634263,v21,mure,with_windows_original,with_windows,0.0
22.0,0.9272421010163826,-0.9272421010163826,v22,mure,with_windows_original,with_windows,0.0
23.0,0.7438919128388599,-0.7438919128388599,v23,mure,with_windows_original,with_windows,0.0
24.0,0.7698946271154623,-0.7698946271154623,v24,mure,with_windows_original,with_windows,0.0
25.0,0.722856176740931,-0.722856176740931,v25,mure,with_windows_original,with_windows,0.0
26.0,0.6822185821964236,-0.6822185821964236,v26,mure,with_windows_original,with_windows,0.0
27.0,0.7857480165584999,-0.7857480165584999,v27,mure,with_windows_original,with_windows,0.0
28.0,0.6792329355056899,-0.6792329355056899,v28,mure,with_windows_original,with_windows,0.0
29.0,0.4262368886312227,-0.4262368886312227,v29,mure,with_windows_original,with_windows,0.0
30.0,0.7231354922465486,-0.7231354922465486,v30,mure,with_windows_original,with_windows,0.0
31.0,0.5756276621783492,-0.5756276621783492,v31,mure,with_windows_original,with_windows,0.0
32.0,0.3201284289767536,-0.3201284289767536,v32,mure,with_windows_original,with_windows,0.0
33.0,0.4492288265062283,-0.4492288265062283,v33,mure,with_windows_original,with_windows,0.0
34.0,0.3422108341835437,-0.3422108341835437,v34,mure,with_windows_original,with_windows,0.0
35.0,0.35854288775937065,-0.35854288775937065,v35,mure,with_windows_original,with_windows,0.0
36.0,0.3376682605139955,-0.3376682605139955,v36,mure,with_windows_original,with_windows,0.0
37.0,0.22628877687660837,-0.22628877687660837,v37,mure,with_windows_original,with_windows,0.0
38.0,0.6037279927231248,-0.6037279927231248,v38,mure,with_windows_original,with_windows,0.0
39.0,0.2476130497052498,-0.2476130497052498,v39,mure,with_windows_original,with_windows,0.0
40.0,0.2916994027355867,-0.2916994027355867,v40,mure,with_windows_original,with_windows,0.0
41.0,0.18494317105164468,-0.18494317105164468,v41,mure,with_windows_original,with_windows,0.0
42.0,0.2581966494881889,-0.2581966494881889,v42,mure,with_windows_original,with_windows,0.0
43.0,0.23023057758543247,-0.23023057758543247,v43,mure,with_windows_original,with_windows,0.0
44.0,0.17542790229985838,-0.17542790229985838,v44,mure,with_windows_original,with_windows,0.0
45.0,0.17166707572056833,-0.17166707572056833,v45,mure,with_windows_original,with_windows,0.0
46.0,0.2245946672996002,-0.2245946672996002,v46,mure,with_windows_original,with_windows,0.0
47.0,0.14414055536591422,-0.14414055536591422,v47,mure,with_windows_original,with_windows,0.0
48.0,0.09395050787301285,-0.09395050787301285,v48,mure,with_windows_original,with_windows,0.0
49.0,-0.04802382272943302,0.04802382272943302,v49,mure,with_windows_original,with_windows,0.0
50.0,-0.07352851620798366,0.07352851620798366,v50,mure,with_windows_original,with_windows,0.0
51.0,-0.17155249908773013,0.17155249908773013,v51,mure,with_windows_original,with_windows,0.0
52.0,-0.11721454071572651,0.11721454071572651,v52,mure,with_windows_original,with_windows,0.0
53.0,-0.21980140978124513,0.21980140978124513,v53,mure,with_windows_original,with_windows,0.0
54.0,-0.2971976643779721,0.2971976643779721,v54,mure,with_windows_original,with_windows,0.0
55.0,-0.31196168186576767,0.31196168186576767,v55,mure,with_windows_original,with_windows,0.0
56.0,-0.4967966440803668,0.4967966440803668,v56,mure,with_windows_original,with_windows,0.0
57.0,-0.19108389604411347,0.19108389604411347,v57,mure,with_windows_original,with_windows,0.0
58.0,-0.3486714594351278,0.3486714594351278,v58,mure,with_windows_original,with_windows,0.0
59.0,-0.23469843033696336,0.23469843033696336,v59,mure,with_windows_original,with_windows,0.0
60.0,-0.40289102801221494,0.40289102801221494,v60,mure,with_windows_original,with_windows,0.0
61.0,-0.48859210999225416,0.48859210999225416,v61,mure,with_windows_original,with_windows,0.0
62.0,-0.43307501005440896,0.43307501005440896,v62,mure,with_windows_original,with_windows,0.0
63.0,-0.4736844575138843,0.4736844575138843,v63,mure,with_windows_original,with_windows,0.0
64.0,-0.5092370825043873,0.5092370825043873,v64,mure,with_windows_original,with_windows,0.0
65.0,-0.5324084054371193,0.5324084054371193,v65,mure,with_windows_original,with_windows,0.0
66.0,-0.5273867631467892,0.5273867631467892,v66,mure,with_windows_original,with_windows,0.0
67.0,-0.6914720833235959,0.6914720833235959,v67,mure,with_windows_original,with_windows,0.0
68.0,-0.5085149475530355,0.5085149475530355,v68,mure,with_windows_original,with_windows,0.0
69.0,-0.6887306018133845,0.6887306018133845,v69,mure,with_windows_original,with_windows,0.0
70.0,-0.6745440232512783,0.6745440232512783,v70,mure,with_windows_original,with_windows,0.0
71.0,-0.5626153387610193,0.5626153387610193,v71,mure,with_windows_original,with_windows,0.0
72.0,-0.7721462876104543,0.7721462876104543,v72,mure,with_windows_original,with_windows,0.0
73.0,-0.5350128718210666,0.5350128718210666,v73,mure,with_windows_original,with_windows,0.0
74.0,-0.706149964729114,0.706149964729114,v74,mure,with_windows_original,with_windows,0.0
75.0,-0.7304326333379995,0.7304326333379995,v75,mure,with_windows_original,with_windows,0.0
76.0,-0.984343341795594,0.984343341795594,v76,mure,with_windows_original,with_windows,0.0
77.0,-0.7719366628055401,0.7719366628055401,v77,mure,with_windows_original,with_windows,0.0
78.0,-1.1009995944225657,1.1009995944225657,v78,mure,with_windows_original,with_windows,0.0
79.0,-0.7284080010029751,0.7284080010029751,v79,mure,with_windows_original,with_windows,0.0
80.0,-0.8318706255198218,0.8318706255198218,v80,mure,with_windows_original,with_windows,0.0
81.0,-0.9883720751116565,0.9883720751116565,v81,mure,with_windows_original,with_windows,0.0
82.0,-0.891460326000524,0.891460326000524,v82,mure,with_windows_original,with_windows,0.0
83.0,-1.0685323907014475,1.0685323907014475,v83,mure,with_windows_original,with_windows,0.0
84.0,-1.0073161206115302,1.0073161206115302,v84,mure,with_windows_original,with_windows,0.0
85.0,-1.0863215813504616,1.0863215813504616,v85,mure,with_windows_original,with_windows,0.0
86.0,-0.8766689416053719,0.8766689416053719,v86,mure,with_windows_original,with_windows,0.0
87.0,-1.1559529703947609,1.1559529703947609,v87,mure,with_windows_original,with_windows,0.0
88.0,-1.102069727338984,1.102069727338984,v88,mure,with_windows_original,with_windows,0.0
89.0,-0.9006654025755398,0.9006654025755398,v89,mure,with_windows_original,with_windows,0.0
90.0,-1.001884679280002,1.001884679280002,v90,mure,with_windows_original,with_windows,0.0
91.0,-0.9233842095613188,0.9233842095613188,v91,mure,with_windows_original,with_windows,0.0
92.0,-0.9269747924337982,0.9269747924337982,v92,mure,with_windows_original,with_windows,0.0
93.0,-1.096074962813003,1.096074962813003,v93,mure,with_windows_original,with_windows,0.0
94.0,-1.1682155588701708,1.1682155588701708,v94,mure,with_windows_original,with_windows,0.0
95.0,-1.0760671992332917,1.0760671992332917,v95,mure,with_windows_original,with_windows,0.0
96.0,-1.2119243142199794,1.2119243142199794,v96,mure,with_windows_original,with_windows,0.0
97.0,-1.0328006689440774,1.0328006689440774,v97,mure,with_windows_original,with_windows,0.0
98.0,-1.1544099995568466,1.1544099995568466,v98,mure,with_windows_original,with_windows,0.0
99.0,-1.1522039552579573,1.1522039552579573,v99,mure,with_windows_original,with_windows,0.0
100.0,-1.2863450224222872,1.2863450224222872,v100,mure,with_windows_original,with_windows,0.0
1.0,1.4759399485646838,-1.4759399485646838,v1,mure,without_windows_original,without_windows,0.0
2.0,1.5012698988795379,-1.5012698988795379,v2,mure,without_windows_original,without_windows,0.0
3.0,1.4545933610373376,-1.4545933610373376,v3,mure,without_windows_original,without_windows,0.0
4.0,1.4241060902089953,-1.4241060902089953,v4,mure,without_windows_original,without_windows,0.0
5.0,1.4020090714374902,-1.4020090714374902,v5,mure,without_windows_original,without_windows,0.0
6.0,1.4242468565958935,-1.4242468565958935,v6,mure,without_windows_original,without_windows,0.0
7.0,1.2683328648494052,-1.2683328648494052,v7,mure,without_windows_original,without_windows,0.0
8.0,1.2850476754156415,-1.2850476754156415,v8,mure,without_windows_original,without_windows,0.0
9.0,1.2645097351470853,-1.2645097351470853,v9,mure,without_windows_original,without_windows,0.0
10.0,1.216016397890066,-1.216016397890066,v10,mure,without_windows_original,without_windows,0.0
11.0,1.4165671854144426,-1.4165671854144426,v11,mure,without_windows_original,without_windows,0.0
12.0,1.2165742972935458,-1.2165742972935458,v12,mure,without_windows_original,without_windows,0.0
13.0,1.049977286445321,-1.049977286445321,v13,mure,without_windows_original,without_windows,0.0
14.0,1.1148308867943348,-1.1148308867943348,v14,mure,without_windows_original,without_windows,0.0
15.0,1.0445983937030328,-1.0445983937030328,v15,mure,without_windows_original,without_windows,0.0
16.0,0.8594891080092903,-0.8594891080092903,v16,mure,without_windows_original,without_windows,0.0
17.0,0.8572802405090152,-0.8572802405090152,v17,mure,without_windows_original,without_windows,0.0
18.0,0.8971513707003924,-0.8971513707003924,v18,mure,without_windows_original,without_windows,0.0
19.0,1.0352294239960458,-1.0352294239960458,v19,mure,without_windows_original,without_windows,0.0
20.0,0.9661308575493478,-0.9661308575493478,v20,mure,without_windows_original,without_windows,0.0
21.0,0.9152042418718987,-0.9152042418718987,v21,mure,without_windows_original,without_windows,0.0
22.0,0.8200188682268154,-0.8200188682268154,v22,mure,without_windows_original,without_windows,0.0
23.0,0.8144809182131585,-0.8144809182131585,v23,mure,without_windows_original,without_windows,0.0
24.0,0.7760426815917177,-0.7760426815917177,v24,mure,without_windows_original,without_windows,0.0
25.0,0.6341530902034432,-0.6341530902034432,v25,mure,without_windows_original,without_windows,0.0
26.0,0.7594710292263106,-0.7594710292263106,v26,mure,without_windows_original,without_windows,0.0
27.0,0.6650074705856244,-0.6650074705856244,v27,mure,without_windows_original,without_windows,0.0
28.0,0.7172466474040069,-0.7172466474040069,v28,mure,without_windows_original,without_windows,0.0
29.0,0.5196406384467896,-0.5196406384467896,v29,mure,without_windows_original,without_windows,0.0
30.0,0.47402583230763623,-0.47402583230763623,v30,mure,without_windows_original,without_windows,0.0
31.0,0.5727177740222602,-0.5727177740222602,v31,mure,without_windows_original,without_windows,0.0
32.0,0.36105996095982906,-0.36105996095982906,v32,mure,without_windows_original,without_windows,0.0
33.0,0.5051428808797898,-0.5051428808797898,v33,mure,without_windows_original,without_windows,0.0
34.0,0.46038142547420086,-0.46038142547420086,v34,mure,without_windows_original,without_windows,0.0
35.0,0.3593622707714843,-0.3593622707714843,v35,mure,without_windows_original,without_windows,0.0
36.0,0.31519854117120005,-0.31519854117120005,v36,mure,without_windows_original,without_windows,0.0
37.0,0.2804143007833413,-0.2804143007833413,v37,mure,without_windows_original,without_windows,0.0
38.0,0.42460143144391804,-0.42460143144391804,v38,mure,without_windows_original,without_windows,0.0
39.0,0.3892147112097968,-0.3892147112097968,v39,mure,without_windows_original,without_windows,0.0
40.0,0.28494841528983833,-0.28494841528983833,v40,mure,without_windows_original,without_windows,0.0
41.0,0.24578494108566862,-0.24578494108566862,v41,mure,without_windows_original,without_windows,0.0
42.0,0.2695723097397119,-0.2695723097397119,v42,mure,without_windows_original,without_windows,0.0
43.0,-0.0636264248031924,0.0636264248031924,v43,mure,without_windows_original,without_windows,0.0
44.0,-0.047840368867575686,0.047840368867575686,v44,mure,without_windows_original,without_windows,0.0
45.0,0.06666437503120226,-0.06666437503120226,v45,mure,without_windows_original,without_windows,0.0
46.0,-0.10034679195771182,0.10034679195771182,v46,mure,without_windows_original,without_windows,0.0
47.0,-0.13564574615350705,0.13564574615350705,v47,mure,without_windows_original,without_windows,0.0
48.0,0.14270353896407412,-0.14270353896407412,v48,mure,without_windows_original,without_windows,0.0
49.0,-0.04883593708319779,0.04883593708319779,v49,mure,without_windows_original,without_windows,0.0
50.0,-0.06364704721589036,0.06364704721589036,v50,mure,without_windows_original,without_windows,0.0
51.0,-0.22784832252930923,0.22784832252930923,v51,mure,without_windows_original,without_windows,0.0
52.0,-0.10365732624840565,0.10365732624840565,v52,mure,without_windows_original,without_windows,0.0
53.0,-0.0944166121861297,0.0944166121861297,v53,mure,without_windows_original,without_windows,0.0
54.0,-0.2595490610025685,0.2595490610025685,v54,mure,without_windows_original,without_windows,0.0
55.0,-0.28877434021374276,0.28877434021374276,v55,mure,without_windows_original,without_windows,0.0
56.0,-0.3102826798331205,0.3102826798331205,v56,mure,without_windows_original,without_windows,0.0
57.0,-0.1449317248631107,0.1449317248631107,v57,mure,without_windows_original,without_windows,0.0
58.0,-0.4016314309971957,0.4016314309971957,v58,mure,without_windows_original,without_windows,0.0
59.0,-0.3746167375213472,0.3746167375213472,v59,mure,without_windows_original,without_windows,0.0
60.0,-0.2364131581825784,0.2364131581825784,v60,mure,without_windows_original,without_windows,0.0
61.0,-0.5606515787874891,0.5606515787874891,v61,mure,without_windows_original,without_windows,0.0
62.0,-0.49928334387115547,0.49928334387115547,v62,mure,without_windows_original,without_windows,0.0
63.0,-0.42925024830659403,0.42925024830659403,v63,mure,without_windows_original,without_windows,0.0
64.0,-0.46412795065979606,0.46412795065979606,v64,mure,without_windows_original,without_windows,0.0
65.0,-0.6462189575521434,0.6462189575521434,v65,mure,without_windows_original,without_windows,0.0
66.0,-0.45237172985091695,0.45237172985091695,v66,mure,without_windows_original,without_windows,0.0
67.0,-0.6675381527574223,0.6675381527574223,v67,mure,without_windows_original,without_windows,0.0
68.0,-0.5638574110837157,0.5638574110837157,v68,mure,without_windows_original,without_windows,0.0
69.0,-0.6484771974020878,0.6484771974020878,v69,mure,without_windows_original,without_windows,0.0
70.0,-0.6439389370397179,0.6439389370397179,v70,mure,without_windows_original,without_windows,0.0
71.0,-0.607075974516277,0.607075974516277,v71,mure,without_windows_original,without_windows,0.0
72.0,-0.622690782284968,0.622690782284968,v72,mure,without_windows_original,without_windows,0.0
73.0,-0.7008747857389381,0.7008747857389381,v73,mure,without_windows_original,without_windows,0.0
74.0,-0.6884194845603828,0.6884194845603828,v74,mure,without_windows_original,without_windows,0.0
75.0,-0.9313127893650331,0.9313127893650331,v75,mure,without_windows_original,without_windows,0.0
76.0,-0.8666371493864637,0.8666371493864637,v76,mure,without_windows_original,without_windows,0.0
77.0,-0.8451318160399585,0.8451318160399585,v77,mure,without_windows_original,without_windows,0.0
78.0,-0.9488737399453717,0.9488737399453717,v78,mure,without_windows_original,without_windows,0.0
79.0,-0.7379692920176462,0.7379692920176462,v79,mure,without_windows_original,without_windows,0.0
80.0,-0.774131837926789,0.774131837926789,v80,mure,without_windows_original,without_windows,0.0
81.0,-0.9281562970676638,0.9281562970676638,v81,mure,without_windows_original,without_windows,0.0
82.0,-0.9773931111298433,0.9773931111298433,v82,mure,without_windows_original,without_windows,0.0
83.0,-0.8994107020449738,0.8994107020449738,v83,mure,without_windows_original,without_windows,0.0
84.0,-0.9952400226853678,0.9952400226853678,v84,mure,without_windows_original,without_windows,0.0
85.0,-0.8094484117691211,0.8094484117691211,v85,mure,without_windows_original,without_windows,0.0
86.0,-0.782088781582674,0.782088781582674,v86,mure,without_windows_original,without_windows,0.0
87.0,-0.899256847262624,0.899256847262624,v87,mure,without_windows_original,without_windows,0.0
88.0,-1.033315450611047,1.033315450611047,v88,mure,without_windows_original,without_windows,0.0
89.0,-1.0892260291353384,1.0892260291353384,v89,mure,without_windows_original,without_windows,0.0
90.0,-0.9808494185190322,0.9808494185190322,v90,mure,without_windows_original,without_windows,0.0
91.0,-0.8464209849203255,0.8464209849203255,v91,mure,without_windows_original,without_windows,0.0
92.0,-1.0118056236124515,1.0118056236124515,v92,mure,without_windows_original,without_windows,0.0
93.0,-0.9590581411294689,0.9590581411294689,v93,mure,without_windows_original,without_windows,0.0
94.0,-1.1368891468656646,1.1368891468656646,v94,mure,without_windows_original,without_windows,0.0
95.0,-0.953699419291863,0.953699419291863,v95,mure,without_windows_original,without_windows,0.0
96.0,-1.003476005598574,1.003476005598574,v96,mure,without_windows_original,without_windows,0.0
97.0,-1.0812177137207106,1.0812177137207106,v97,mure,without_windows_original,without_windows,0.0
98.0,-1.0865055255205196,1.0865055255205196,v98,mure,without_windows_original,without_windows,0.0
99.0,-1.015545506150402,1.015545506150402,v99,mure,without_windows_original,without_windows,0.0
100.0,-1.2570592379755057,1.2570592379755057,v100,mure,without_windows_original,without_windows,0.0
1.0,-1.2756382861266418,-1.2756382861266418,v1,mure,with_windows_removed_25pct,with_windows,25.0
2.0,-1.6767801264837228,-1.6767801264837228,v2,mure,with_windows_removed_25pct,with_windows,25.0
3.0,-1.2888462043360853,-1.2888462043360853,v3,mure,with_windows_removed_25pct,with_windows,25.0
4.0,-1.6735362319085854,-1.6735362319085854,v4,mure,with_windows_removed_25pct,with_windows,25.0
5.0,-1.3193533949528382,-1.3193533949528382,v5,mure,with_windows_removed_25pct,with_windows,25.0
6.0,-1.353883095969645,-1.353883095969645,v6,mure,with_windows_removed_25pct,with_windows,25.0
7.0,-1.4101356254332893,-1.4101356254332893,v7,mure,with_windows_removed_25pct,with_windows,25.0
8.0,-1.1590926836243862,-1.1590926836243862,v8,mure,with_windows_removed_25pct,with_windows,25.0
9.0,-1.2812697412242249,-1.2812697412242249,v9,mure,with_windows_removed_25pct,with_windows,25.0
10.0,-1.1287763637932933,-1.1287763637932933,v10,mure,with_windows_removed_25pct,with_windows,25.0
11.0,-1.2607409218090697,-1.2607409218090697,v11,mure,with_windows_removed_25pct,with_windows,25.0
12.0,-1.2660681006547745,-1.2660681006547745,v12,mure,with_windows_removed_25pct,with_windows,25.0
13.0,-1.1019674969203104,-1.1019674969203104,v13,mure,with_windows_removed_25pct,with_windows,25.0
14.0,-1.1567517576086812,-1.1567517576086812,v14,mure,with_windows_removed_25pct,with_windows,25.0
15.0,-0.9933236178472397,-0.9933236178472397,v15,mure,with_windows_removed_25pct,with_windows,25.0
16.0,-1.1383616580272227,-1.1383616580272227,v16,mure,with_windows_removed_25pct,with_windows,25.0
17.0,-1.0281926912932764,-1.0281926912932764,v17,mure,with_windows_removed_25pct,with_windows,25.0
18.0,-1.066453596881884,-1.066453596881884,v18,mure,with_windows_removed_25pct,with_windows,25.0
19.0,-0.8698871216143407,-0.8698871216143407,v19,mure,with_windows_removed_25pct,with_windows,25.0
20.0,-0.8648238758978627,-0.8648238758978627,v20,mure,with_windows_removed_25pct,with_windows,25.0
21.0,-0.7866312747979091,-0.7866312747979091,v21,mure,with_windows_removed_25pct,with_windows,25.0
22.0,-0.9396187673595491,-0.9396187673595491,v22,mure,with_windows_removed_25pct,with_windows,25.0
23.0,-0.7846062734353592,-0.7846062734353592,v23,mure,with_windows_removed_25pct,with_windows,25.0
24.0,-0.777875003228237,-0.777875003228237,v24,mure,with_windows_removed_25pct,with_windows,25.0
25.0,-0.7235285120107979,-0.7235285120107979,v25,mure,with_windows_removed_25pct,with_windows,25.0
26.0,-0.6126034912993431,-0.6126034912993431,v26,mure,with_windows_removed_25pct,with_windows,25.0
27.0,-0.5310762843180572,-0.5310762843180572,v27,mure,with_windows_removed_25pct,with_windows,25.0
28.0,-0.6222614291331257,-0.6222614291331257,v28,mure,with_windows_removed_25pct,with_windows,25.0
29.0,-0.58066420886694,-0.58066420886694,v29,mure,with_windows_removed_25pct,with_windows,25.0
30.0,-0.6039779416384053,-0.6039779416384053,v30,mure,with_windows_removed_25pct,with_windows,25.0
31.0,-0.4015053263301085,-0.4015053263301085,v31,mure,with_windows_removed_25pct,with_windows,25.0
32.0,-0.41967492567545184,-0.41967492567545184,v32,mure,with_windows_removed_25pct,with_windows,25.0
33.0,-0.5020350611222215,-0.5020350611222215,v33,mure,with_windows_removed_25pct,with_windows,25.0
34.0,-0.3902961703819699,-0.3902961703819699,v34,mure,with_windows_removed_25pct,with_windows,25.0
35.0,-0.35174996419281895,-0.35174996419281895,v35,mure,with_windows_removed_25pct,with_windows,25.0
36.0,-0.318089401055932,-0.318089401055932,v36,mure,with_windows_removed_25pct,with_windows,25.0
37.0,-0.285516003636233,-0.285516003636233,v37,mure,with_windows_removed_25pct,with_windows,25.0
38.0,-0.36761507906029306,-0.36761507906029306,v38,mure,with_windows_removed_25pct,with_windows,25.0
39.0,-0.2998447116479209,-0.2998447116479209,v39,mure,with_windows_removed_25pct,with_windows,25.0
40.0,-0.1402908906913059,-0.1402908906913059,v40,mure,with_windows_removed_25pct,with_windows,25.0
41.0,-0.34041970125200316,-0.34041970125200316,v41,mure,with_windows_removed_25pct,with_windows,25.0
42.0,-0.1916047062881894,-0.1916047062881894,v42,mure,with_windows_removed_25pct,with_windows,25.0
43.0,-0.2145054065890105,-0.2145054065890105,v43,mure,with_windows_removed_25pct,with_windows,25.0
44.0,-0.12813691540764294,-0.12813691540764294,v44,mure,with_windows_removed_25pct,with_windows,25.0
45.0,-0.19010577093363384,-0.19010577093363384,v45,mure,with_windows_removed_25pct,with_windows,25.0
46.0,-0.0902556181236904,-0.0902556181236904,v46,mure,with_windows_removed_25pct,with_windows,25.0
47.0,-0.23617725432611766,-0.23617725432611766,v47,mure,with_windows_removed_25pct,with_windows,25.0
48.0,0.061708926723273154,0.061708926723273154,v48,mure,with_windows_removed_25pct,with_windows,25.0
49.0,-0.0036856843750536525,-0.0036856843750536525,v49,mure,with_windows_removed_25pct,with_windows,25.0
50.0,-0.07051887168159719,-0.07051887168159719,v50,mure,with_windows_removed_25pct,with_windows,25.0
51.0,0.20153925458958066,0.20153925458958066,v51,mure,with_windows_removed_25pct,with_windows,25.0
52.0,0.18763101458557696,0.18763101458557696,v52,mure,with_windows_removed_25pct,with_windows,25.0
53.0,0.2903667168604994,0.2903667168604994,v53,mure,with_windows_removed_25pct,with_windows,25.0
54.0,0.3282814007196587,0.3282814007196587,v54,mure,with_windows_removed_25pct,with_windows,25.0
55.0,0.24542869177346022,0.24542869177346022,v55,mure,with_windows_removed_25pct,with_windows,25.0
56.0,0.2861009321396012,0.2861009321396012,v56,mure,with_windows_removed_25pct,with_windows,25.0
57.0,0.3037979469816864,0.3037979469816864,v57,mure,with_windows_removed_25pct,with_windows,25.0
58.0,0.17296397237198605,0.17296397237198605,v58,mure,with_windows_removed_25pct,with_windows,25.0
59.0,0.4200547986803614,0.4200547986803614,v59,mure,with_windows_removed_25pct,with_windows,25.0
60.0,0.45302822867994424,0.45302822867994424,v60,mure,with_windows_removed_25pct,with_windows,25.0
61.0,0.4673230652209492,0.4673230652209492,v61,mure,with_windows_removed_25pct,with_windows,25.0
62.0,0.38200265666038835,0.38200265666038835,v62,mure,with_windows_removed_25pct,with_windows,25.0
63.0,0.7671752077696115,0.7671752077696115,v63,mure,with_windows_removed_25pct,with_windows,25.0
64.0,0.6423678465730757,0.6423678465730757,v64,mure,with_windows_removed_25pct,with_windows,25.0
65.0,0.3122677770643615,0.3122677770643615,v65,mure,with_windows_removed_25pct,with_windows,25.0
66.0,0.5763250318206982,0.5763250318206982,v66,mure,with_windows_removed_25pct,with_windows,25.0
67.0,0.5535280856756792,0.5535280856756792,v67,mure,with_windows_removed_25pct,with_windows,25.0
68.0,0.4565470077480936,0.4565470077480936,v68,mure,with_windows_removed_25pct,with_windows,25.0
69.0,0.5839127861548231,0.5839127861548231,v69,mure,with_windows_removed_25pct,with_windows,25.0
70.0,0.7340401949961182,0.7340401949961182,v70,mure,with_windows_removed_25pct,with_windows,25.0
71.0,0.5486796292794359,0.5486796292794359,v71,mure,with_windows_removed_25pct,with_windows,25.0
72.0,0.767183103326583,0.767183103326583,v72,mure,with_windows_removed_25pct,with_windows,25.0
73.0,0.6963255633451488,0.6963255633451488,v73,mure,with_windows_removed_25pct,with_windows,25.0
74.0,0.7674904822932832,0.7674904822932832,v74,mure,with_windows_removed_25pct,with_windows,25.0
75.0,0.940461942086051,0.940461942086051,v75,mure,with_windows_removed_25pct,with_windows,25.0
76.0,1.019931242014986,1.019931242014986,v76,mure,with_windows_removed_25pct,with_windows,25.0
77.0,0.980469450175923,0.980469450175923,v77,mure,with_windows_removed_25pct,with_windows,25.0
78.0,0.7787827208483152,0.7787827208483152,v78,mure,with_windows_removed_25pct,with_windows,25.0
79.0,0.9330887688730839,0.9330887688730839,v79,mure,with_windows_removed_25pct,with_windows,25.0
80.0,0.7775616967445935,0.7775616967445935,v80,mure,with_windows_removed_25pct,with_windows,25.0
81.0,0.7358065149070293,0.7358065149070293,v81,mure,with_windows_removed_25pct,with_windows,25.0
82.0,0.8730185631460392,0.8730185631460392,v82,mure,with_windows_removed_25pct,with_windows,25.0
83.0,0.804691596598456,0.804691596598456,v83,mure,with_windows_removed_25pct,with_windows,25.0
84.0,1.031096987921583,1.031096987921583,v84,mure,with_windows_removed_25pct,with_windows,25.0
85.0,0.8933038064529747,0.8933038064529747,v85,mure,with_windows_removed_25pct,with_windows,25.0
86.0,1.0914225884562054,1.0914225884562054,v86,mure,with_windows_removed_25pct,with_windows,25.0
87.0,1.07107683897115,1.07107683897115,v87,mure,with_windows_removed_25pct,with_windows,25.0
88.0,1.1444160424217227,1.1444160424217227,v88,mure,with_windows_removed_25pct,with_windows,25.0
89.0,0.9442690637605093,0.9442690637605093,v89,mure,with_windows_removed_25pct,with_windows,25.0
90.0,0.8705773451155616,0.8705773451155616,v90,mure,with_windows_removed_25pct,with_windows,25.0
91.0,1.0499382090525997,1.0499382090525997,v91,mure,with_windows_removed_25pct,with_windows,25.0
92.0,0.9437914107142735,0.9437914107142735,v92,mure,with_windows_removed_25pct,with_windows,25.0
93.0,0.9812007812947925,0.9812007812947925,v93,mure,with_windows_removed_25pct,with_windows,25.0
94.0,0.9639199349229273,0.9639199349229273,v94,mure,with_windows_removed_25pct,with_windows,25.0
95.0,0.9862025617333952,0.9862025617333952,v95,mure,with_windows_removed_25pct,with_windows,25.0
96.0,1.1130152730868623,1.1130152730868623,v96,mure,with_windows_removed_25pct,with_windows,25.0
97.0,0.9672479297575942,0.9672479297575942,v97,mure,with_windows_removed_25pct,with_windows,25.0
98.0,1.0976184019837354,1.0976184019837354,v98,mure,with_windows_removed_25pct,with_windows,25.0
99.0,0.9504685367807827,0.9504685367807827,v99,mure,with_windows_removed_25pct,with_windows,25.0
100.0,1.0693047114112617,1.0693047114112617,v100,mure,with_windows_removed_25pct,with_windows,25.0
1.0,-1.2973764400375298,-1.2973764400375298,v1,mure,without_windows_removed_25pct,without_windows,25.0
2.0,-1.4488864881946897,-1.4488864881946897,v2,mure,without_windows_removed_25pct,without_windows,25.0
3.0,-1.4926709946715937,-1.4926709946715937,v3,mure,without_windows_removed_25pct,without_windows,25.0
4.0,-1.3987601006957633,-1.3987601006957633,v4,mure,without_windows_removed_25pct,without_windows,25.0
5.0,-1.3530385741496005,-1.3530385741496005,v5,mure,without_windows_removed_25pct,without_windows,25.0
6.0,-1.2378969022955433,-1.2378969022955433,v6,mure,without_windows_removed_25pct,without_windows,25.0
7.0,-1.2040214712728414,-1.2040214712728414,v7,mure,without_windows_removed_25pct,without_windows,25.0
8.0,-1.2294427195751811,-1.2294427195751811,v8,mure,without_windows_removed_25pct,without_windows,25.0
9.0,-1.3322208726770293,-1.3322208726770293,v9,mure,without_windows_removed_25pct,without_windows,25.0
10.0,-1.1978272476190392,-1.1978272476190392,v10,mure,without_windows_removed_25pct,without_windows,25.0
11.0,-1.3460449972325583,-1.3460449972325583,v11,mure,without_windows_removed_25pct,without_windows,25.0
12.0,-1.2355837734663815,-1.2355837734663815,v12,mure,without_windows_removed_25pct,without_windows,25.0
13.0,-1.2193704896671675,-1.2193704896671675,v13,mure,without_windows_removed_25pct,without_windows,25.0
14.0,-1.0655239195507702,-1.0655239195507702,v14,mure,without_windows_removed_25pct,without_windows,25.0
15.0,-0.9782962852516996,-0.9782962852516996,v15,mure,without_windows_removed_25pct,without_windows,25.0
16.0,-0.9591540148487196,-0.9591540148487196,v16,mure,without_windows_removed_25pct,without_windows,25.0
17.0,-0.8461345118801129,-0.8461345118801129,v17,mure,without_windows_removed_25pct,without_windows,25.0
18.0,-0.9509707686438545,-0.9509707686438545,v18,mure,without_windows_removed_25pct,without_windows,25.0
19.0,-1.019418726607677,-1.019418726607677,v19,mure,without_windows_removed_25pct,without_windows,25.0
20.0,-0.8133896410503978,-0.8133896410503978,v20,mure,without_windows_removed_25pct,without_windows,25.0
21.0,-0.8674898963034449,-0.8674898963034449,v21,mure,without_windows_removed_25pct,without_windows,25.0
22.0,-0.6605936361122481,-0.6605936361122481,v22,mure,without_windows_removed_25pct,without_windows,25.0
23.0,-0.8164555964178397,-0.8164555964178397,v23,mure,without_windows_removed_25pct,without_windows,25.0
24.0,-0.8834748822641977,-0.8834748822641977,v24,mure,without_windows_removed_25pct,without_windows,25.0
25.0,-0.8023291638763635,-0.8023291638763635,v25,mure,without_windows_removed_25pct,without_windows,25.0
26.0,-0.7738336602894242,-0.7738336602894242,v26,mure,without_windows_removed_25pct,without_windows,25.0
27.0,-0.6671279577049763,-0.6671279577049763,v27,mure,without_windows_removed_25pct,without_windows,25.0
28.0,-0.6126839082853441,-0.6126839082853441,v28,mure,without_windows_removed_25pct,without_windows,25.0
29.0,-0.6320658321109449,-0.6320658321109449,v29,mure,without_windows_removed_25pct,without_windows,25.0
30.0,-0.42976558444061674,-0.42976558444061674,v30,mure,without_windows_removed_25pct,without_windows,25.0
31.0,-0.5970913053109668,-0.5970913053109668,v31,mure,without_windows_removed_25pct,without_windows,25.0
32.0,-0.5117706540504574,-0.5117706540504574,v32,mure,without_windows_removed_25pct,without_windows,25.0
33.0,-0.5027939542475804,-0.5027939542475804,v33,mure,without_windows_removed_25pct,without_windows,25.0
34.0,-0.3639651207801701,-0.3639651207801701,v34,mure,without_windows_removed_25pct,without_windows,25.0
35.0,-0.42158149351604063,-0.42158149351604063,v35,mure,without_windows_removed_25pct,without_windows,25.0
36.0,-0.48326338131398233,-0.48326338131398233,v36,mure,without_windows_removed_25pct,without_windows,25.0
37.0,-0.3180164558441942,-0.3180164558441942,v37,mure,without_windows_removed_25pct,without_windows,25.0
38.0,-0.4975227064406712,-0.4975227064406712,v38,mure,without_windows_removed_25pct,without_windows,25.0
39.0,-0.3549942495060844,-0.3549942495060844,v39,mure,without_windows_removed_25pct,without_windows,25.0
40.0,-0.3219756123110484,-0.3219756123110484,v40,mure,without_windows_removed_25pct,without_windows,25.0
41.0,-0.18010195008786936,-0.18010195008786936,v41,mure,without_windows_removed_25pct,without_windows,25.0
42.0,-0.2734107512609226,-0.2734107512609226,v42,mure,without_windows_removed_25pct,without_windows,25.0
43.0,-0.25581736002150557,-0.25581736002150557,v43,mure,without_windows_removed_25pct,without_windows,25.0
44.0,-0.16856688451581298,-0.16856688451581298,v44,mure,without_windows_removed_25pct,without_windows,25.0
45.0,-0.12385726988505064,-0.12385726988505064,v45,mure,without_windows_removed_25pct,without_windows,25.0
46.0,-0.029652753799883667,-0.029652753799883667,v46,mure,without_windows_removed_25pct,without_windows,25.0
47.0,-0.008665732293743603,-0.008665732293743603,v47,mure,without_windows_removed_25pct,without_windows,25.0
48.0,0.04847677242118364,0.04847677242118364,v48,mure,without_windows_removed_25pct,without_windows,25.0
49.0,-0.019835561055679577,-0.019835561055679577,v49,mure,without_windows_removed_25pct,without_windows,25.0
50.0,0.24286901240347677,0.24286901240347677,v50,mure,without_windows_removed_25pct,without_windows,25.0
51.0,0.0997798057664987,0.0997798057664987,v51,mure,without_windows_removed_25pct,without_windows,25.0
52.0,0.17259502376057903,0.17259502376057903,v52,mure,without_windows_removed_25pct,without_windows,25.0
53.0,0.10177494792833294,0.10177494792833294,v53,mure,without_windows_removed_25pct,without_windows,25.0
54.0,0.2815575872807819,0.2815575872807819,v54,mure,without_windows_removed_25pct,without_windows,25.0
55.0,0.2834254798551126,0.2834254798551126,v55,mure,without_windows_removed_25pct,without_windows,25.0
56.0,0.22489221047678637,0.22489221047678637,v56,mure,without_windows_removed_25pct,without_windows,25.0
57.0,0.48036312136976905,0.48036312136976905,v57,mure,without_windows_removed_25pct,without_windows,25.0
58.0,0.5992734924702607,0.5992734924702607,v58,mure,without_windows_removed_25pct,without_windows,25.0
59.0,0.37689197095285043,0.37689197095285043,v59,mure,without_windows_removed_25pct,without_windows,25.0
60.0,0.3569866709665062,0.3569866709665062,v60,mure,without_windows_removed_25pct,without_windows,25.0
61.0,0.5764918325094697,0.5764918325094697,v61,mure,without_windows_removed_25pct,without_windows,25.0
62.0,0.6758050795791378,0.6758050795791378,v62,mure,without_windows_removed_25pct,without_windows,25.0
63.0,0.5841781658105033,0.5841781658105033,v63,mure,without_windows_removed_25pct,without_windows,25.0
64.0,0.6909141170016408,0.6909141170016408,v64,mure,without_windows_removed_25pct,without_windows,25.0
65.0,0.5867403035693256,0.5867403035693256,v65,mure,without_windows_removed_25pct,without_windows,25.0
66.0,0.5055428485864935,0.5055428485864935,v66,mure,without_windows_removed_25pct,without_windows,25.0
67.0,0.5665367144714707,0.5665367144714707,v67,mure,without_windows_removed_25pct,without_windows,25.0
68.0,0.5514029914499036,0.5514029914499036,v68,mure,without_windows_removed_25pct,without_windows,25.0
69.0,0.5233279965872488,0.5233279965872488,v69,mure,without_windows_removed_25pct,without_windows,25.0
70.0,0.46575943041541673,0.46575943041541673,v70,mure,without_windows_removed_25pct,without_windows,25.0
71.0,0.6541380836570714,0.6541380836570714,v71,mure,without_windows_removed_25pct,without_windows,25.0
72.0,0.7214538240144944,0.7214538240144944,v72,mure,without_windows_removed_25pct,without_windows,25.0
73.0,0.761959778686793,0.761959778686793,v73,mure,without_windows_removed_25pct,without_windows,25.0
74.0,0.6559097923792077,0.6559097923792077,v74,mure,without_windows_removed_25pct,without_windows,25.0
75.0,0.7598304401160997,0.7598304401160997,v75,mure,without_windows_removed_25pct,without_windows,25.0
76.0,0.6858201612088667,0.6858201612088667,v76,mure,without_windows_removed_25pct,without_windows,25.0
77.0,0.7968097372410456,0.7968097372410456,v77,mure,without_windows_removed_25pct,without_windows,25.0
78.0,0.7929847159601827,0.7929847159601827,v78,mure,without_windows_removed_25pct,without_windows,25.0
79.0,0.8298264581338364,0.8298264581338364,v79,mure,without_windows_removed_25pct,without_windows,25.0
80.0,0.6594864333302707,0.6594864333302707,v80,mure,without_windows_removed_25pct,without_windows,25.0
81.0,0.9702835281583139,0.9702835281583139,v81,mure,without_windows_removed_25pct,without_windows,25.0
82.0,1.0629155514183006,1.0629155514183006,v82,mure,without_windows_removed_25pct,without_windows,25.0
83.0,0.7921610244147497,0.7921610244147497,v83,mure,without_windows_removed_25pct,without_windows,25.0
84.0,0.966859660075872,0.966859660075872,v84,mure,without_windows_removed_25pct,without_windows,25.0
85.0,0.8824601016375129,0.8824601016375129,v85,mure,without_windows_removed_25pct,without_windows,25.0
86.0,0.8694964387289679,0.8694964387289679,v86,mure,without_windows_removed_25pct,without_windows,25.0
87.0,1.0524593973922767,1.0524593973922767,v87,mure,without_windows_removed_25pct,without_windows,25.0
88.0,0.8855512301662577,0.8855512301662577,v88,mure,without_windows_removed_25pct,without_windows,25.0
89.0,1.0887380973827616,1.0887380973827616,v89,mure,without_windows_removed_25pct,without_windows,25.0
90.0,0.8371718463587974,0.8371718463587974,v90,mure,without_windows_removed_25pct,without_windows,25.0
91.0,0.9197753921867629,0.9197753921867629,v91,mure,without_windows_removed_25pct,without_windows,25.0
92.0,1.0574184124218746,1.0574184124218746,v92,mure,without_windows_removed_25pct,without_windows,25.0
93.0,1.175008297375769,1.175008297375769,v93,mure,without_windows_removed_25pct,without_windows,25.0
94.0,1.167256185569598,1.167256185569598,v94,mure,without_windows_removed_25pct,without_windows,25.0
95.0,1.153161992870461,1.153161992870461,v95,mure,without_windows_removed_25pct,without_windows,25.0
96.0,1.0748543399675972,1.0748543399675972,v96,mure,without_windows_removed_25pct,without_windows,25.0
97.0,0.7949857124927093,0.7949857124927093,v97,mure,without_windows_removed_25pct,without_windows,25.0
98.0,0.9709899149157897,0.9709899149157897,v98,mure,without_windows_removed_25pct,without_windows,25.0
99.0,1.1461392226339184,1.1461392226339184,v99,mure,without_windows_removed_25pct,without_windows,25.0
100.0,1.023240906906309,1.023240906906309,v100,mure,without_windows_removed_25pct,without_windows,25.0
1.0,1.5636732906223225,-1.5636732906223225,v1,mure,with_windows_removed_50pct,with_windows,50.0
2.0,1.523181686645021,-1.523181686645021,v2,mure,with_windows_removed_50pct,with_windows,50.0
3.0,1.5550039120828931,-1.5550039120828931,v3,mure,with_windows_removed_50pct,with_windows,50.0
4.0,1.4431321896764961,-1.4431321896764961,v4,mure,with_windows_removed_50pct,with_windows,50.0
5.0,1.2986893551154297,-1.2986893551154297,v5,mure,with_windows_removed_50pct,with_windows,50.0
6.0,1.446993052407343,-1.446993052407343,v6,mure,with_windows_removed_50pct,with_windows,50.0
7.0,1.323816545560987,-1.323816545560987,v7,mure,with_windows_removed_50pct,with_windows,50.0
8.0,1.3608860290862739,-1.3608860290862739,v8,mure,with_windows_removed_50pct,with_windows,50.0
9.0,1.272919063939328,-1.272919063939328,v9,mure,with_windows_removed_50pct,with_windows,50.0
10.0,1.3142729956064427,-1.3142729956064427,v10,mure,with_windows_removed_50pct,with_windows,50.0
11.0,1.203522980935181,-1.203522980935181,v11,mure,with_windows_removed_50pct,with_windows,50.0
12.0,0.9842168462392238,-0.9842168462392238,v12,mure,with_windows_removed_50pct,with_windows,50.0
13.0,1.0893503089034093,-1.0893503089034093,v13,mure,with_windows_removed_50pct,with_windows,50.0
14.0,1.0578072617560823,-1.0578072617560823,v14,mure,with_windows_removed_50pct,with_windows,50.0
15.0,1.062649893032631,-1.062649893032631,v15,mure,with_windows_removed_50pct,with_windows,50.0
16.0,0.9404439845171925,-0.9404439845171925,v16,mure,with_windows_removed_50pct,with_windows,50.0
17.0,0.8883123416635493,-0.8883123416635493,v17,mure,with_windows_removed_50pct,with_windows,50.0
18.0,0.9211918705400595,-0.9211918705400595,v18,mure,with_windows_removed_50pct,with_windows,50.0
19.0,1.0564404182521923,-1.0564404182521923,v19,mure,with_windows_removed_50pct,with_windows,50.0
20.0,0.8019020078157693,-0.8019020078157693,v20,mure,with_windows_removed_50pct,with_windows,50.0
21.0,0.9186006127110513,-0.9186006127110513,v21,mure,with_windows_removed_50pct,with_windows,50.0
22.0,0.8129012529410807,-0.8129012529410807,v22,mure,with_windows_removed_50pct,with_windows,50.0
23.0,0.7075378139390383,-0.7075378139390383,v23,mure,with_windows_removed_50pct,with_windows,50.0
24.0,0.6866521694772055,-0.6866521694772055,v24,mure,with_windows_removed_50pct,with_windows,50.0
25.0,0.7083722201979125,-0.7083722201979125,v25,mure,with_windows_removed_50pct,with_windows,50.0
26.0,0.7177218568169121,-0.7177218568169121,v26,mure,with_windows_removed_50pct,with_windows,50.0
27.0,0.7290502039470633,-0.7290502039470633,v27,mure,with_windows_removed_50pct,with_windows,50.0
28.0,0.5961704855565977,-0.5961704855565977,v28,mure,with_windows_removed_50pct,with_windows,50.0
29.0,0.6245051582120955,-0.6245051582120955,v29,mure,with_windows_removed_50pct,with_windows,50.0
30.0,0.7324871879834988,-0.7324871879834988,v30,mure,with_windows_removed_50pct,with_windows,50.0
31.0,0.5778684471120986,-0.5778684471120986,v31,mure,with_windows_removed_50pct,with_windows,50.0
32.0,0.44755360502215885,-0.44755360502215885,v32,mure,with_windows_removed_50pct,with_windows,50.0
33.0,0.48067037525603534,-0.48067037525603534,v33,mure,with_windows_removed_50pct,with_windows,50.0
34.0,0.6018174836357352,-0.6018174836357352,v34,mure,with_windows_removed_50pct,with_windows,50.0
35.0,0.26471130809071786,-0.26471130809071786,v35,mure,with_windows_removed_50pct,with_windows,50.0
36.0,0.26609663638985487,-0.26609663638985487,v36,mure,with_windows_removed_50pct,with_windows,50.0
37.0,0.4735760485306656,-0.4735760485306656,v37,mure,with_windows_removed_50pct,with_windows,50.0
38.0,0.17472607903300486,-0.17472607903300486,v38,mure,with_windows_removed_50pct,with_windows,50.0
39.0,0.2755382546375407,-0.2755382546375407,v39,mure,with_windows_removed_50pct,with_windows,50.0
40.0,0.4382298119003448,-0.4382298119003448,v40,mure,with_windows_removed_50pct,with_windows,50.0
41.0,0.188336072684703,-0.188336072684703,v41,mure,with_windows_removed_50pct,with_windows,50.0
42.0,0.14746571853088722,-0.14746571853088722,v42,mure,with_windows_removed_50pct,with_windows,50.0
43.0,0.15972921878988647,-0.15972921878988647,v43,mure,with_windows_removed_50pct,with_windows,50.0
44.0,0.07157561006052778,-0.07157561006052778,v44,mure,with_windows_removed_50pct,with_windows,50.0
45.0,0.11265019172225638,-0.11265019172225638,v45,mure,with_windows_removed_50pct,with_windows,50.0
46.0,0.27130561353173405,-0.27130561353173405,v46,mure,with_windows_removed_50pct,with_windows,50.0
47.0,-0.07462652148005769,0.07462652148005769,v47,mure,with_windows_removed_50pct,with_windows,50.0
48.0,0.09063442510530059,-0.09063442510530059,v48,mure,with_windows_removed_50pct,with_windows,50.0
49.0,-0.0012479319481345282,0.0012479319481345282,v49,mure,with_windows_removed_50pct,with_windows,50.0
50.0,-0.10022006173251455,0.10022006173251455,v50,mure,with_windows_removed_50pct,with_windows,50.0
51.0,-0.19661300827751133,0.19661300827751133,v51,mure,with_windows_removed_50pct,with_windows,50.0
52.0,-0.10001890663902199,0.10001890663902199,v52,mure,with_windows_removed_50pct,with_windows,50.0
53.0,-0.2652237595999083,0.2652237595999083,v53,mure,with_windows_removed_50pct,with_windows,50.0
54.0,-0.19501174086049144,0.19501174086049144,v54,mure,with_windows_removed_50pct,with_windows,50.0
55.0,-0.26642738099315977,0.26642738099315977,v55,mure,with_windows_removed_50pct,with_windows,50.0
56.0,-0.3861873173717656,0.3861873173717656,v56,mure,with_windows_removed_50pct,with_windows,50.0
57.0,-0.18868942874735548,0.18868942874735548,v57,mure,with_windows_removed_50pct,with_windows,50.0
58.0,-0.3506737808821312,0.3506737808821312,v58,mure,with_windows_removed_50pct,with_windows,50.0
59.0,-0.45550107597187833,0.45550107597187833,v59,mure,with_windows_removed_50pct,with_windows,50.0
60.0,-0.40490203511665934,0.40490203511665934,v60,mure,with_windows_removed_50pct,with_windows,50.0
61.0,-0.592785360303494,0.592785360303494,v61,mure,with_windows_removed_50pct,with_windows,50.0
62.0,-0.4973466640056106,0.4973466640056106,v62,mure,with_windows_removed_50pct,with_windows,50.0
63.0,-0.5108332139792918,0.5108332139792918,v63,mure,with_windows_removed_50pct,with_windows,50.0
64.0,-0.6375685080698585,0.6375685080698585,v64,mure,with_windows_removed_50pct,with_windows,50.0
65.0,-0.5272695480597177,0.5272695480597177,v65,mure,with_windows_removed_50pct,with_windows,50.0
66.0,-0.7528419025511824,0.7528419025511824,v66,mure,with_windows_removed_50pct,with_windows,50.0
67.0,-0.6281809349821241,0.6281809349821241,v67,mure,with_windows_removed_50pct,with_windows,50.0
68.0,-0.5932746218183376,0.5932746218183376,v68,mure,with_windows_removed_50pct,with_windows,50.0
69.0,-0.4776041437631227,0.4776041437631227,v69,mure,with_windows_removed_50pct,with_windows,50.0
70.0,-0.6800338761239355,0.6800338761239355,v70,mure,with_windows_removed_50pct,with_windows,50.0
71.0,-0.7323455555187739,0.7323455555187739,v71,mure,with_windows_removed_50pct,with_windows,50.0
72.0,-0.7063123539556999,0.7063123539556999,v72,mure,with_windows_removed_50pct,with_windows,50.0
73.0,-0.7323976999217232,0.7323976999217232,v73,mure,with_windows_removed_50pct,with_windows,50.0
74.0,-0.9017416018957226,0.9017416018957226,v74,mure,with_windows_removed_50pct,with_windows,50.0
75.0,-0.8338417888720625,0.8338417888720625,v75,mure,with_windows_removed_50pct,with_windows,50.0
76.0,-0.7773559831414614,0.7773559831414614,v76,mure,with_windows_removed_50pct,with_windows,50.0
77.0,-0.7124098641787742,0.7124098641787742,v77,mure,with_windows_removed_50pct,with_windows,50.0
78.0,-0.8498480435385484,0.8498480435385484,v78,mure,with_windows_removed_50pct,with_windows,50.0
79.0,-0.9609117656551506,0.9609117656551506,v79,mure,with_windows_removed_50pct,with_windows,50.0
80.0,-0.7344112345113127,0.7344112345113127,v80,mure,with_windows_removed_50pct,with_windows,50.0
81.0,-0.9524719391485037,0.9524719391485037,v81,mure,with_windows_removed_50pct,with_windows,50.0
82.0,-0.8892362485952565,0.8892362485952565,v82,mure,with_windows_removed_50pct,with_windows,50.0
83.0,-0.8888019191044086,0.8888019191044086,v83,mure,with_windows_removed_50pct,with_windows,50.0
84.0,-0.9126699851756137,0.9126699851756137,v84,mure,with_windows_removed_50pct,with_windows,50.0
85.0,-0.9735567257547513,0.9735567257547513,v85,mure,with_windows_removed_50pct,with_windows,50.0
86.0,-0.886944192817894,0.886944192817894,v86,mure,with_windows_removed_50pct,with_windows,50.0
87.0,-0.9461534935142084,0.9461534935142084,v87,mure,with_windows_removed_50pct,with_windows,50.0
88.0,-1.1012581280587637,1.1012581280587637,v88,mure,with_windows_removed_50pct,with_windows,50.0
89.0,-0.984796177353149,0.984796177353149,v89,mure,with_windows_removed_50pct,with_windows,50.0
90.0,-1.136066249787078,1.136066249787078,v90,mure,with_windows_removed_50pct,with_windows,50.0
91.0,-1.0768069390660295,1.0768069390660295,v91,mure,with_windows_removed_50pct,with_windows,50.0
92.0,-0.9567831599236888,0.9567831599236888,v92,mure,with_windows_removed_50pct,with_windows,50.0
93.0,-0.7548284006527431,0.7548284006527431,v93,mure,with_windows_removed_50pct,with_windows,50.0
94.0,-0.8420067471358463,0.8420067471358463,v94,mure,with_windows_removed_50pct,with_windows,50.0
95.0,-0.9553097589980221,0.9553097589980221,v95,mure,with_windows_removed_50pct,with_windows,50.0
96.0,-1.194611553837675,1.194611553837675,v96,mure,with_windows_removed_50pct,with_windows,50.0
97.0,-1.026552382728397,1.026552382728397,v97,mure,with_windows_removed_50pct,with_windows,50.0
98.0,-1.0795681250329918,1.0795681250329918,v98,mure,with_windows_removed_50pct,with_windows,50.0
99.0,-0.9977802001747961,0.9977802001747961,v99,mure,with_windows_removed_50pct,with_windows,50.0
100.0,-1.0040299548874314,1.0040299548874314,v100,mure,with_windows_removed_50pct,with_windows,50.0
1.0,1.4448373933437042,-1.4448373933437042,v1,mure,without_windows_removed_50pct,without_windows,50.0
2.0,1.7433140232387792,-1.7433140232387792,v2,mure,without_windows_removed_50pct,without_windows,50.0
3.0,1.4827311531423337,-1.4827311531423337,v3,mure,without_windows_removed_50pct,without_windows,50.0
4.0,1.260879790363694,-1.260879790363694,v4,mure,without_windows_removed_50pct,without_windows,50.0
5.0,1.5129742316797499,-1.5129742316797499,v5,mure,without_windows_removed_50pct,without_windows,50.0
6.0,1.4427150836791642,-1.4427150836791642,v6,mure,without_windows_removed_50pct,without_windows,50.0
7.0,1.3717690283247044,-1.3717690283247044,v7,mure,without_windows_removed_50pct,without_windows,50.0
8.0,1.157048790872544,-1.157048790872544,v8,mure,without_windows_removed_50pct,without_windows,50.0
9.0,1.3397087216833943,-1.3397087216833943,v9,mure,without_windows_removed_50pct,without_windows,50.0
10.0,1.069605992170184,-1.069605992170184,v10,mure,without_windows_removed_50pct,without_windows,50.0
11.0,1.2898479063383257,-1.2898479063383257,v11,mure,without_windows_removed_50pct,without_windows,50.0
12.0,1.0261521321925233,-1.0261521321925233,v12,mure,without_windows_removed_50pct,without_windows,50.0
13.0,1.0426468067554957,-1.0426468067554957,v13,mure,without_windows_removed_50pct,without_windows,50.0
14.0,1.1144184693012271,-1.1144184693012271,v14,mure,without_windows_removed_50pct,without_windows,50.0
15.0,1.1033168421972464,-1.1033168421972464,v15,mure,without_windows_removed_50pct,without_windows,50.0
16.0,1.1008073649107095,-1.1008073649107095,v16,mure,without_windows_removed_50pct,without_windows,50.0
17.0,0.7780748131252974,-0.7780748131252974,v17,mure,without_windows_removed_50pct,without_windows,50.0
18.0,1.1657689381484728,-1.1657689381484728,v18,mure,without_windows_removed_50pct,without_windows,50.0
19.0,0.8848038448397874,-0.8848038448397874,v19,mure,without_windows_removed_50pct,without_windows,50.0
20.0,0.8857744935906523,-0.8857744935906523,v20,mure,without_windows_removed_50pct,without_windows,50.0
21.0,0.777447766729989,-0.777447766729989,v21,mure,without_windows_removed_50pct,without_windows,50.0
22.0,0.8504604561422038,-0.8504604561422038,v22,mure,without_windows_removed_50pct,without_windows,50.0
23.0,0.8595611384237838,-0.8595611384237838,v23,mure,without_windows_removed_50pct,without_windows,50.0
24.0,0.7508520409236399,-0.7508520409236399,v24,mure,without_windows_removed_50pct,without_windows,50.0
25.0,0.7630900527616391,-0.7630900527616391,v25,mure,without_windows_removed_50pct,without_windows,50.0
26.0,0.6048881768928477,-0.6048881768928477,v26,mure,without_windows_removed_50pct,without_windows,50.0
27.0,0.5630503549337381,-0.5630503549337381,v27,mure,without_windows_removed_50pct,without_windows,50.0
28.0,0.7636552566441716,-0.7636552566441716,v28,mure,without_windows_removed_50pct,without_windows,50.0
29.0,0.782543954588712,-0.782543954588712,v29,mure,without_windows_removed_50pct,without_windows,50.0
30.0,0.5488640254702029,-0.5488640254702029,v30,mure,without_windows_removed_50pct,without_windows,50.0
31.0,0.3708677621705623,-0.3708677621705623,v31,mure,without_windows_removed_50pct,without_windows,50.0
32.0,0.7002074931951452,-0.7002074931951452,v32,mure,without_windows_removed_50pct,without_windows,50.0
33.0,0.5332377849896366,-0.5332377849896366,v33,mure,without_windows_removed_50pct,without_windows,50.0
34.0,0.37658941645079785,-0.37658941645079785,v34,mure,without_windows_removed_50pct,without_windows,50.0
35.0,0.37023065524846244,-0.37023065524846244,v35,mure,without_windows_removed_50pct,without_windows,50.0
36.0,0.2617414148644017,-0.2617414148644017,v36,mure,without_windows_removed_50pct,without_windows,50.0
37.0,0.18786357008842927,-0.18786357008842927,v37,mure,without_windows_removed_50pct,without_windows,50.0
38.0,0.21606951205744837,-0.21606951205744837,v38,mure,without_windows_removed_50pct,without_windows,50.0
39.0,0.2675191243445474,-0.2675191243445474,v39,mure,without_windows_removed_50pct,without_windows,50.0
40.0,0.16869978227187665,-0.16869978227187665,v40,mure,without_windows_removed_50pct,without_windows,50.0
41.0,-0.013451428489252456,0.013451428489252456,v41,mure,without_windows_removed_50pct,without_windows,50.0
42.0,0.13694592437933345,-0.13694592437933345,v42,mure,without_windows_removed_50pct,without_windows,50.0
43.0,-0.027368571883784637,0.027368571883784637,v43,mure,without_windows_removed_50pct,without_windows,50.0
44.0,0.13864998682646873,-0.13864998682646873,v44,mure,without_windows_removed_50pct,without_windows,50.0
45.0,0.27177261970637456,-0.27177261970637456,v45,mure,without_windows_removed_50pct,without_windows,50.0
46.0,0.06151273671798154,-0.06151273671798154,v46,mure,without_windows_removed_50pct,without_windows,50.0
47.0,0.04079369570026881,-0.04079369570026881,v47,mure,without_windows_removed_50pct,without_windows,50.0
48.0,-0.23169960310589133,0.23169960310589133,v48,mure,without_windows_removed_50pct,without_windows,50.0
49.0,-0.032452734359694896,0.032452734359694896,v49,mure,without_windows_removed_50pct,without_windows,50.0
50.0,-0.11487900291574554,0.11487900291574554,v50,mure,without_windows_removed_50pct,without_windows,50.0
51.0,-0.3832301529729993,0.3832301529729993,v51,mure,without_windows_removed_50pct,without_windows,50.0
52.0,-0.07690694801273232,0.07690694801273232,v52,mure,without_windows_removed_50pct,without_windows,50.0
53.0,-0.3903821575611493,0.3903821575611493,v53,mure,without_windows_removed_50pct,without_windows,50.0
54.0,-0.23288438370741132,0.23288438370741132,v54,mure,without_windows_removed_50pct,without_windows,50.0
55.0,-0.3559844227865406,0.3559844227865406,v55,mure,without_windows_removed_50pct,without_windows,50.0
56.0,-0.18464138885822856,0.18464138885822856,v56,mure,without_windows_removed_50pct,without_windows,50.0
57.0,-0.4137721227206234,0.4137721227206234,v57,mure,without_windows_removed_50pct,without_windows,50.0
58.0,-0.41842481748401633,0.41842481748401633,v58,mure,without_windows_removed_50pct,without_windows,50.0
59.0,-0.3484512850086786,0.3484512850086786,v59,mure,without_windows_removed_50pct,without_windows,50.0
60.0,-0.3158837022880637,0.3158837022880637,v60,mure,without_windows_removed_50pct,without_windows,50.0
61.0,-0.5159799891727092,0.5159799891727092,v61,mure,without_windows_removed_50pct,without_windows,50.0
62.0,-0.4030115211104291,0.4030115211104291,v62,mure,without_windows_removed_50pct,without_windows,50.0
63.0,-0.5451352549371277,0.5451352549371277,v63,mure,without_windows_removed_50pct,without_windows,50.0
64.0,-0.5467130378692765,0.5467130378692765,v64,mure,without_windows_removed_50pct,without_windows,50.0
65.0,-0.3038536454273833,0.3038536454273833,v65,mure,without_windows_removed_50pct,without_windows,50.0
66.0,-0.5504326243767969,0.5504326243767969,v66,mure,without_windows_removed_50pct,without_windows,50.0
67.0,-0.5977567641355157,0.5977567641355157,v67,mure,without_windows_removed_50pct,without_windows,50.0
68.0,-0.3789833808748049,0.3789833808748049,v68,mure,without_windows_removed_50pct,without_windows,50.0
69.0,-0.8586316476802419,0.8586316476802419,v69,mure,without_windows_removed_50pct,without_windows,50.0
70.0,-0.81507499237452,0.81507499237452,v70,mure,without_windows_removed_50pct,without_windows,50.0
71.0,-0.5904329716059294,0.5904329716059294,v71,mure,without_windows_removed_50pct,without_windows,50.0
72.0,-0.6603928908872931,0.6603928908872931,v72,mure,without_windows_removed_50pct,without_windows,50.0
73.0,-0.7822390697062983,0.7822390697062983,v73,mure,without_windows_removed_50pct,without_windows,50.0
74.0,-0.6027637369483206,0.6027637369483206,v74,mure,without_windows_removed_50pct,without_windows,50.0
75.0,-0.6170670991480219,0.6170670991480219,v75,mure,without_windows_removed_50pct,without_windows,50.0
76.0,-0.6832735848873938,0.6832735848873938,v76,mure,without_windows_removed_50pct,without_windows,50.0
77.0,-0.5565498240250716,0.5565498240250716,v77,mure,without_windows_removed_50pct,without_windows,50.0
78.0,-0.9705025552343609,0.9705025552343609,v78,mure,without_windows_removed_50pct,without_windows,50.0
79.0,-1.2158395155302226,1.2158395155302226,v79,mure,without_windows_removed_50pct,without_windows,50.0
80.0,-0.8501890855497481,0.8501890855497481,v80,mure,without_windows_removed_50pct,without_windows,50.0
81.0,-1.1240066812098861,1.1240066812098861,v81,mure,without_windows_removed_50pct,without_windows,50.0
82.0,-0.8905763616647542,0.8905763616647542,v82,mure,without_windows_removed_50pct,without_windows,50.0
83.0,-1.0508565828000465,1.0508565828000465,v83,mure,without_windows_removed_50pct,without_windows,50.0
84.0,-0.6640387562555677,0.6640387562555677,v84,mure,without_windows_removed_50pct,without_windows,50.0
85.0,-0.7707563200937577,0.7707563200937577,v85,mure,without_windows_removed_50pct,without_windows,50.0
86.0,-0.8936996802630942,0.8936996802630942,v86,mure,without_windows_removed_50pct,without_windows,50.0
87.0,-0.6840442692139741,0.6840442692139741,v87,mure,without_windows_removed_50pct,without_windows,50.0
88.0,-1.0626972054683663,1.0626972054683663,v88,mure,without_windows_removed_50pct,without_windows,50.0
89.0,-0.9552380928320056,0.9552380928320056,v89,mure,without_windows_removed_50pct,without_windows,50.0
90.0,-0.8946436563281484,0.8946436563281484,v90,mure,without_windows_removed_50pct,without_windows,50.0
91.0,-1.0323608390289818,1.0323608390289818,v91,mure,without_windows_removed_50pct,without_windows,50.0
92.0,-0.9987322142856351,0.9987322142856351,v92,mure,without_windows_removed_50pct,without_windows,50.0
93.0,-0.8066197428248596,0.8066197428248596,v93,mure,without_windows_removed_50pct,without_windows,50.0
94.0,-1.1589630544089673,1.1589630544089673,v94,mure,without_windows_removed_50pct,without_windows,50.0
95.0,-0.957228479729301,0.957228479729301,v95,mure,without_windows_removed_50pct,without_windows,50.0
96.0,-0.950520712855417,0.950520712855417,v96,mure,without_windows_removed_50pct,without_windows,50.0
97.0,-1.167954071477899,1.167954071477899,v97,mure,without_windows_removed_50pct,without_windows,50.0
98.0,-1.0233015909806955,1.0233015909806955,v98,mure,without_windows_removed_50pct,without_windows,50.0
99.0,-0.9974602297692955,0.9974602297692955,v99,mure,without_windows_removed_50pct,without_windows,50.0
100.0,-0.9153760672937249,0.9153760672937249,v100,mure,without_windows_removed_50pct,without_windows,50.0
1.0,1.5863945781191577,-1.5863945781191577,v1,mure,with_windows_removed_75pct,with_windows,75.0
2.0,1.2375593266785307,-1.2375593266785307,v2,mure,with_windows_removed_75pct,with_windows,75.0
3.0,1.5210065776880162,-1.5210065776880162,v3,mure,with_windows_removed_75pct,with_windows,75.0
4.0,1.3207615565902997,-1.3207615565902997,v4,mure,with_windows_removed_75pct,with_windows,75.0
5.0,1.418399638589206,-1.418399638589206,v5,mure,with_windows_removed_75pct,with_windows,75.0
6.0,1.1650917392973326,-1.1650917392973326,v6,mure,with_windows_removed_75pct,with_windows,75.0
7.0,1.2036901668997446,-1.2036901668997446,v7,mure,with_windows_removed_75pct,with_windows,75.0
8.0,1.0947419938860308,-1.0947419938860308,v8,mure,with_windows_removed_75pct,with_windows,75.0
9.0,1.0005580197786355,-1.0005580197786355,v9,mure,with_windows_removed_75pct,with_windows,75.0
10.0,1.0526538006080257,-1.0526538006080257,v10,mure,with_windows_removed_75pct,with_windows,75.0
11.0,1.1465508911138345,-1.1465508911138345,v11,mure,with_windows_removed_75pct,with_windows,75.0
12.0,1.069238491799473,-1.069238491799473,v12,mure,with_windows_removed_75pct,with_windows,75.0
13.0,1.0482116089399345,-1.0482116089399345,v13,mure,with_windows_removed_75pct,with_windows,75.0
14.0,1.0328953592973247,-1.0328953592973247,v14,mure,with_windows_removed_75pct,with_windows,75.0
15.0,1.0298256559488765,-1.0298256559488765,v15,mure,with_windows_removed_75pct,with_windows,75.0
16.0,1.1999349039246838,-1.1999349039246838,v16,mure,with_windows_removed_75pct,with_windows,75.0
17.0,0.9988751355616484,-0.9988751355616484,v17,mure,with_windows_removed_75pct,with_windows,75.0
18.0,0.7690522543541184,-0.7690522543541184,v18,mure,with_windows_removed_75pct,with_windows,75.0
19.0,0.9507672697700491,-0.9507672697700491,v19,mure,with_windows_removed_75pct,with_windows,75.0
20.0,0.8701466326551175,-0.8701466326551175,v20,mure,with_windows_removed_75pct,with_windows,75.0
21.0,0.8303059942243072,-0.8303059942243072,v21,mure,with_windows_removed_75pct,with_windows,75.0
22.0,0.9168719140401608,-0.9168719140401608,v22,mure,with_windows_removed_75pct,with_windows,75.0
23.0,0.7353016258775219,-0.7353016258775219,v23,mure,with_windows_removed_75pct,with_windows,75.0
24.0,1.0659427091902203,-1.0659427091902203,v24,mure,with_windows_removed_75pct,with_windows,75.0
25.0,0.8198473749394446,-0.8198473749394446,v25,mure,with_windows_removed_75pct,with_windows,75.0
26.0,0.6716586093854342,-0.6716586093854342,v26,mure,with_windows_removed_75pct,with_windows,75.0
27.0,0.7506259355998028,-0.7506259355998028,v27,mure,with_windows_removed_75pct,with_windows,75.0
28.0,0.7821620335755451,-0.7821620335755451,v28,mure,with_windows_removed_75pct,with_windows,75.0
29.0,0.561779622094353,-0.561779622094353,v29,mure,with_windows_removed_75pct,with_windows,75.0
30.0,0.6322391698444071,-0.6322391698444071,v30,mure,with_windows_removed_75pct,with_windows,75.0
31.0,0.5049646845221737,-0.5049646845221737,v31,mure,with_windows_removed_75pct,with_windows,75.0
32.0,0.5983127053048568,-0.5983127053048568,v32,mure,with_windows_removed_75pct,with_windows,75.0
33.0,0.3639908660500493,-0.3639908660500493,v33,mure,with_windows_removed_75pct,with_windows,75.0
34.0,0.38756662882726856,-0.38756662882726856,v34,mure,with_windows_removed_75pct,with_windows,75.0
35.0,0.5255777249582708,-0.5255777249582708,v35,mure,with_windows_removed_75pct,with_windows,75.0
36.0,0.27955965557278395,-0.27955965557278395,v36,mure,with_windows_removed_75pct,with_windows,75.0
37.0,0.4124867197664595,-0.4124867197664595,v37,mure,with_windows_removed_75pct,with_windows,75.0
38.0,0.10180707103845518,-0.10180707103845518,v38,mure,with_windows_removed_75pct,with_windows,75.0
39.0,0.34269498479576066,-0.34269498479576066,v39,mure,with_windows_removed_75pct,with_windows,75.0
40.0,0.1548010623479607,-0.1548010623479607,v40,mure,with_windows_removed_75pct,with_windows,75.0
41.0,0.11001561629245082,-0.11001561629245082,v41,mure,with_windows_removed_75pct,with_windows,75.0
42.0,0.10451898674651942,-0.10451898674651942,v42,mure,with_windows_removed_75pct,with_windows,75.0
43.0,-0.12510234735695702,0.12510234735695702,v43,mure,with_windows_removed_75pct,with_windows,75.0
44.0,0.1541670347829371,-0.1541670347829371,v44,mure,with_windows_removed_75pct,with_windows,75.0
45.0,-0.09900190946826071,0.09900190946826071,v45,mure,with_windows_removed_75pct,with_windows,75.0
46.0,0.13418342347276388,-0.13418342347276388,v46,mure,with_windows_removed_75pct,with_windows,75.0
47.0,0.07489901459599034,-0.07489901459599034,v47,mure,with_windows_removed_75pct,with_windows,75.0
48.0,-0.06671394568250584,0.06671394568250584,v48,mure,with_windows_removed_75pct,with_windows,75.0
49.0,0.05520751659908546,-0.05520751659908546,v49,mure,with_windows_removed_75pct,with_windows,75.0
50.0,-0.12785081691239902,0.12785081691239902,v50,mure,with_windows_removed_75pct,with_windows,75.0
51.0,-0.2983002415364203,0.2983002415364203,v51,mure,with_windows_removed_75pct,with_windows,75.0
52.0,-0.364020012962598,0.364020012962598,v52,mure,with_windows_removed_75pct,with_windows,75.0
53.0,-0.3091832427713111,0.3091832427713111,v53,mure,with_windows_removed_75pct,with_windows,75.0
54.0,-0.3001519741037616,0.3001519741037616,v54,mure,with_windows_removed_75pct,with_windows,75.0
55.0,-0.2989040652125446,0.2989040652125446,v55,mure,with_windows_removed_75pct,with_windows,75.0
56.0,-0.39570127445788644,0.39570127445788644,v56,mure,with_windows_removed_75pct,with_windows,75.0
57.0,-0.32732847192161135,0.32732847192161135,v57,mure,with_windows_removed_75pct,with_windows,75.0
58.0,-0.42216708208231685,0.42216708208231685,v58,mure,with_windows_removed_75pct,with_windows,75.0
59.0,-0.20054026451530826,0.20054026451530826,v59,mure,with_windows_removed_75pct,with_windows,75.0
60.0,-0.3503582790876883,0.3503582790876883,v60,mure,with_windows_removed_75pct,with_windows,75.0
61.0,-0.4355801424438346,0.4355801424438346,v61,mure,with_windows_removed_75pct,with_windows,75.0
62.0,-0.30574717729073664,0.30574717729073664,v62,mure,with_windows_removed_75pct,with_windows,75.0
63.0,-0.35729479420647486,0.35729479420647486,v63,mure,with_windows_removed_75pct,with_windows,75.0
64.0,-0.35230086683980893,0.35230086683980893,v64,mure,with_windows_removed_75pct,with_windows,75.0
65.0,-0.7627010792758663,0.7627010792758663,v65,mure,with_windows_removed_75pct,with_windows,75.0
66.0,-0.5589510925944747,0.5589510925944747,v66,mure,with_windows_removed_75pct,with_windows,75.0
67.0,-0.3104132387494969,0.3104132387494969,v67,mure,with_windows_removed_75pct,with_windows,75.0
68.0,-0.46245101054433935,0.46245101054433935,v68,mure,with_windows_removed_75pct,with_windows,75.0
69.0,-0.7201902683544839,0.7201902683544839,v69,mure,with_windows_removed_75pct,with_windows,75.0
70.0,-0.6715413455887547,0.6715413455887547,v70,mure,with_windows_removed_75pct,with_windows,75.0
71.0,-0.5576652393461649,0.5576652393461649,v71,mure,with_windows_removed_75pct,with_windows,75.0
72.0,-0.6882574494970087,0.6882574494970087,v72,mure,with_windows_removed_75pct,with_windows,75.0
73.0,-0.8220945943873134,0.8220945943873134,v73,mure,with_windows_removed_75pct,with_windows,75.0
74.0,-0.7634974852988169,0.7634974852988169,v74,mure,with_windows_removed_75pct,with_windows,75.0
75.0,-0.4998226200628555,0.4998226200628555,v75,mure,with_windows_removed_75pct,with_windows,75.0
76.0,-0.6596997937430753,0.6596997937430753,v76,mure,with_windows_removed_75pct,with_windows,75.0
77.0,-1.153665085391725,1.153665085391725,v77,mure,with_windows_removed_75pct,with_windows,75.0
78.0,-0.878995856142249,0.878995856142249,v78,mure,with_windows_removed_75pct,with_windows,75.0
79.0,-0.8475322958025789,0.8475322958025789,v79,mure,with_windows_removed_75pct,with_windows,75.0
80.0,-0.6927339777560841,0.6927339777560841,v80,mure,with_windows_removed_75pct,with_windows,75.0
81.0,-0.7486573674325551,0.7486573674325551,v81,mure,with_windows_removed_75pct,with_windows,75.0
82.0,-1.0038351966520611,1.0038351966520611,v82,mure,with_windows_removed_75pct,with_windows,75.0
83.0,-0.9073544830983027,0.9073544830983027,v83,mure,with_windows_removed_75pct,with_windows,75.0
84.0,-0.910077712506334,0.910077712506334,v84,mure,with_windows_removed_75pct,with_windows,75.0
85.0,-0.8710413107228275,0.8710413107228275,v85,mure,with_windows_removed_75pct,with_windows,75.0
86.0,-0.9422512638444921,0.9422512638444921,v86,mure,with_windows_removed_75pct,with_windows,75.0
87.0,-0.8092389941241735,0.8092389941241735,v87,mure,with_windows_removed_75pct,with_windows,75.0
88.0,-0.7517244724465402,0.7517244724465402,v88,mure,with_windows_removed_75pct,with_windows,75.0
89.0,-0.9248586220841636,0.9248586220841636,v89,mure,with_windows_removed_75pct,with_windows,75.0
90.0,-0.9161422406260541,0.9161422406260541,v90,mure,with_windows_removed_75pct,with_windows,75.0
91.0,-1.0695652378459597,1.0695652378459597,v91,mure,with_windows_removed_75pct,with_windows,75.0
92.0,-0.8081392500132369,0.8081392500132369,v92,mure,with_windows_removed_75pct,with_windows,75.0
93.0,-1.126575961340296,1.126575961340296,v93,mure,with_windows_removed_75pct,with_windows,75.0
94.0,-0.9485024164704381,0.9485024164704381,v94,mure,with_windows_removed_75pct,with_windows,75.0
95.0,-0.9659503835972738,0.9659503835972738,v95,mure,with_windows_removed_75pct,with_windows,75.0
96.0,-0.9950763197433239,0.9950763197433239,v96,mure,with_windows_removed_75pct,with_windows,75.0
97.0,-0.8569149686782174,0.8569149686782174,v97,mure,with_windows_removed_75pct,with_windows,75.0
98.0,-0.9482521130350169,0.9482521130350169,v98,mure,with_windows_removed_75pct,with_windows,75.0
99.0,-0.9597958235638341,0.9597958235638341,v99,mure,with_windows_removed_75pct,with_windows,75.0
100.0,-1.137430806732213,1.137430806732213,v100,mure,with_windows_removed_75pct,with_windows,75.0
1.0,-1.6476449398516984,-1.6476449398516984,v1,mure,without_windows_removed_75pct,without_windows,75.0
2.0,-1.4447151451747453,-1.4447151451747453,v2,mure,without_windows_removed_75pct,without_windows,75.0
3.0,-1.4851281595770183,-1.4851281595770183,v3,mure,without_windows_removed_75pct,without_windows,75.0
4.0,-1.1831086669075868,-1.1831086669075868,v4,mure,without_windows_removed_75pct,without_windows,75.0
5.0,-1.3261396714990434,-1.3261396714990434,v5,mure,without_windows_removed_75pct,without_windows,75.0
6.0,-1.3357883001800623,-1.3357883001800623,v6,mure,without_windows_removed_75pct,without_windows,75.0
7.0,-1.4457501827125152,-1.4457501827125152,v7,mure,without_windows_removed_75pct,without_windows,75.0
8.0,-1.3384838558858667,-1.3384838558858667,v8,mure,without_windows_removed_75pct,without_windows,75.0
9.0,-1.1697529702943505,-1.1697529702943505,v9,mure,without_windows_removed_75pct,without_windows,75.0
10.0,-1.0661140607896302,-1.0661140607896302,v10,mure,without_windows_removed_75pct,without_windows,75.0
11.0,-1.2511651796989642,-1.2511651796989642,v11,mure,without_windows_removed_75pct,without_windows,75.0
12.0,-1.1668395329735877,-1.1668395329735877,v12,mure,without_windows_removed_75pct,without_windows,75.0
13.0,-1.0605766611526501,-1.0605766611526501,v13,mure,without_windows_removed_75pct,without_windows,75.0
14.0,-0.8797903314880905,-0.8797903314880905,v14,mure,without_windows_removed_75pct,without_windows,75.0
15.0,-0.8169115628943622,-0.8169115628943622,v15,mure,without_windows_removed_75pct,without_windows,75.0
16.0,-0.8654615916384045,-0.8654615916384045,v16,mure,without_windows_removed_75pct,without_windows,75.0
17.0,-1.0121083136063935,-1.0121083136063935,v17,mure,without_windows_removed_75pct,without_windows,75.0
18.0,-0.9467358426106919,-0.9467358426106919,v18,mure,without_windows_removed_75pct,without_windows,75.0
19.0,-0.8631581776330229,-0.8631581776330229,v19,mure,without_windows_removed_75pct,without_windows,75.0
20.0,-0.8826515224471693,-0.8826515224471693,v20,mure,without_windows_removed_75pct,without_windows,75.0
21.0,-0.604661210951655,-0.604661210951655,v21,mure,without_windows_removed_75pct,without_windows,75.0
22.0,-0.9142837447654503,-0.9142837447654503,v22,mure,without_windows_removed_75pct,without_windows,75.0
23.0,-0.7817582205875752,-0.7817582205875752,v23,mure,without_windows_removed_75pct,without_windows,75.0
24.0,-0.8438349950938169,-0.8438349950938169,v24,mure,without_windows_removed_75pct,without_windows,75.0
25.0,-0.6050061989342247,-0.6050061989342247,v25,mure,without_windows_removed_75pct,without_windows,75.0
26.0,-0.7450267998134631,-0.7450267998134631,v26,mure,without_windows_removed_75pct,without_windows,75.0
27.0,-0.46279494417452005,-0.46279494417452005,v27,mure,without_windows_removed_75pct,without_windows,75.0
28.0,-0.5873224407415233,-0.5873224407415233,v28,mure,without_windows_removed_75pct,without_windows,75.0
29.0,-0.6240887440441577,-0.6240887440441577,v29,mure,without_windows_removed_75pct,without_windows,75.0
30.0,-0.6001773678998824,-0.6001773678998824,v30,mure,without_windows_removed_75pct,without_windows,75.0
31.0,-0.48638948278864674,-0.48638948278864674,v31,mure,without_windows_removed_75pct,without_windows,75.0
32.0,-0.4456366132451944,-0.4456366132451944,v32,mure,without_windows_removed_75pct,without_windows,75.0
33.0,-0.4560185617671485,-0.4560185617671485,v33,mure,without_windows_removed_75pct,without_windows,75.0
34.0,-0.5933897107057539,-0.5933897107057539,v34,mure,without_windows_removed_75pct,without_windows,75.0
35.0,-0.4492772652272815,-0.4492772652272815,v35,mure,without_windows_removed_75pct,without_windows,75.0
36.0,-0.28124681462343665,-0.28124681462343665,v36,mure,without_windows_removed_75pct,without_windows,75.0
37.0,-0.32753965329504275,-0.32753965329504275,v37,mure,without_windows_removed_75pct,without_windows,75.0
38.0,-0.37670668230534765,-0.37670668230534765,v38,mure,without_windows_removed_75pct,without_windows,75.0
39.0,-0.28492920258533083,-0.28492920258533083,v39,mure,without_windows_removed_75pct,without_windows,75.0
40.0,-0.4007087765406038,-0.4007087765406038,v40,mure,without_windows_removed_75pct,without_windows,75.0
41.0,-0.39580102072855794,-0.39580102072855794,v41,mure,without_windows_removed_75pct,without_windows,75.0
42.0,-0.01312844120216515,-0.01312844120216515,v42,mure,without_windows_removed_75pct,without_windows,75.0
43.0,-0.2217341287437557,-0.2217341287437557,v43,mure,without_windows_removed_75pct,without_windows,75.0
44.0,0.02767070222588462,0.02767070222588462,v44,mure,without_windows_removed_75pct,without_windows,75.0
45.0,-0.1526305769327097,-0.1526305769327097,v45,mure,without_windows_removed_75pct,without_windows,75.0
46.0,0.028809918395719426,0.028809918395719426,v46,mure,without_windows_removed_75pct,without_windows,75.0
47.0,-0.1237619255660373,-0.1237619255660373,v47,mure,without_windows_removed_75pct,without_windows,75.0
48.0,-0.09225081113750708,-0.09225081113750708,v48,mure,without_windows_removed_75pct,without_windows,75.0
49.0,0.13875282439654588,0.13875282439654588,v49,mure,without_windows_removed_75pct,without_windows,75.0
50.0,0.20798396131996752,0.20798396131996752,v50,mure,without_windows_removed_75pct,without_windows,75.0
51.0,0.03792164628273709,0.03792164628273709,v51,mure,without_windows_removed_75pct,without_windows,75.0
52.0,0.15772380848065765,0.15772380848065765,v52,mure,without_windows_removed_75pct,without_windows,75.0
53.0,-0.006388811380711348,-0.006388811380711348,v53,mure,without_windows_removed_75pct,without_windows,75.0
54.0,0.15344916900896954,0.15344916900896954,v54,mure,without_windows_removed_75pct,without_windows,75.0
55.0,0.24307038728404895,0.24307038728404895,v55,mure,without_windows_removed_75pct,without_windows,75.0
56.0,0.5285599115213718,0.5285599115213718,v56,mure,without_windows_removed_75pct,without_windows,75.0
57.0,0.22673200420138312,0.22673200420138312,v57,mure,without_windows_removed_75pct,without_windows,75.0
58.0,0.40717372500895554,0.40717372500895554,v58,mure,without_windows_removed_75pct,without_windows,75.0
59.0,0.3806135112082179,0.3806135112082179,v59,mure,without_windows_removed_75pct,without_windows,75.0
60.0,0.3020603529598397,0.3020603529598397,v60,mure,without_windows_removed_75pct,without_windows,75.0
61.0,0.44792739714996693,0.44792739714996693,v61,mure,without_windows_removed_75pct,without_windows,75.0
62.0,0.38603151500221894,0.38603151500221894,v62,mure,without_windows_removed_75pct,without_windows,75.0
63.0,0.43442015504713805,0.43442015504713805,v63,mure,without_windows_removed_75pct,without_windows,75.0
64.0,0.4226821529376715,0.4226821529376715,v64,mure,without_windows_removed_75pct,without_windows,75.0
65.0,0.5604639045510884,0.5604639045510884,v65,mure,without_windows_removed_75pct,without_windows,75.0
66.0,0.5680043836013602,0.5680043836013602,v66,mure,without_windows_removed_75pct,without_windows,75.0
67.0,0.583592968143549,0.583592968143549,v67,mure,without_windows_removed_75pct,without_windows,75.0
68.0,0.891144447659631,0.891144447659631,v68,mure,without_windows_removed_75pct,without_windows,75.0
69.0,0.494959313594086,0.494959313594086,v69,mure,without_windows_removed_75pct,without_windows,75.0
70.0,0.6151044937844121,0.6151044937844121,v70,mure,without_windows_removed_75pct,without_windows,75.0
71.0,0.5219106567906494,0.5219106567906494,v71,mure,without_windows_removed_75pct,without_windows,75.0
72.0,0.6509062963134741,0.6509062963134741,v72,mure,without_windows_removed_75pct,without_windows,75.0
73.0,0.8245330546971334,0.8245330546971334,v73,mure,without_windows_removed_75pct,without_windows,75.0
74.0,0.6670242057234137,0.6670242057234137,v74,mure,without_windows_removed_75pct,without_windows,75.0
75.0,0.7204426041629854,0.7204426041629854,v75,mure,without_windows_removed_75pct,without_windows,75.0
76.0,0.8471727583527361,0.8471727583527361,v76,mure,without_windows_removed_75pct,without_windows,75.0
77.0,0.7860094249315331,0.7860094249315331,v77,mure,without_windows_removed_75pct,without_windows,75.0
78.0,0.8401981401786616,0.8401981401786616,v78,mure,without_windows_removed_75pct,without_windows,75.0
79.0,0.923068841014622,0.923068841014622,v79,mure,without_windows_removed_75pct,without_windows,75.0
80.0,0.7980932059136121,0.7980932059136121,v80,mure,without_windows_removed_75pct,without_windows,75.0
81.0,0.887434295464097,0.887434295464097,v81,mure,without_windows_removed_75pct,without_windows,75.0
82.0,0.7317355338694033,0.7317355338694033,v82,mure,without_windows_removed_75pct,without_windows,75.0
83.0,0.7311349354716347,0.7311349354716347,v83,mure,without_windows_removed_75pct,without_windows,75.0
84.0,1.001060054115243,1.001060054115243,v84,mure,without_windows_removed_75pct,without_windows,75.0
85.0,0.7821555503891153,0.7821555503891153,v85,mure,without_windows_removed_75pct,without_windows,75.0
86.0,0.8937927342633946,0.8937927342633946,v86,mure,without_windows_removed_75pct,without_windows,75.0
87.0,0.8983664491970669,0.8983664491970669,v87,mure,without_windows_removed_75pct,without_windows,75.0
88.0,0.7479195940330251,0.7479195940330251,v88,mure,without_windows_removed_75pct,without_windows,75.0
89.0,1.0453732834093437,1.0453732834093437,v89,mure,without_windows_removed_75pct,without_windows,75.0
90.0,0.990902876174525,0.990902876174525,v90,mure,without_windows_removed_75pct,without_windows,75.0
91.0,0.8602754361553866,0.8602754361553866,v91,mure,without_windows_removed_75pct,without_windows,75.0
92.0,1.0266493038860585,1.0266493038860585,v92,mure,without_windows_removed_75pct,without_windows,75.0
93.0,1.0138832584170678,1.0138832584170678,v93,mure,without_windows_removed_75pct,without_windows,75.0
94.0,1.0797411467264082,1.0797411467264082,v94,mure,without_windows_removed_75pct,without_windows,75.0
95.0,1.0184107777493747,1.0184107777493747,v95,mure,without_windows_removed_75pct,without_windows,75.0
96.0,1.1497237287667217,1.1497237287667217,v96,mure,without_windows_removed_75pct,without_windows,75.0
97.0,1.03481521355504,1.03481521355504,v97,mure,without_windows_removed_75pct,without_windows,75.0
98.0,1.0726079927290955,1.0726079927290955,v98,mure,without_windows_removed_75pct,without_windows,75.0
99.0,1.1228074532271801,1.1228074532271801,v99,mure,without_windows_removed_75pct,without_windows,75.0
100.0,1.1515163553539294,1.1515163553539294,v100,mure,without_windows_removed_75pct,without_windows,75.0
1.0,-1.6560181709634194,-1.6560181709634194,v1,mure,with_windows_removed_99pct,with_windows,99.0
2.0,-1.429788507531623,-1.429788507531623,v2,mure,with_windows_removed_99pct,with_windows,99.0
3.0,-1.499706079872409,-1.499706079872409,v3,mure,with_windows_removed_99pct,with_windows,99.0
4.0,-1.2799414729633454,-1.2799414729633454,v4,mure,with_windows_removed_99pct,with_windows,99.0
5.0,-1.3080591539539081,-1.3080591539539081,v5,mure,with_windows_removed_99pct,with_windows,99.0
6.0,-1.0995503171644156,-1.0995503171644156,v6,mure,with_windows_removed_99pct,with_windows,99.0
7.0,-1.2863113856663544,-1.2863113856663544,v7,mure,with_windows_removed_99pct,with_windows,99.0
8.0,-1.2040325189394077,-1.2040325189394077,v8,mure,with_windows_removed_99pct,with_windows,99.0
9.0,-1.0891820766872646,-1.0891820766872646,v9,mure,with_windows_removed_99pct,with_windows,99.0
10.0,-1.1114517552437173,-1.1114517552437173,v10,mure,with_windows_removed_99pct,with_windows,99.0
11.0,-1.250162940131238,-1.250162940131238,v11,mure,with_windows_removed_99pct,with_windows,99.0
12.0,-1.2436094517547434,-1.2436094517547434,v12,mure,with_windows_removed_99pct,with_windows,99.0
13.0,-1.0557222976033473,-1.0557222976033473,v13,mure,with_windows_removed_99pct,with_windows,99.0
14.0,-1.046988487436479,-1.046988487436479,v14,mure,with_windows_removed_99pct,with_windows,99.0
15.0,-0.9347173088817546,-0.9347173088817546,v15,mure,with_windows_removed_99pct,with_windows,99.0
16.0,-0.9899766122663455,-0.9899766122663455,v16,mure,with_windows_removed_99pct,with_windows,99.0
17.0,-0.9974708860073718,-0.9974708860073718,v17,mure,with_windows_removed_99pct,with_windows,99.0
18.0,-1.038849404179606,-1.038849404179606,v18,mure,with_windows_removed_99pct,with_windows,99.0
19.0,-0.9079163266249383,-0.9079163266249383,v19,mure,with_windows_removed_99pct,with_windows,99.0
20.0,-0.8697909845577323,-0.8697909845577323,v20,mure,with_windows_removed_99pct,with_windows,99.0
21.0,-0.6919520100839885,-0.6919520100839885,v21,mure,with_windows_removed_99pct,with_windows,99.0
22.0,-0.8270460440657894,-0.8270460440657894,v22,mure,with_windows_removed_99pct,with_windows,99.0
23.0,-0.8067596059755581,-0.8067596059755581,v23,mure,with_windows_removed_99pct,with_windows,99.0
24.0,-0.6774978826038491,-0.6774978826038491,v24,mure,with_windows_removed_99pct,with_windows,99.0
25.0,-0.8086640345496708,-0.8086640345496708,v25,mure,with_windows_removed_99pct,with_windows,99.0
26.0,-0.7033002028913278,-0.7033002028913278,v26,mure,with_windows_removed_99pct,with_windows,99.0
27.0,-0.7418222142630738,-0.7418222142630738,v27,mure,with_windows_removed_99pct,with_windows,99.0
28.0,-0.5978819269118419,-0.5978819269118419,v28,mure,with_windows_removed_99pct,with_windows,99.0
29.0,-0.6146905803119135,-0.6146905803119135,v29,mure,with_windows_removed_99pct,with_windows,99.0
30.0,-0.5096730888113323,-0.5096730888113323,v30,mure,with_windows_removed_99pct,with_windows,99.0
31.0,-0.5158697477673461,-0.5158697477673461,v31,mure,with_windows_removed_99pct,with_windows,99.0
32.0,-0.37936108825732096,-0.37936108825732096,v32,mure,with_windows_removed_99pct,with_windows,99.0
33.0,-0.46699869289380924,-0.46699869289380924,v33,mure,with_windows_removed_99pct,with_windows,99.0
34.0,-0.4265701296446409,-0.4265701296446409,v34,mure,with_windows_removed_99pct,with_windows,99.0
35.0,-0.502114103848971,-0.502114103848971,v35,mure,with_windows_removed_99pct,with_windows,99.0
36.0,-0.4744438765733651,-0.4744438765733651,v36,mure,with_windows_removed_99pct,with_windows,99.0
37.0,-0.29826608013115824,-0.29826608013115824,v37,mure,with_windows_removed_99pct,with_windows,99.0
38.0,-0.15018006215727886,-0.15018006215727886,v38,mure,with_windows_removed_99pct,with_windows,99.0
39.0,-0.216592211586535,-0.216592211586535,v39,mure,with_windows_removed_99pct,with_windows,99.0
40.0,-0.2640330283238474,-0.2640330283238474,v40,mure,with_windows_removed_99pct,with_windows,99.0
41.0,-0.31190126257714607,-0.31190126257714607,v41,mure,with_windows_removed_99pct,with_windows,99.0
42.0,-0.1995217697114593,-0.1995217697114593,v42,mure,with_windows_removed_99pct,with_windows,99.0
43.0,-0.11034683739857833,-0.11034683739857833,v43,mure,with_windows_removed_99pct,with_windows,99.0
44.0,-0.32723294698258987,-0.32723294698258987,v44,mure,with_windows_removed_99pct,with_windows,99.0
45.0,-0.022179260238334338,-0.022179260238334338,v45,mure,with_windows_removed_99pct,with_windows,99.0
46.0,-0.04992104656329097,-0.04992104656329097,v46,mure,with_windows_removed_99pct,with_windows,99.0
47.0,0.005138601760489891,0.005138601760489891,v47,mure,with_windows_removed_99pct,with_windows,99.0
48.0,0.03474185256400953,0.03474185256400953,v48,mure,with_windows_removed_99pct,with_windows,99.0
49.0,-0.007910609585617939,-0.007910609585617939,v49,mure,with_windows_removed_99pct,with_windows,99.0
50.0,-0.02870749762993381,-0.02870749762993381,v50,mure,with_windows_removed_99pct,with_windows,99.0
51.0,0.21395991484190208,0.21395991484190208,v51,mure,with_windows_removed_99pct,with_windows,99.0
52.0,0.18002095540280122,0.18002095540280122,v52,mure,with_windows_removed_99pct,with_windows,99.0
53.0,0.23068455472403196,0.23068455472403196,v53,mure,with_windows_removed_99pct,with_windows,99.0
54.0,0.03475993898758128,0.03475993898758128,v54,mure,with_windows_removed_99pct,with_windows,99.0
55.0,0.2950347133840883,0.2950347133840883,v55,mure,with_windows_removed_99pct,with_windows,99.0
56.0,0.1820078639885053,0.1820078639885053,v56,mure,with_windows_removed_99pct,with_windows,99.0
57.0,0.3395019680040267,0.3395019680040267,v57,mure,with_windows_removed_99pct,with_windows,99.0
58.0,0.30284659679710957,0.30284659679710957,v58,mure,with_windows_removed_99pct,with_windows,99.0
59.0,0.2268949785225858,0.2268949785225858,v59,mure,with_windows_removed_99pct,with_windows,99.0
60.0,0.5536789265408264,0.5536789265408264,v60,mure,with_windows_removed_99pct,with_windows,99.0
61.0,0.41055379951691084,0.41055379951691084,v61,mure,with_windows_removed_99pct,with_windows,99.0
62.0,0.5265310051849419,0.5265310051849419,v62,mure,with_windows_removed_99pct,with_windows,99.0
63.0,0.6273874748675632,0.6273874748675632,v63,mure,with_windows_removed_99pct,with_windows,99.0
64.0,0.5357477922286209,0.5357477922286209,v64,mure,with_windows_removed_99pct,with_windows,99.0
65.0,0.8970930290009739,0.8970930290009739,v65,mure,with_windows_removed_99pct,with_windows,99.0
66.0,0.7495992949660764,0.7495992949660764,v66,mure,with_windows_removed_99pct,with_windows,99.0
67.0,0.6356633917215945,0.6356633917215945,v67,mure,with_windows_removed_99pct,with_windows,99.0
68.0,0.3746820720903417,0.3746820720903417,v68,mure,with_windows_removed_99pct,with_windows,99.0
69.0,0.45739116581931594,0.45739116581931594,v69,mure,with_windows_removed_99pct,with_windows,99.0
70.0,0.5655171692319028,0.5655171692319028,v70,mure,with_windows_removed_99pct,with_windows,99.0
71.0,0.5739382122092805,0.5739382122092805,v71,mure,with_windows_removed_99pct,with_windows,99.0
72.0,0.682234446612135,0.682234446612135,v72,mure,with_windows_removed_99pct,with_windows,99.0
73.0,0.6423037293445056,0.6423037293445056,v73,mure,with_windows_removed_99pct,with_windows,99.0
74.0,0.7440984940863541,0.7440984940863541,v74,mure,with_windows_removed_99pct,with_windows,99.0
75.0,0.7521889683517621,0.7521889683517621,v75,mure,with_windows_removed_99pct,with_windows,99.0
76.0,0.6215468423021533,0.6215468423021533,v76,mure,with_windows_removed_99pct,with_windows,99.0
77.0,0.7139472642978467,0.7139472642978467,v77,mure,with_windows_removed_99pct,with_windows,99.0
78.0,0.7347373881384894,0.7347373881384894,v78,mure,with_windows_removed_99pct,with_windows,99.0
79.0,0.6487017253724625,0.6487017253724625,v79,mure,with_windows_removed_99pct,with_windows,99.0
80.0,0.7241250870668438,0.7241250870668438,v80,mure,with_windows_removed_99pct,with_windows,99.0
81.0,0.7212405038818445,0.7212405038818445,v81,mure,with_windows_removed_99pct,with_windows,99.0
82.0,0.8260563790779475,0.8260563790779475,v82,mure,with_windows_removed_99pct,with_windows,99.0
83.0,0.9791248228503183,0.9791248228503183,v83,mure,with_windows_removed_99pct,with_windows,99.0
84.0,0.9306965691398527,0.9306965691398527,v84,mure,with_windows_removed_99pct,with_windows,99.0
85.0,1.0337308232382276,1.0337308232382276,v85,mure,with_windows_removed_99pct,with_windows,99.0
86.0,1.178506315870442,1.178506315870442,v86,mure,with_windows_removed_99pct,with_windows,99.0
87.0,0.764231241089513,0.764231241089513,v87,mure,with_windows_removed_99pct,with_windows,99.0
88.0,0.8768669355309265,0.8768669355309265,v88,mure,with_windows_removed_99pct,with_windows,99.0
89.0,1.1095111499661243,1.1095111499661243,v89,mure,with_windows_removed_99pct,with_windows,99.0
90.0,0.8313939081487587,0.8313939081487587,v90,mure,with_windows_removed_99pct,with_windows,99.0
91.0,1.0580215461981792,1.0580215461981792,v91,mure,with_windows_removed_99pct,with_windows,99.0
92.0,0.8114066746663399,0.8114066746663399,v92,mure,with_windows_removed_99pct,with_windows,99.0
93.0,0.9508274554040324,0.9508274554040324,v93,mure,with_windows_removed_99pct,with_windows,99.0
94.0,1.159208898407972,1.159208898407972,v94,mure,with_windows_removed_99pct,with_windows,99.0
95.0,1.1817836752355448,1.1817836752355448,v95,mure,with_windows_removed_99pct,with_windows,99.0
96.0,1.2422188813654267,1.2422188813654267,v96,mure,with_windows_removed_99pct,with_windows,99.0
97.0,1.018470426688136,1.018470426688136,v97,mure,with_windows_removed_99pct,with_windows,99.0
98.0,1.1133653366223593,1.1133653366223593,v98,mure,with_windows_removed_99pct,with_windows,99.0
99.0,0.852297881600249,0.852297881600249,v99,mure,with_windows_removed_99pct,with_windows,99.0
100.0,1.17446533785876,1.17446533785876,v100,mure,with_windows_removed_99pct,with_windows,99.0
1.0,-1.6155363520703132,-1.6155363520703132,v1,mure,without_windows_removed_99pct,without_windows,99.0
2.0,-1.3491089024424543,-1.3491089024424543,v2,mure,without_windows_removed_99pct,without_windows,99.0
3.0,-1.4274865570762179,-1.4274865570762179,v3,mure,without_windows_removed_99pct,without_windows,99.0
4.0,-1.2994249133250149,-1.2994249133250149,v4,mure,without_windows_removed_99pct,without_windows,99.0
5.0,-1.4250694871763692,-1.4250694871763692,v5,mure,without_windows_removed_99pct,without_windows,99.0
6.0,-1.4098856896578753,-1.4098856896578753,v6,mure,without_windows_removed_99pct,without_windows,99.0
7.0,-1.3827529434744428,-1.3827529434744428,v7,mure,without_windows_removed_99pct,without_windows,99.0
8.0,-1.252049610347318,-1.252049610347318,v8,mure,without_windows_removed_99pct,without_windows,99.0
9.0,-1.2239673511179818,-1.2239673511179818,v9,mure,without_windows_removed_99pct,without_windows,99.0
10.0,-1.001981815189466,-1.001981815189466,v10,mure,without_windows_removed_99pct,without_windows,99.0
11.0,-1.1965845686570578,-1.1965845686570578,v11,mure,without_windows_removed_99pct,without_windows,99.0
12.0,-1.1019472945746356,-1.1019472945746356,v12,mure,without_windows_removed_99pct,without_windows,99.0
13.0,-1.185180250894305,-1.185180250894305,v13,mure,without_windows_removed_99pct,without_windows,99.0
14.0,-0.9493603901347313,-0.9493603901347313,v14,mure,without_windows_removed_99pct,without_windows,99.0
15.0,-0.9653268062617296,-0.9653268062617296,v15,mure,without_windows_removed_99pct,without_windows,99.0
16.0,-1.0111123192798357,-1.0111123192798357,v16,mure,without_windows_removed_99pct,without_windows,99.0
17.0,-1.0645932439553918,-1.0645932439553918,v17,mure,without_windows_removed_99pct,without_windows,99.0
18.0,-0.6678821702844303,-0.6678821702844303,v18,mure,without_windows_removed_99pct,without_windows,99.0
19.0,-0.7952305719033875,-0.7952305719033875,v19,mure,without_windows_removed_99pct,without_windows,99.0
20.0,-0.8177911468471667,-0.8177911468471667,v20,mure,without_windows_removed_99pct,without_windows,99.0
21.0,-0.7707424672410675,-0.7707424672410675,v21,mure,without_windows_removed_99pct,without_windows,99.0
22.0,-0.8462192849692979,-0.8462192849692979,v22,mure,without_windows_removed_99pct,without_windows,99.0
23.0,-0.8053390769416613,-0.8053390769416613,v23,mure,without_windows_removed_99pct,without_windows,99.0
24.0,-0.7772346488536764,-0.7772346488536764,v24,mure,without_windows_removed_99pct,without_windows,99.0
25.0,-0.7460595903921403,-0.7460595903921403,v25,mure,without_windows_removed_99pct,without_windows,99.0
26.0,-0.8567817252196859,-0.8567817252196859,v26,mure,without_windows_removed_99pct,without_windows,99.0
27.0,-0.6427095763032682,-0.6427095763032682,v27,mure,without_windows_removed_99pct,without_windows,99.0
28.0,-0.6436534158150413,-0.6436534158150413,v28,mure,without_windows_removed_99pct,without_windows,99.0
29.0,-0.6690243011328766,-0.6690243011328766,v29,mure,without_windows_removed_99pct,without_windows,99.0
30.0,-0.6181437281704003,-0.6181437281704003,v30,mure,without_windows_removed_99pct,without_windows,99.0
31.0,-0.3964756492851914,-0.3964756492851914,v31,mure,without_windows_removed_99pct,without_windows,99.0
32.0,-0.5285810379316908,-0.5285810379316908,v32,mure,without_windows_removed_99pct,without_windows,99.0
33.0,-0.5056806306389982,-0.5056806306389982,v33,mure,without_windows_removed_99pct,without_windows,99.0
34.0,-0.3840536161175859,-0.3840536161175859,v34,mure,without_windows_removed_99pct,without_windows,99.0
35.0,-0.32371334080917735,-0.32371334080917735,v35,mure,without_windows_removed_99pct,without_windows,99.0
36.0,-0.31344781673488276,-0.31344781673488276,v36,mure,without_windows_removed_99pct,without_windows,99.0
37.0,-0.3726175432253951,-0.3726175432253951,v37,mure,without_windows_removed_99pct,without_windows,99.0
38.0,-0.36916505327381405,-0.36916505327381405,v38,mure,without_windows_removed_99pct,without_windows,99.0
39.0,-0.2718278157409454,-0.2718278157409454,v39,mure,without_windows_removed_99pct,without_windows,99.0
40.0,-0.157428604252105,-0.157428604252105,v40,mure,without_windows_removed_99pct,without_windows,99.0
41.0,-0.28340703482528706,-0.28340703482528706,v41,mure,without_windows_removed_99pct,without_windows,99.0
42.0,0.04772122469009883,0.04772122469009883,v42,mure,without_windows_removed_99pct,without_windows,99.0
43.0,0.03978170659339646,0.03978170659339646,v43,mure,without_windows_removed_99pct,without_windows,99.0
44.0,0.06861287820061981,0.06861287820061981,v44,mure,without_windows_removed_99pct,without_windows,99.0
45.0,0.08845318474725689,0.08845318474725689,v45,mure,without_windows_removed_99pct,without_windows,99.0
46.0,-0.09814880856355612,-0.09814880856355612,v46,mure,without_windows_removed_99pct,without_windows,99.0
47.0,0.13171216791483475,0.13171216791483475,v47,mure,without_windows_removed_99pct,without_windows,99.0
48.0,0.10262918945300346,0.10262918945300346,v48,mure,without_windows_removed_99pct,without_windows,99.0
49.0,-0.025684865987999263,-0.025684865987999263,v49,mure,without_windows_removed_99pct,without_windows,99.0
50.0,0.2134851267960336,0.2134851267960336,v50,mure,without_windows_removed_99pct,without_windows,99.0
51.0,-0.03679885513905314,-0.03679885513905314,v51,mure,without_windows_removed_99pct,without_windows,99.0
52.0,0.1331942392593206,0.1331942392593206,v52,mure,without_windows_removed_99pct,without_windows,99.0
53.0,0.02009716539329659,0.02009716539329659,v53,mure,without_windows_removed_99pct,without_windows,99.0
54.0,0.32960562797598664,0.32960562797598664,v54,mure,without_windows_removed_99pct,without_windows,99.0
55.0,0.33159649318323015,0.33159649318323015,v55,mure,without_windows_removed_99pct,without_windows,99.0
56.0,0.16893266289472728,0.16893266289472728,v56,mure,without_windows_removed_99pct,without_windows,99.0
57.0,0.2684146197808822,0.2684146197808822,v57,mure,without_windows_removed_99pct,without_windows,99.0
58.0,0.38791656837827165,0.38791656837827165,v58,mure,without_windows_removed_99pct,without_windows,99.0
59.0,0.2514627369310587,0.2514627369310587,v59,mure,without_windows_removed_99pct,without_windows,99.0
60.0,0.46991546992313044,0.46991546992313044,v60,mure,without_windows_removed_99pct,without_windows,99.0
61.0,0.3207738036863685,0.3207738036863685,v61,mure,without_windows_removed_99pct,without_windows,99.0
62.0,0.27308058383409645,0.27308058383409645,v62,mure,without_windows_removed_99pct,without_windows,99.0
63.0,0.4095757546454245,0.4095757546454245,v63,mure,without_windows_removed_99pct,without_windows,99.0
64.0,0.658504325967102,0.658504325967102,v64,mure,without_windows_removed_99pct,without_windows,99.0
65.0,0.4481332213808077,0.4481332213808077,v65,mure,without_windows_removed_99pct,without_windows,99.0
66.0,0.5045278000964311,0.5045278000964311,v66,mure,without_windows_removed_99pct,without_windows,99.0
67.0,0.6853798977629786,0.6853798977629786,v67,mure,without_windows_removed_99pct,without_windows,99.0
68.0,0.6312966082272788,0.6312966082272788,v68,mure,without_windows_removed_99pct,without_windows,99.0
69.0,0.740675874638835,0.740675874638835,v69,mure,without_windows_removed_99pct,without_windows,99.0
70.0,0.5506469244594475,0.5506469244594475,v70,mure,without_windows_removed_99pct,without_windows,99.0
71.0,0.640768245020635,0.640768245020635,v71,mure,without_windows_removed_99pct,without_windows,99.0
72.0,0.6755215890383658,0.6755215890383658,v72,mure,without_windows_removed_99pct,without_windows,99.0
73.0,0.6646489936522226,0.6646489936522226,v73,mure,without_windows_removed_99pct,without_windows,99.0
74.0,0.5214445720899606,0.5214445720899606,v74,mure,without_windows_removed_99pct,without_windows,99.0
75.0,0.5560925253926768,0.5560925253926768,v75,mure,without_windows_removed_99pct,without_windows,99.0
76.0,0.6673131878616507,0.6673131878616507,v76,mure,without_windows_removed_99pct,without_windows,99.0
77.0,0.827174645523538,0.827174645523538,v77,mure,without_windows_removed_99pct,without_windows,99.0
78.0,0.7145661560506402,0.7145661560506402,v78,mure,without_windows_removed_99pct,without_windows,99.0
79.0,0.8042505075747562,0.8042505075747562,v79,mure,without_windows_removed_99pct,without_windows,99.0
80.0,0.806149769112087,0.806149769112087,v80,mure,without_windows_removed_99pct,without_windows,99.0
81.0,0.8047788436053229,0.8047788436053229,v81,mure,without_windows_removed_99pct,without_windows,99.0
82.0,0.8042465000275542,0.8042465000275542,v82,mure,without_windows_removed_99pct,without_windows,99.0
83.0,0.94809085192012,0.94809085192012,v83,mure,without_windows_removed_99pct,without_windows,99.0
84.0,0.9162493702152291,0.9162493702152291,v84,mure,without_windows_removed_99pct,without_windows,99.0
85.0,1.0145353101142047,1.0145353101142047,v85,mure,without_windows_removed_99pct,without_windows,99.0
86.0,0.958170059607246,0.958170059607246,v86,mure,without_windows_removed_99pct,without_windows,99.0
87.0,1.0656487838839641,1.0656487838839641,v87,mure,without_windows_removed_99pct,without_windows,99.0
88.0,1.0527507591895937,1.0527507591895937,v88,mure,without_windows_removed_99pct,without_windows,99.0
89.0,0.6241629333238538,0.6241629333238538,v89,mure,without_windows_removed_99pct,without_windows,99.0
90.0,0.7750711532155949,0.7750711532155949,v90,mure,without_windows_removed_99pct,without_windows,99.0
91.0,1.0390478347997842,1.0390478347997842,v91,mure,without_windows_removed_99pct,without_windows,99.0
92.0,1.1292394029199342,1.1292394029199342,v92,mure,without_windows_removed_99pct,without_windows,99.0
93.0,0.9627219668811401,0.9627219668811401,v93,mure,without_windows_removed_99pct,without_windows,99.0
94.0,1.0685885607499255,1.0685885607499255,v94,mure,without_windows_removed_99pct,without_windows,99.0
95.0,0.9147389099614446,0.9147389099614446,v95,mure,without_windows_removed_99pct,without_windows,99.0
96.0,1.0935815738958052,1.0935815738958052,v96,mure,without_windows_removed_99pct,without_windows,99.0
97.0,0.8603670501590165,0.8603670501590165,v97,mure,without_windows_removed_99pct,without_windows,99.0
98.0,1.1358558441814732,1.1358558441814732,v98,mure,without_windows_removed_99pct,without_windows,99.0
99.0,1.1082141418506817,1.1082141418506817,v99,mure,without_windows_removed_99pct,without_windows,99.0
100.0,1.1550949736025824,1.1550949736025824,v100,mure,without_windows_removed_99pct,without_windows,99.0
