run,n_missing_people,best_person,best_true_age,best_pred_age,best_error,best_abs_error,worst_person,worst_true_age,worst_pred_age,worst_error,worst_abs_error,mean_abs_error,median_abs_error,max_abs_error,mean_error,std_error,std_abs_error
every_2_removed,250,person435,71,70.98220825195312,-0.017791748046875,0.017791748046875,person45,8,-5.357295989990234,-13.357295989990234,13.357295989990234,3.7112387084960936,3.4116363525390625,13.357295989990234,0.045099945068359376,4.577157984492483,2.669046685350973
every_3_removed,166,person163,47,46.96223449707031,-0.0377655029296875,0.0377655029296875,person118,24,36.251644134521484,12.251644134521484,12.251644134521484,3.2115800122180618,2.8486671447753906,12.251644134521484,0.5552607961447842,3.91509513019129,2.293773364015526
every_4_removed,125,person31,80,80.02397155761719,0.0239715576171875,0.0239715576171875,person5,39,31.89670181274414,-7.103298187255859,7.103298187255859,2.340012451171875,1.9984359741210938,7.103298187255859,-0.029293548583984374,2.8283435514059327,1.5749842764097763
every_5_removed,100,person410,15,15.008209228515625,0.008209228515625,0.008209228515625,person442,21,12.089733123779297,-8.910266876220703,8.910266876220703,2.4843866348266603,1.9189586639404297,8.910266876220703,-0.041537208557128905,3.137435723520592,1.900190388765264
every_6_removed,84,person92,61,61.04233932495117,0.042339324951171875,0.042339324951171875,person455,80,91.05858612060547,11.058586120605469,11.058586120605469,2.552439394451323,2.335254669189453,11.058586120605469,0.19382292883736746,3.185209502170528,1.8947662971535815
every_7_removed,71,person78,72,72.01080322265625,0.01080322265625,0.01080322265625,person245,91,96.66432189941406,5.6643218994140625,5.6643218994140625,2.1497383923597737,2.0717735290527344,5.6643218994140625,0.4648471617362869,2.596967122599049,1.5086461537779228
every_8_removed,62,person473,23,23.06121063232422,0.06121063232421875,0.06121063232421875,person144,85,92.63386535644531,7.6338653564453125,7.6338653564453125,2.3889090630315963,2.0870285034179688,7.6338653564453125,-0.2706861803608556,2.9965324048730695,1.8036730850536138
