run,n_people,best_person,best_true_age,best_pred_age,best_error,best_abs_error,worst_person,worst_true_age,worst_pred_age,worst_error,worst_abs_error,mean_abs_error,median_abs_error,max_abs_error,mean_error,std_error,std_abs_error
every_2_removed,500,person150,29,28.99924087524414,-0.000759124755859375,0.000759124755859375,person45,8,-5.357295989990234,-13.357295989990234,13.357295989990234,1.9653398780822753,0.47940826416015625,13.357295989990234,0.022550090789794922,3.239172718123885,2.573411740127302
every_3_removed,500,person208,17,16.99925994873047,-0.00074005126953125,0.00074005126953125,person118,24,36.251644134521484,12.251644134521484,12.251644134521484,1.4656992149353028,0.7283782958984375,12.251644134521484,0.18434670639038087,2.3544934632850096,1.8507057932247646
every_4_removed,500,person280,17,17.002971649169922,0.002971649169921875,0.002971649169921875,person5,39,31.89670181274414,-7.103298187255859,7.103298187255859,1.1028627777099609,0.7612085342407227,7.103298187255859,-0.007322257995605469,1.5987040623841338,1.1563583389007404
every_5_removed,500,person112,78,78.00411987304688,0.004119873046875,0.004119873046875,person442,21,12.089733123779297,-8.910266876220703,8.910266876220703,1.0692861442565917,0.7704505920410156,8.910266876220703,-0.00830655288696289,1.6118475582224396,1.2051794477878475
every_6_removed,500,person168,88,87.99818420410156,-0.0018157958984375,0.0018157958984375,person455,80,91.05858612060547,11.058586120605469,11.058586120605469,1.0308825607299805,0.7067413330078125,11.058586120605469,0.03256150817871094,1.5411440219083532,1.145136988186314
every_7_removed,500,person290,77,77.00096893310547,0.00096893310546875,0.00096893310546875,person245,91,96.66432189941406,5.6643218994140625,5.6643218994140625,1.0114864349365233,0.7887296676635742,5.6643218994140625,0.06600739288330078,1.3560974597219637,0.9045501143093626
every_8_removed,500,person223,67,67.00199890136719,0.0019989013671875,0.0019989013671875,person144,85,92.63386535644531,7.6338653564453125,7.6338653564453125,1.0130021629333497,0.78948974609375,7.6338653564453125,-0.03356534194946289,1.4090342954623138,0.9789160811621479
original,500,person221,11,10.999191284179688,-0.0008087158203125,0.0008087158203125,person49,8,4.41009521484375,-3.58990478515625,3.58990478515625,0.8761979331970214,0.748992919921875,3.58990478515625,-1.605987548828125e-06,1.1011294532114617,0.665751253781759
