run,n_people,best_person,best_true_age,best_pred_age,best_error,best_abs_error,worst_person,worst_true_age,worst_pred_age,worst_error,worst_abs_error,mean_abs_error,median_abs_error,max_abs_error,mean_error,std_error,std_abs_error
every_2_removed,100,person79,65,64.999755859375,-0.000244140625,0.000244140625,person39,20,33.15586853027344,13.155868530273438,13.155868530273438,1.942183132171631,0.17694854736328125,13.155868530273438,0.11052225112915039,3.449647533420504,2.846441562473085
every_3_removed,100,person63,66,66.00299072265625,0.00299072265625,0.00299072265625,person29,39,49.78119659423828,10.781196594238281,10.781196594238281,1.6654023551940917,0.12291145324707031,10.781196594238281,0.6424320030212403,3.1556293770252632,2.7519636095699433
every_4_removed,100,person63,66,65.99815368652344,-0.0018463134765625,0.0018463134765625,person20,42,29.307353973388672,-12.692646026611328,12.692646026611328,1.4054447174072267,0.14313030242919922,12.692646026611328,-0.41157554626464843,3.0280590666077587,2.7101697494921946
every_5_removed,100,person21,66,66.0149154663086,0.01491546630859375,0.01491546630859375,person39,20,33.02293395996094,13.022933959960938,13.022933959960938,1.1254436683654785,0.2032928466796875,13.022933959960938,0.10390512466430664,2.6700898101187867,2.4209228189639878
every_6_removed,100,person45,51,50.995765686035156,-0.00423431396484375,0.00423431396484375,person41,76,87.51423645019531,11.514236450195312,11.514236450195312,0.7836300659179688,0.10653114318847656,11.514236450195312,0.06976924896240234,2.19603284083564,2.0511456034135094
every_7_removed,100,person8,5,5.001823425292969,0.00182342529296875,0.00182342529296875,person17,91,79.61448669433594,-11.385513305664062,11.385513305664062,0.8639674949645996,0.17289161682128906,11.385513305664062,0.09829328536987304,2.406646397962935,2.2467145830635884
every_8_removed,100,person35,100,100.00462341308594,0.0046234130859375,0.0046234130859375,person53,10,22.0887508392334,12.088750839233398,12.088750839233398,0.9264517593383789,0.2241506576538086,12.088750839233398,0.02002899169921875,2.5156943881294906,2.337122328383162
original,100,person25,16,15.999420166015625,-0.000579833984375,0.000579833984375,person57,12,12.521408081054688,0.5214080810546875,0.5214080810546875,0.1552594757080078,0.12265777587890625,0.5214080810546875,-1.068115234375e-06,0.1981506263011379,0.12212565643677994
