run,n_missing_people,best_person,best_true_age,best_pred_age,best_error,best_abs_error,worst_person,worst_true_age,worst_pred_age,worst_error,worst_abs_error,mean_abs_error,median_abs_error,max_abs_error,mean_error,std_error,std_abs_error
every_2_removed,50,person41,76,76.15359497070312,0.153594970703125,0.153594970703125,person39,20,33.15586853027344,13.155868530273438,13.155868530273438,3.8322914123535154,3.4657516479492188,13.155868530273438,0.22104385375976562,4.900340441070181,3.0128081391575683
every_3_removed,34,person68,66,65.75534057617188,-0.244659423828125,0.244659423828125,person29,39,49.78119659423828,10.781196594238281,10.781196594238281,4.728597921483657,4.009105682373047,10.781196594238281,1.8895020765416763,5.236205520648815,2.8388468924540495
every_4_removed,25,person81,86,86.07611083984375,0.07611083984375,0.07611083984375,person20,42,29.307353973388672,-12.692646026611328,12.692646026611328,5.184323959350586,4.403900146484375,12.692646026611328,-1.6462989044189453,5.96494689929308,3.2259451163775843
every_5_removed,20,person89,95,94.91522216796875,-0.08477783203125,0.08477783203125,person39,20,33.02293395996094,13.022933959960938,13.022933959960938,4.842242622375489,3.741130828857422,13.022933959960938,0.5195211410522461,6.052422974513148,3.497791975901106
every_6_removed,17,person82,57,56.57217788696289,-0.4278221130371094,0.4278221130371094,person41,76,87.51423645019531,11.514236450195312,11.514236450195312,4.126802781048943,3.4389305114746094,11.514236450195312,0.4104098151711857,5.442092799947841,3.4205891312578625
every_7_removed,14,person93,52,51.70920944213867,-0.2907905578613281,0.2907905578613281,person17,91,79.61448669433594,-11.385513305664062,11.385513305664062,5.118058340890067,5.43544864654541,11.385513305664062,0.7020903996058873,6.582553656014952,3.9561821215429265
every_8_removed,12,person24,18,16.834903717041016,-1.1650962829589844,1.1650962829589844,person53,10,22.0887508392334,12.088750839233398,12.088750839233398,6.091382185618083,6.078460693359375,12.088750839233398,0.16689411799112955,7.504089979608001,3.9829184277913807
