run,n_pairs,missing_only,mean_query_abs_error,mean_learning_abs_error,mean_error_difference_query_minus_learning,median_error_difference_query_minus_learning,better_method_by_mean,paired_t_stat,paired_t_p_value,wilcoxon_stat,wilcoxon_p_value,cohen_dz_query_minus_learning,bootstrap_mean_diff_ci_low,bootstrap_mean_diff_ci_high,std_query_abs_error,std_learning_abs_error,std_error_difference_query_minus_learning
every_2_removed,50,True,9.18,3.8322914123535154,5.347708587646484,4.034320831298828,learning,4.686230210806385,2.248233970408698e-05,241.0,6.825250486741652e-05,0.6627330320524917,3.2016439208984377,7.640553009986877,7.697574492086744,3.0128081391575683,8.069174658586988
every_3_removed,34,True,10.029411764705882,4.728597921483657,5.300813843222225,5.412920951843262,learning,4.506532386303836,7.832836323285395e-05,84.0,0.00011595466639846563,0.7728639281500019,3.055555925649755,7.565200635966132,6.797884225737009,2.8388468924540495,6.858663795981189
every_4_removed,25,True,7.8,5.184323959350586,2.615676040649414,-0.2864227294921884,learning,1.3967962446237834,0.17525846087607289,143.0,0.615043044090271,0.27935924892475666,-0.7590099544525146,6.469599332809447,8.74642784226795,3.2259451163775843,9.363126693377984
every_5_removed,20,True,15.65,4.842242622375489,10.807757377624512,10.28038215637207,learning,6.157188587506897,6.441779711792324e-06,6.0,2.6702880859375e-05,1.3767892231951335,7.397460269927978,14.185269770622252,8.604007634144745,3.497791975901106,7.849972381787535
every_6_removed,17,True,12.588235294117647,4.126802781048943,8.461432513068704,6.222080230712891,learning,3.7459946981869408,0.0017626012303495152,14.0,0.001678466796875,0.9085371655075591,4.17288018394919,12.74871051451739,8.344600226564271,3.420589131257862,9.313248631212218
every_7_removed,14,True,12.428571428571429,5.118058340890067,7.310513087681362,4.796215057373047,learning,2.684784063056786,0.018729382096103135,20.0,0.0418701171875,0.7175387229592415,2.492238201413836,12.722191139629906,10.300965494063657,3.956182121542927,10.188318558657945
every_8_removed,12,True,10.166666666666666,6.091382185618083,4.075284481048584,5.374956130981445,learning,2.093582591951252,0.0602659956932795,15.0,0.06396484375,0.604365236516885,0.3831697305043537,7.629590960343679,7.334022006230878,3.982918427791381,6.7430822205054595
