run,n_missing_people,best_person,best_true_age,best_pred_age,best_error,best_abs_error,worst_person,worst_true_age,worst_pred_age,worst_error,worst_abs_error,mean_abs_error,median_abs_error,max_abs_error,mean_error,std_error,std_abs_error
every_2_removed,50,person20,8,7.7584686279296875,-0.2415313720703125,0.2415313720703125,person36,85,66.60308074951172,-18.39691925048828,18.39691925048828,5.360764465332031,3.6815052032470703,18.39691925048828,-2.0159573364257812,6.834674837581704,4.6406382458518145
every_3_removed,33,person39,24,24.07134246826172,0.07134246826171875,0.07134246826171875,person15,2,16.42203712463379,14.422037124633789,14.422037124633789,4.402548009699041,3.0891571044921875,14.422037124633789,1.9256651907256155,5.548497944751087,3.8238418916395758
every_4_removed,25,person6,25,24.61665153503418,-0.3833484649658203,0.3833484649658203,person74,7,-1.3761787414550781,-8.376178741455078,8.376178741455078,3.5687705993652346,2.4667739868164062,8.376178741455078,-0.10397308349609374,4.512025782918036,2.665115774980208
every_5_removed,20,person85,76,75.97039794921875,-0.02960205078125,0.02960205078125,person44,27,35.81060791015625,8.81060791015625,8.81060791015625,3.375682735443115,3.4768218994140625,8.81060791015625,0.4970648765563965,4.167213201775659,2.372922279370885
every_6_removed,16,person33,40,39.660491943359375,-0.339508056640625,0.339508056640625,person70,44,32.916046142578125,-11.083953857421875,11.083953857421875,3.817386269569397,3.336545944213867,11.083953857421875,-1.502522587776184,4.52852465086033,2.7150839377158134
every_7_removed,15,person72,46,45.55442428588867,-0.4455757141113281,0.4455757141113281,person46,36,44.26312255859375,8.26312255859375,8.26312255859375,3.388014856974284,1.6558609008789062,8.26312255859375,0.6363399505615235,4.577274439707439,3.014422902286596
every_8_removed,12,person71,28,27.137802124023438,-0.8621978759765625,0.8621978759765625,person69,67,75.8504638671875,8.8504638671875,8.8504638671875,4.162993272145589,3.4330825805664062,8.8504638671875,2.0189226468404136,4.4794249170893305,2.367663818008956
