run,n_people,best_person,best_true_age,best_pred_age,best_error,best_abs_error,worst_person,worst_true_age,worst_pred_age,worst_error,worst_abs_error,mean_abs_error,median_abs_error,max_abs_error,mean_error
every_2_removed,100,person22,60,59.9942741394043,-0.005725860595703125,0.005725860595703125,person33,37,26.25312042236328,-10.746879577636719,10.746879577636719,2.0088130950927736,0.18262863159179688,10.746879577636719,-0.4806085968017578
every_3_removed,100,person42,43,43.00053787231445,0.000537872314453125,0.000537872314453125,person55,19,27.58234405517578,8.582344055175781,8.582344055175781,0.9431338691711426,0.07805442810058594,8.582344055175781,-0.08629117965698242
every_4_removed,100,person75,47,47.002540588378906,0.00254058837890625,0.00254058837890625,person2,85,72.49272918701172,-12.507270812988281,12.507270812988281,0.9137678146362305,0.127838134765625,12.507270812988281,-0.5138956451416016
every_5_removed,100,person32,18,17.999685287475586,-0.0003147125244140625,0.0003147125244140625,person4,23,34.67322540283203,11.673225402832031,11.673225402832031,0.7941739845275879,0.1718616485595703,11.673225402832031,0.24544649124145507
every_6_removed,100,person31,46,45.99793243408203,-0.00206756591796875,0.00206756591796875,person6,90,79.72773742675781,-10.272262573242188,10.272262573242188,0.7779302597045898,0.16591262817382812,10.272262573242188,-0.19962699890136718
every_7_removed,100,person29,41,40.99957275390625,-0.00042724609375,0.00042724609375,person50,48,55.563133239746094,7.563133239746094,7.563133239746094,0.7275668525695801,0.1894702911376953,7.563133239746094,-0.1016118049621582
every_8_removed,100,person86,61,61.00300979614258,0.003009796142578125,0.003009796142578125,person94,13,23.391077041625977,10.391077041625977,10.391077041625977,0.5097613334655762,0.1668720245361328,10.391077041625977,0.20821714401245117
original,100,person17,20,20.001401901245117,0.0014019012451171875,0.0014019012451171875,person2,85,84.1477279663086,-0.8522720336914062,0.8522720336914062,0.21247245788574218,0.18884849548339844,0.8522720336914062,-5.7220458984375e-07
