run,n_missing_people,best_person,best_true_age,best_pred_age,best_error,best_abs_error,worst_person,worst_true_age,worst_pred_age,worst_error,worst_abs_error,mean_abs_error,median_abs_error,max_abs_error,mean_error
every_2_removed,50,person31,46,45.97453689575195,-0.025463104248046875,0.025463104248046875,person33,37,26.25312042236328,-10.746879577636719,10.746879577636719,3.9430551528930664,3.217496871948242,10.746879577636719,-0.961216926574707
every_3_removed,33,person92,76,76.04389190673828,0.04389190673828125,0.04389190673828125,person55,19,27.58234405517578,8.582344055175781,8.582344055175781,2.740489266135476,1.9154281616210938,8.582344055175781,-0.26148466630415484
every_4_removed,25,person75,47,47.002540588378906,0.00254058837890625,0.00254058837890625,person2,85,72.49272918701172,-12.507270812988281,12.507270812988281,3.3267080688476565,3.1871795654296875,12.507270812988281,-2.0555787658691407
every_5_removed,20,person90,15,14.572250366210938,-0.4277496337890625,0.4277496337890625,person4,23,34.67322540283203,11.673225402832031,11.673225402832031,3.3622793197631835,2.3493614196777344,11.673225402832031,1.2272272109985352
every_6_removed,17,person15,38,38.166114807128906,0.16611480712890625,0.16611480712890625,person6,90,79.72773742675781,-10.272262573242188,10.272262573242188,3.758196325863109,3.3483734130859375,10.272262573242188,-1.1742783714743221
every_7_removed,14,person44,13,13.11962890625,0.11962890625,0.11962890625,person50,48,55.563133239746094,7.563133239746094,7.563133239746094,4.045159748622349,4.532157897949219,7.563133239746094,-0.7258014678955078
every_8_removed,12,person86,61,61.00300979614258,0.003009796142578125,0.003009796142578125,person94,13,23.391077041625977,10.391077041625977,10.391077041625977,3.0284077326456704,1.5930633544921875,10.391077041625977,1.735142707824707
