run,n_pairs,missing_only,mean_query_abs_error,mean_learning_abs_error,mean_error_difference_query_minus_learning,median_error_difference_query_minus_learning,better_method_by_mean,paired_t_stat,paired_t_p_value,wilcoxon_stat,wilcoxon_p_value,cohen_dz_query_minus_learning,bootstrap_mean_diff_ci_low,bootstrap_mean_diff_ci_high,std_query_abs_error,std_learning_abs_error,std_error_difference_query_minus_learning
every_2_removed,50,True,10.72,5.360764465332031,5.3592355346679685,2.6704978942871094,learning,3.8478010580182267,0.00034503644598170703,321.0,0.0018425334424101436,0.5441612441562921,2.711074098587036,8.129132930755615,9.499817398889565,4.6406382458518145,9.848616733037144
every_3_removed,33,True,11.454545454545455,4.402548009699041,7.051997444846413,5.106529235839844,learning,4.544494890719365,7.428172237103758e-05,47.0,4.976987838745117e-06,0.7910950180790723,4.240397528446082,10.21611663933956,9.300843070291092,3.8238418916395758,8.914223049931461
every_4_removed,25,True,12.0,3.5687705993652346,8.431229400634766,6.821430206298828,learning,4.544916014828001,0.00013211410443591276,30.0,0.00012022256851196289,0.9089832029656003,4.944610288619995,12.119932664871214,9.073771725877465,2.665115774980208,9.275451265906218
every_5_removed,20,True,6.85,3.375682735443115,3.474317264556885,3.8268909454345703,learning,2.77513685861655,0.01205869854685947,39.0,0.012079238891601562,0.6205394662731828,1.1242480945587159,5.921222126483918,5.431632496676055,2.372922279370885,5.598865911660438
every_6_removed,16,True,9.375,3.817386269569397,5.557613730430603,5.795871734619141,learning,2.9836532329851377,0.009276332430187502,19.0,0.009185791015625,0.7459133082462844,2.0073586314916607,8.935059288144112,6.227626621220425,2.715083937715814,7.450750199774689
every_7_removed,15,True,7.933333333333334,3.388014856974284,4.545318476359049,1.5544242858886719,learning,2.155131083894693,0.049045869380266546,24.0,0.041259765625,0.5564524531212056,1.0325804138183594,8.894373903274536,7.657551517168868,3.014422902286596,8.168386087371593
every_8_removed,12,True,14.166666666666666,4.162993272145589,10.003673394521078,11.255829811096191,learning,3.4622920497693483,0.00531165061778859,10.0,0.02099609375,0.9994776234737172,4.703756511211395,15.636655016740159,8.71605971581752,2.3676638180089555,10.00890180988043
