run,n_pairs,missing_only,mean_query_abs_error,mean_learning_abs_error,mean_error_difference_query_minus_learning,median_error_difference_query_minus_learning,better_method_by_mean,paired_t_stat,paired_t_p_value,wilcoxon_stat,wilcoxon_p_value,cohen_dz_query_minus_learning,bootstrap_mean_diff_ci_low,bootstrap_mean_diff_ci_high
every_2_removed,50,True,7.88,3.9430551528930664,3.9369448471069335,3.225421905517578,learning,4.196386828602281,0.0001136254670354499,258.0,0.00014903614355255002,0.5934587165973167,2.1652479124069215,5.782903135299683
every_3_removed,33,True,8.969696969696969,2.740489266135476,6.229207703561494,6.329505920410156,learning,5.882035490317249,1.527639267636401e-06,39.0,1.759268343448639e-06,1.0239309504026506,4.228532788247773,8.357027059612852
every_4_removed,25,True,7.16,3.3267080688476565,3.8332919311523437,2.941913604736328,learning,2.9853810021456604,0.006424906384375175,71.0,0.012466490268707275,0.597076200429132,1.5038216571807863,6.407851428985595
every_5_removed,20,True,7.4,3.3622793197631835,4.037720680236816,3.4432601928710938,learning,2.7391373273469535,0.013038286202711637,43.0,0.01923370361328125,0.6124897263654882,1.2684480190277099,7.031261267662047
every_6_removed,17,True,10.882352941176471,3.758196325863109,7.124156615313361,4.534431457519531,learning,2.8348261286851377,0.011950222838744747,25.0,0.0128631591796875,0.687546326989978,2.6632451814763685,12.150892330618463
every_7_removed,14,True,8.571428571428571,4.045159748622349,4.526268822806222,5.018869400024414,learning,2.649898567201358,0.02001561560611744,18.0,0.029541015625,0.7082151820121889,1.420698479243687,7.7305479390280585
every_8_removed,12,True,6.166666666666667,3.0284077326456704,3.138258934020996,2.2710514068603516,learning,1.660863657401514,0.12494620976556625,17.0,0.09228515625,0.47945003984401524,-0.37159702777862547,6.729595617453255
