experiment,run,n_missing,mean_abs_error,median_abs_error,max_abs_error,mean_signed_error
100people,every_2_removed,50,3.9430551528930664,3.217496871948242,10.746879577636719,-0.961216926574707
100people,every_3_removed,33,2.740489266135476,1.9154281616210938,8.582344055175781,-0.26148466630415484
100people,every_4_removed,25,3.3267080688476565,3.1871795654296875,12.507270812988281,-2.0555787658691407
100people,every_5_removed,20,3.3622793197631835,2.3493614196777344,11.673225402832031,1.2272272109985352
100people,every_6_removed,17,3.758196325863109,3.3483734130859375,10.272262573242188,-1.1742783714743221
100people,every_7_removed,14,4.045159748622349,4.532157897949219,7.563133239746094,-0.7258014678955078
100people,every_8_removed,12,3.0284077326456704,1.5930633544921875,10.391077041625977,1.735142707824707
