experiment,run,n_people,n_missing,mean_abs_error,median_abs_error,max_abs_error,mean_signed_error
100people,every_2_removed,100,50,2.0088130950927736,0.18262863159179688,10.746879577636719,-0.4806085968017578
100people,every_3_removed,100,33,0.9431338691711426,0.07805442810058594,8.582344055175781,-0.08629117965698242
100people,every_4_removed,100,25,0.9137678146362305,0.127838134765625,12.507270812988281,-0.5138956451416016
100people,every_5_removed,100,20,0.7941739845275879,0.1718616485595703,11.673225402832031,0.24544649124145507
100people,every_6_removed,100,17,0.7779302597045898,0.16591262817382812,10.272262573242188,-0.19962699890136718
100people,every_7_removed,100,14,0.7275668525695801,0.1894702911376953,7.563133239746094,-0.1016118049621582
100people,every_8_removed,100,12,0.5097613334655762,0.1668720245361328,10.391077041625977,0.20821714401245117
100people,original,100,0,0.21247245788574218,0.18884849548339844,0.8522720336914062,-5.7220458984375e-07
