run,n_missing_people,best_person,best_true_age,best_pred_age,best_error,best_abs_error,worst_person,worst_true_age,worst_pred_age,worst_error,worst_abs_error,mean_top1_abs_error,median_top1_abs_error,mean_top1_avg_abs_error,mean_top2_avg_abs_error,mean_top3_avg_abs_error,mean_top4_avg_abs_error,mean_top5_avg_abs_error,mean_top6_avg_abs_error,mean_top7_avg_abs_error,mean_top8_avg_abs_error,mean_top9_avg_abs_error,mean_top10_avg_abs_error
every_2_removed,50,person10,86.0,86.0,0.0,0.0,person97,97.0,67.0,-30.0,30.0,7.88,7.0,7.88,7.18,6.566666666666668,6.31,6.295999999999999,6.763333333333333,6.62,6.7425,6.477777777777778,6.435999999999999
every_3_removed,33,person15,38.0,38.0,0.0,0.0,person74,94.0,70.0,-24.0,24.0,8.969696969696969,9.0,8.969696969696969,8.924242424242424,8.171717171717173,7.424242424242424,7.448484848484848,7.59090909090909,7.536796536796537,7.90530303030303,7.65993265993266,7.715151515151515
every_4_removed,25,person14,28.0,28.0,0.0,0.0,person59,7.0,28.0,21.0,21.0,7.16,6.0,7.16,6.92,6.88,6.15,5.992000000000001,6.0133333333333345,6.68,6.52,6.364444444444445,6.32
every_5_removed,20,person19,76.0,76.0,0.0,0.0,person12,89.0,67.0,-22.0,22.0,7.4,7.0,7.4,6.8,7.133333333333335,6.975,6.909999999999999,7.05,6.807142857142857,6.61875,6.805555555555557,6.925
every_6_removed,17,person75,47.0,48.0,1.0,1.0,person91,85.0,48.0,-37.0,37.0,10.882352941176471,7.0,10.882352941176471,8.558823529411764,7.0,7.397058823529412,7.399999999999999,7.6078431372549025,7.193277310924369,7.25,7.477124183006534,7.423529411764707
every_7_removed,14,person0,86.0,85.0,-1.0,1.0,person50,48.0,67.0,19.0,19.0,8.571428571428571,9.5,8.571428571428571,7.464285714285714,6.261904761904764,6.589285714285714,6.728571428571428,6.333333333333334,6.8775510204081645,6.607142857142857,7.1190476190476195,6.57857142857143
every_8_removed,12,person36,40.0,40.0,0.0,0.0,person93,67.0,84.0,17.0,17.0,6.166666666666667,5.5,6.166666666666667,5.583333333333333,6.277777777777776,5.520833333333333,4.8999999999999995,5.375,5.333333333333333,5.78125,5.888888888888889,6.6833333333333345
