run,n_people,best_person,best_true_age,best_pred_age,best_error,best_abs_error,worst_person,worst_true_age,worst_pred_age,worst_error,worst_abs_error,mean_top1_abs_error,median_top1_abs_error,mean_top1_avg_abs_error,mean_top2_avg_abs_error,mean_top3_avg_abs_error,mean_top4_avg_abs_error,mean_top5_avg_abs_error,mean_top6_avg_abs_error,mean_top7_avg_abs_error,mean_top8_avg_abs_error,mean_top9_avg_abs_error,mean_top10_avg_abs_error
every_2_removed,100,person0,86.0,86.0,0.0,0.0,person97,97.0,67.0,-30.0,30.0,5.46,3.5,5.46,6.2,6.063333333333332,6.135,5.908000000000002,5.97,5.85857142857143,5.8675,5.854444444444445,6.05
every_3_removed,100,person11,38.0,38.0,0.0,0.0,person97,97.0,70.0,-27.0,27.0,5.38,1.5,5.38,6.79,6.3133333333333335,6.2625,6.059999999999999,6.141666666666665,6.155714285714287,6.28,6.2733333333333325,6.214000000000002
every_4_removed,100,person11,38.0,38.0,0.0,0.0,person35,4.0,28.0,24.0,24.0,4.27,2.0,4.27,4.995,5.216666666666666,5.2,5.047999999999999,5.091666666666666,5.294285714285714,5.32375,5.283333333333332,5.0969999999999995
every_5_removed,100,person1,57.0,57.0,0.0,0.0,person12,89.0,67.0,-22.0,22.0,2.84,0.0,2.84,5.01,5.090000000000001,5.185,5.202000000000001,5.243333333333334,5.631428571428573,5.57125,5.711111111111111,5.853000000000001
every_6_removed,100,person1,57.0,57.0,0.0,0.0,person91,85.0,48.0,-37.0,37.0,4.33,1.0,4.33,4.96,5.119999999999999,5.04,5.236000000000001,5.173333333333333,5.564285714285713,5.9075,5.892222222222223,6.163
every_7_removed,100,person14,28.0,28.0,0.0,0.0,person6,90.0,67.0,-23.0,23.0,4.25,0.0,4.25,5.62,5.8133333333333335,5.755,5.691999999999999,5.48,5.762857142857143,5.7625,5.973333333333334,5.949000000000001
every_8_removed,100,person11,38.0,38.0,0.0,0.0,person26,7.0,28.0,21.0,21.0,2.85,0.0,2.85,4.49,4.906666666666666,4.945,4.94,5.016666666666667,5.1085714285714285,5.28875,5.5888888888888895,5.638
original,100,person0,86.0,86.0,0.0,0.0,person44,13.0,38.0,25.0,25.0,2.39,0.0,2.39,4.605,4.93,5.1575,5.106,5.29,5.392857142857144,5.4225,5.673333333333333,5.840000000000001
