method,removal_percent,missing_only,n_pairs,with_windows_run,without_windows_run,mean_with_windows_abs_error,std_with_windows_abs_error,mean_without_windows_abs_error,std_without_windows_abs_error,mean_error_difference_with_minus_without,median_error_difference_with_minus_without,std_error_difference_with_minus_without,better_window_condition_by_mean,paired_t_p_value,wilcoxon_p_value,cohen_dz_with_minus_without,bootstrap_mean_diff_ci_low,bootstrap_mean_diff_ci_high
learned_regression,15.0,True,75,with_windows_removed_15pct,without_windows_removed_15pct,1.8625864919026693,1.2637225532277454,2.255029856363932,1.8053961931015707,-0.39244336446126304,0.03147315979003906,2.2398804154105734,with_windows,0.13344165566896635,0.24750043441838976,-0.1752072841751811,-0.9168372942606609,0.11888687197367342
learned_regression,30.0,True,150,with_windows_removed_30pct,without_windows_removed_30pct,3.131607666015625,2.318390821981552,2.6543520991007488,2.1053493073441216,0.4772555669148763,0.5153656005859375,3.1654094264242425,without_windows,0.06679273969409193,0.06919599541999162,0.15077214433331645,-0.02637687619527181,0.9893951857884723
learned_regression,45.0,True,225,with_windows_removed_45pct,without_windows_removed_45pct,3.145011910332574,2.3873216993922046,3.6735165150960287,2.611822986530434,-0.5285046047634548,-0.24594879150390603,3.5840795823014817,with_windows,0.027984900248832774,0.04758876860115281,-0.1474589480025108,-0.9957583166758219,-0.047683756934272487
learned_regression,60.0,True,300,with_windows_removed_60pct,without_windows_removed_60pct,3.109776744842529,2.211682366184241,2.792647825876872,2.042484010389922,0.31712891896565754,0.22357177734375,2.931815358358337,without_windows,0.061971029080599,0.08356929469926305,0.10816810753840689,-0.007281126976013172,0.6459888043403624
learned_regression,75.0,True,375,with_windows_removed_75pct,without_windows_removed_75pct,2.306538045247396,1.7505545923758827,2.380414596557617,1.8958237895156553,-0.07387655131022132,-0.12630462646484375,2.498702853666506,with_windows,0.5672986003498005,0.5359832096337926,-0.029565961075290543,-0.3252417073567708,0.1802300289154046
