method,removal_percent,missing_only,n_pairs,with_windows_run,without_windows_run,mean_with_windows_abs_error,std_with_windows_abs_error,mean_without_windows_abs_error,std_without_windows_abs_error,mean_error_difference_with_minus_without,median_error_difference_with_minus_without,std_error_difference_with_minus_without,better_window_condition_by_mean,paired_t_p_value,wilcoxon_p_value,cohen_dz_with_minus_without,bootstrap_mean_diff_ci_low,bootstrap_mean_diff_ci_high
query_point,15.0,True,75,with_windows_removed_15pct,without_windows_removed_15pct,5.36,5.743715719834181,6.1066666666666665,5.298070360947422,-0.7466666666666667,-1.0,7.076977010249758,with_windows,0.3638354014998664,0.26951318510664113,-0.10550644231078485,-2.3466666666666667,0.84
query_point,30.0,True,150,with_windows_removed_30pct,without_windows_removed_30pct,6.74,5.750319512570088,6.226666666666667,5.648717460498964,0.5133333333333333,1.0,7.952659144716049,without_windows,0.4304595090819556,0.18823970237736087,0.06454864014565558,-0.7466666666666667,1.7866666666666666
query_point,45.0,True,225,with_windows_removed_45pct,without_windows_removed_45pct,7.942222222222222,6.98475664549778,6.906666666666666,5.792174523811045,1.0355555555555556,0.0,8.48678477829006,without_windows,0.06853440630436576,0.12491215428605659,0.12201977340165353,-0.044444444444444446,2.151222222222221
query_point,60.0,True,300,with_windows_removed_60pct,without_windows_removed_60pct,6.783333333333333,5.903039483126756,6.733333333333333,5.289184606492834,0.05,0.0,7.816509840520673,without_windows,0.9118537297474665,0.8079991739023815,0.006396716823767141,-0.8133333333333334,0.9100833333333321
query_point,75.0,True,375,with_windows_removed_75pct,without_windows_removed_75pct,10.133333333333333,8.184590538422794,9.050666666666666,7.781446007059634,1.0826666666666667,0.0,10.102209920422972,without_windows,0.03863597860987254,0.08621103045347663,0.10717126996914911,0.08266666666666667,2.1066666666666665
