method,removal_percent,missing_only,n_pairs,with_windows_run,without_windows_run,mean_with_windows_abs_error,std_with_windows_abs_error,mean_without_windows_abs_error,std_without_windows_abs_error,mean_error_difference_with_minus_without,median_error_difference_with_minus_without,std_error_difference_with_minus_without,better_window_condition_by_mean,paired_t_p_value,wilcoxon_p_value,cohen_dz_with_minus_without,bootstrap_mean_diff_ci_low,bootstrap_mean_diff_ci_high
query_point,0.0,False,500,with_windows_original,without_windows_original,1.632,3.332685040497874,1.53,3.3327638124023307,0.102,0.0,4.7371380551877325,without_windows,0.6303936432358758,0.6599058908308808,0.021531988050949413,-0.304,0.52
query_point,15.0,False,500,with_windows_removed_15pct,without_windows_removed_15pct,2.698,4.909889002822781,2.428,4.383977019672666,0.27,0.0,6.182033247252904,without_windows,0.3292396314737974,0.5542928076020324,0.0436749511368253,-0.28204999999999997,0.82
query_point,30.0,False,500,with_windows_removed_30pct,without_windows_removed_30pct,3.53,5.101485107358562,3.452,5.710421510506498,0.078,0.0,7.275560704655983,without_windows,0.8106419735366049,0.269195703863758,0.010720823200620679,-0.58005,0.7100499999999992
query_point,45.0,False,500,with_windows_removed_45pct,without_windows_removed_45pct,4.982,6.599756781818427,4.438,5.65279259554572,0.544,0.0,7.733283348144265,without_windows,0.11635995110236537,0.2590436223710504,0.07034528227011652,-0.13,1.2140499999999992
query_point,60.0,False,500,with_windows_removed_60pct,without_windows_removed_60pct,5.16,5.821527321993898,5.082,5.497975214833716,0.078,0.0,7.488930776041175,without_windows,0.81593859421663,0.9448849406917309,0.010415372011387803,-0.574,0.7341499999999977
query_point,75.0,False,500,with_windows_removed_75pct,without_windows_removed_75pct,8.754,8.202929971677223,7.694,7.763562959082594,1.06,0.0,9.771969236828934,without_windows,0.015639231347723544,0.04697520963410741,0.10847353018724575,0.232,1.9400499999999992
