run,n_missing_people,best_person,best_true_age,best_pred_age,best_error,best_abs_error,worst_person,worst_true_age,worst_pred_age,worst_error,worst_abs_error,mean_abs_error,median_abs_error,max_abs_error,mean_error
every_2_removed,250,person319,64,63.9861946105957,-0.013805389404296875,0.013805389404296875,person105,83,94.29234313964844,11.292343139648438,11.292343139648438,3.2723153457641603,2.7994232177734375,11.292343139648438,-0.32844191741943357
every_3_removed,167,person271,88,88.02067565917969,0.0206756591796875,0.0206756591796875,person180,12,22.238168716430664,10.238168716430664,10.238168716430664,2.8111818736184855,2.388397216796875,10.238168716430664,-0.2948721697230539
every_4_removed,125,person365,96,95.99170684814453,-0.00829315185546875,0.00829315185546875,person127,100,91.22588348388672,-8.774116516113281,8.774116516113281,2.7711831817626953,2.4898605346679688,8.774116516113281,-0.04600721740722656
every_5_removed,100,person305,32,31.99602508544922,-0.00397491455078125,0.00397491455078125,person3,46,37.783809661865234,-8.216190338134766,8.216190338134766,2.399732093811035,2.0217056274414062,8.216190338134766,-0.37855682373046873
every_6_removed,83,person47,46,45.9400634765625,-0.0599365234375,0.0599365234375,person77,82,90.03981018066406,8.039810180664062,8.039810180664062,2.5221775008971434,2.190807342529297,8.039810180664062,0.4330083088702466
every_7_removed,72,person485,31,31.03938102722168,0.03938102722167969,0.03938102722167969,person149,41,47.86107635498047,6.861076354980469,6.861076354980469,2.387531386481391,1.9805526733398438,6.861076354980469,0.020733621385362413
every_8_removed,62,person69,79,79.02812194824219,0.0281219482421875,0.0281219482421875,person150,5,14.315147399902344,9.315147399902344,9.315147399902344,2.5439989951349076,1.7843494415283203,9.315147399902344,0.006371251998409148
