run,n_people,best_person,best_true_age,best_pred_age,best_error,best_abs_error,worst_person,worst_true_age,worst_pred_age,worst_error,worst_abs_error,mean_abs_error,median_abs_error,max_abs_error,mean_error
every_2_removed,500,person20,94,93.99934387207031,-0.0006561279296875,0.0006561279296875,person105,83,94.29234313964844,11.292343139648438,11.292343139648438,1.75352494430542,0.4794158935546875,11.292343139648438,-0.16422100448608398
every_3_removed,500,person171,67,67.0006103515625,0.0006103515625,0.0006103515625,person180,12,22.238168716430664,10.238168716430664,10.238168716430664,1.2733922271728515,0.6334953308105469,10.238168716430664,-0.09848599243164062
every_4_removed,500,person420,7,7.0007171630859375,0.0007171630859375,0.0007171630859375,person127,100,91.22588348388672,-8.774116516113281,8.774116516113281,1.1789219284057617,0.6909713745117188,8.774116516113281,-0.011500930786132813
every_5_removed,500,person221,46,45.99998092651367,-1.9073486328125e-05,1.9073486328125e-05,person3,46,37.783809661865234,-8.216190338134766,8.216190338134766,1.0051849212646484,0.6440086364746094,8.216190338134766,-0.07571277618408204
every_6_removed,500,person202,86,85.99986267089844,-0.0001373291015625,0.0001373291015625,person77,82,90.03981018066406,8.039810180664062,8.039810180664062,1.0080309982299804,0.6680202484130859,8.039810180664062,0.07188056182861328
every_7_removed,500,person227,39,39.00639343261719,0.0063934326171875,0.0063934326171875,person149,41,47.86107635498047,6.861076354980469,6.861076354980469,1.0581319732666015,0.8117494583129883,6.861076354980469,0.002986122131347656
every_8_removed,500,person140,83,83.00084686279297,0.00084686279296875,0.00084686279296875,person150,5,14.315147399902344,9.315147399902344,9.315147399902344,0.9889076347351075,0.6838035583496094,9.315147399902344,0.0007888221740722656
original,500,person382,4,3.9994850158691406,-0.000514984130859375,0.000514984130859375,person474,27,23.47343635559082,-3.5265636444091797,3.5265636444091797,0.8837366943359375,0.7891139984130859,3.5265636444091797,7.171630859375e-07
