run,n_pairs,missing_only,mean_query_abs_error,mean_learning_abs_error,mean_error_difference_query_minus_learning,median_error_difference_query_minus_learning,better_method_by_mean,paired_t_stat,paired_t_p_value,wilcoxon_stat,wilcoxon_p_value,cohen_dz_query_minus_learning,bootstrap_mean_diff_ci_low,bootstrap_mean_diff_ci_high
every_2_removed,500,False,4.664,1.75352494430542,2.91047505569458,0.8202495574951172,learning,12.270930949431195,1.9598980593856288e-30,33243.0,9.89972962833685e-20,0.5487727150026837,2.450147078418732,3.380529159736633
every_3_removed,500,False,3.246,1.2733922271728515,1.9726077728271485,-0.1071662902832031,learning,9.699229973459113,1.7109299993378556e-20,47352.0,2.3002594743465245e-06,0.43376275100116113,1.5770744283676146,2.3896331288337707
every_4_removed,500,False,2.952,1.1789219284057617,1.7730780715942382,-0.17440223693847656,learning,9.12723616570084,1.7403077468314157e-18,50265.0,0.0001313728792966735,0.4081824102640322,1.3999505235671998,2.1628559922218322
every_5_removed,500,False,2.786,1.0051849212646484,1.7808150787353516,-0.1791324615478515,learning,8.792068687747296,2.3858637392001943e-17,55406.0,0.025524188651712666,0.3931932649730065,1.3989464966773988,2.1852122280120847
every_6_removed,500,False,2.54,1.0080309982299804,1.5319690017700196,-0.23082828521728516,learning,8.520868873474132,1.886078872685572e-16,53328.5,0.004026203514994175,0.3810648405690043,1.1889357392311095,1.8896095930099486
every_7_removed,500,False,2.492,1.0581319732666015,1.4338680267333985,-0.32308864593505854,learning,7.449472657002028,4.1564037256531847e-13,60388.0,0.4888926925944319,0.3331505451516501,1.0614738313674927,1.8055110461235044
every_8_removed,500,False,2.698,0.9889076347351075,1.7090923652648926,-0.2888622283935547,learning,8.311191204982737,9.033549173626807e-16,56272.0,0.0493613544796348,0.3716877701667957,1.3187993098258972,2.121423868846893
original,500,False,1.986,0.8837366943359375,1.1022633056640625,-0.4320259094238281,learning,6.141597325476337,1.6697085088067833e-09,57314.0,0.10036457502720396,0.27466058220391987,0.7701767910003662,1.4691775156021118
