run,n_pairs,missing_only,mean_query_abs_error,mean_learning_abs_error,mean_error_difference_query_minus_learning,median_error_difference_query_minus_learning,better_method_by_mean,paired_t_stat,paired_t_p_value,wilcoxon_stat,wilcoxon_p_value,cohen_dz_query_minus_learning,bootstrap_mean_diff_ci_low,bootstrap_mean_diff_ci_high
every_2_removed,250,True,6.688,3.2723153457641603,3.41568465423584,2.487908363342285,learning,8.952281631224293,8.266453725045299e-17,7138.0,8.019474044784094e-14,0.5661920041991264,2.671942064666748,4.151044202041626
every_3_removed,167,True,6.0359281437125745,2.8111818736184855,3.224746270094089,1.9124374389648438,learning,7.418375877225825,5.81857116627672e-12,3134.0,5.64100374554334e-10,0.5740511601468151,2.361982884092959,4.082404240305552
every_4_removed,125,True,6.024,2.7711831817626953,3.2528168182373047,2.3129615783691406,learning,7.230843901856632,4.3373223802329923e-11,1492.0,1.685434036948552e-09,0.6467463399696499,2.3960323081970216,4.167774168014526
every_5_removed,100,True,5.64,2.399732093811035,3.240267906188965,1.978294372558594,learning,6.200674567248366,1.3038743186778679e-08,1015.0,2.081917811106984e-07,0.6200674567248367,2.235535409927368,4.316926959991454
every_6_removed,83,True,5.831325301204819,2.5221775008971434,3.309147800307676,2.87166976928711,learning,5.995407388525713,5.225768109927271e-08,606.0,2.441521664930129e-07,0.6580814553382468,2.2592346398227185,4.421876756254448
every_7_removed,72,True,5.972222222222222,2.387531386481391,3.5846908357408314,2.294281005859375,learning,5.420905616883597,7.734259311531724e-07,508.0,6.096205127813135e-06,0.638859853645106,2.3298228793674047,4.889877780278523
every_8_removed,62,True,5.403225806451613,2.5439989951349076,2.8592268113167054,1.3459434509277342,learning,4.6573896652989974,1.780256896698147e-05,365.0,1.8088141127417848e-05,0.5914890789823473,1.695541274163031,4.083837829866717
