run,n_people,best_person,best_true_age,best_pred_age,best_error,best_abs_error,worst_person,worst_true_age,worst_pred_age,worst_error,worst_abs_error,mean_top1_abs_error,median_top1_abs_error,mean_top1_avg_abs_error,mean_top2_avg_abs_error,mean_top3_avg_abs_error,mean_top4_avg_abs_error,mean_top5_avg_abs_error,mean_top6_avg_abs_error,mean_top7_avg_abs_error,mean_top8_avg_abs_error,mean_top9_avg_abs_error,mean_top10_avg_abs_error
every_2_removed,500,person99,94.0,94.0,0.0,0.0,person292,41.0,70.0,29.0,29.0,4.664,3.0,4.664,4.707,4.418,4.4505,4.3508000000000004,4.402,4.464285714285715,4.414,4.344222222222221,4.256200000000001
every_3_removed,500,person149,41.0,41.0,0.0,0.0,person415,70.0,91.0,21.0,21.0,3.246,0.0,3.246,4.093,3.992666666666667,3.647,3.7116000000000002,3.751666666666667,3.7002857142857146,3.75675,3.784,3.8415999999999992
every_4_removed,500,person269,18.0,18.0,0.0,0.0,person44,65.0,39.0,-26.0,26.0,2.952,0.0,2.952,3.897,3.7453333333333334,3.681,3.7188,3.708666666666666,3.7194285714285718,3.7815,3.767555555555555,3.7284000000000006
every_5_removed,500,person31,19.0,19.0,0.0,0.0,person340,76.0,53.0,-23.0,23.0,2.786,0.0,2.786,4.305,4.295333333333334,4.2555,4.289200000000001,4.237333333333334,4.21057142857143,4.219,4.185555555555555,4.243600000000001
every_6_removed,500,person419,24.0,24.0,0.0,0.0,person398,68.0,91.0,23.0,23.0,2.54,0.0,2.54,3.663,3.746666666666667,3.684,3.6724,3.711666666666667,3.57,3.601,3.610888888888889,3.5328000000000004
every_7_removed,500,person81,2.0,2.0,0.0,0.0,person385,76.0,51.0,-25.0,25.0,2.492,0.0,2.492,4.16,4.14,3.989,4.0564,4.088666666666667,3.894285714285714,3.86025,3.8535555555555554,3.8581999999999996
every_8_removed,500,person405,80.0,80.0,0.0,0.0,person387,82.0,59.0,-23.0,23.0,2.698,0.0,2.698,4.104,3.836,3.7345,3.6275999999999997,3.571666666666666,3.5017142857142853,3.4805,3.576,3.6804
original,500,person338,53.0,53.0,0.0,0.0,person465,59.0,85.0,26.0,26.0,1.986,0.0,1.986,3.719,3.7473333333333336,3.909,3.6256,3.58,3.5874285714285716,3.5765,3.584222222222222,3.6752
