run,n_missing_people,best_person,best_true_age,best_pred_age,best_error,best_abs_error,worst_person,worst_true_age,worst_pred_age,worst_error,worst_abs_error,mean_top1_abs_error,median_top1_abs_error,mean_top1_avg_abs_error,mean_top2_avg_abs_error,mean_top3_avg_abs_error,mean_top4_avg_abs_error,mean_top5_avg_abs_error,mean_top6_avg_abs_error,mean_top7_avg_abs_error,mean_top8_avg_abs_error,mean_top9_avg_abs_error,mean_top10_avg_abs_error
every_2_removed,250,person109,91.0,91.0,0.0,0.0,person292,41.0,70.0,29.0,29.0,6.688,5.0,6.688,5.452,4.842666666666666,4.749,4.5952,4.602666666666668,4.652571428571428,4.576,4.552888888888889,4.4432
every_3_removed,167,person139,91.0,91.0,0.0,0.0,person289,52.0,31.0,-21.0,21.0,6.0359281437125745,5.0,6.0359281437125745,5.077844311377246,4.612774451097804,4.097305389221557,4.007185628742516,3.9331337325349303,4.063301967493584,4.0553892215568865,4.007984031936129,3.9814371257485024
every_4_removed,125,person131,47.0,47.0,0.0,0.0,person62,74.0,95.0,21.0,21.0,6.024,5.0,6.024,4.948,4.277333333333333,4.334,4.1648,4.201333333333333,4.221714285714286,4.242,4.27111111111111,4.090400000000001
every_5_removed,100,person0,86.0,86.0,0.0,0.0,person335,33.0,55.0,22.0,22.0,5.64,5.0,5.64,5.37,5.09,4.93,4.659999999999999,4.611666666666666,4.578571428571428,4.4875,4.258888888888889,4.297000000000001
every_6_removed,83,person130,57.0,57.0,0.0,0.0,person398,68.0,91.0,23.0,23.0,5.831325301204819,5.0,5.831325301204819,4.728915662650603,4.21285140562249,4.063253012048193,4.224096385542168,4.333333333333334,4.1824440619621335,4.191265060240964,4.074966532797859,4.075903614457832
every_7_removed,72,person119,92.0,92.0,0.0,0.0,person196,54.0,36.0,-18.0,18.0,5.972222222222222,5.0,5.972222222222222,5.673611111111111,4.800925925925926,4.684027777777778,4.583333333333333,4.456018518518519,4.1269841269841265,3.9618055555555554,3.9537037037037033,3.841666666666667
every_8_removed,62,person169,7.0,7.0,0.0,0.0,person350,80.0,59.0,-21.0,21.0,5.403225806451613,4.5,5.403225806451613,4.491935483870968,4.553763440860216,4.193548387096774,3.9161290322580635,3.728494623655914,3.850230414746544,4.01008064516129,3.996415770609318,4.169354838709677
